date,open_price,high_price,low_price,close_price,wap,shares,trades,turnover,deliverable_qty,deli_pct,spread_high_low,spread_close_open,stock,raw_close,daily_return,ma20,ma50,signal
2015-01-01,2430.0,2462.0,2430.0,2454.1,2448.6256665160413,11065,1591,27094043.0,2656.0,24.0,32.0,24.1,Bajaj Auto,2454.1,,,,
2015-01-02,2452.8,2475.2,2434.0,2453.5,2453.2584625118634,12644,2205,31019000.0,3078.0,24.34,41.2,0.7,Bajaj Auto,2453.5,-0.02444888146366786,,,
2015-01-05,2451.0,2479.6,2450.7,2460.15,2464.740144447788,19938,2573,49141989.0,5012.0,25.14,28.9,9.15,Bajaj Auto,2460.15,0.27104136947218027,,,
2015-01-06,2460.15,2466.0,2429.15,2440.35,2442.209238143656,13769,2405,33626779.0,4643.0,33.72,36.85,-19.8,Bajaj Auto,2440.35,-0.8048289738430636,,,
2015-01-07,2433.35,2474.5,2433.35,2447.2,2453.4338145896654,13160,2404,32287189.0,3166.0,24.06,41.15,13.85,Bajaj Auto,2447.2,0.2806974409408358,,,
2015-01-08,2437.05,2464.6,2437.05,2450.05,2448.770428374021,21710,2603,53162806.0,6662.0,30.69,27.55,13.0,Bajaj Auto,2450.05,0.11645962732920179,,,
2015-01-09,2462.7,2466.0,2350.4,2381.5,2390.9089361144765,30539,4474,73015968.0,11802.0,38.65,115.6,-81.2,Bajaj Auto,2381.5,-2.7979020836309543,,,
2015-01-12,2383.0,2383.0,2323.3,2333.25,2343.6662698243967,23519,3558,55120687.0,7649.0,32.52,59.7,-49.75,Bajaj Auto,2333.25,-2.0260340121772025,,,
2015-01-13,2340.9,2356.85,2319.0,2326.25,2333.9222355547354,21668,3076,50571427.0,6324.0,29.19,37.85,-14.65,Bajaj Auto,2326.25,-0.30001071466838614,,,
2015-01-14,2325.5,2370.0,2325.5,2363.65,2357.876332961961,12566,2431,29629074.0,3352.0,26.68,44.5,38.15,Bajaj Auto,2363.65,1.6077377753895838,,,
2015-01-15,2370.0,2435.0,2359.25,2417.95,2411.0856147431746,105052,13183,253289366.0,19836.0,18.88,75.75,47.95,Bajaj Auto,2417.95,2.297294438685915,,,
2015-01-16,2406.55,2439.9,2395.2,2420.05,2419.9687116735536,1183093,3230,2863048043.0,1164284.0,98.41,44.7,13.5,Bajaj Auto,2420.05,0.08685043115037594,,,
2015-01-19,2418.0,2429.2,2399.95,2411.3,2407.564473153008,12385,1599,29817686.0,4330.0,34.96,29.25,-6.7,Bajaj Auto,2411.3,-0.3615627776285657,,,
2015-01-20,2413.85,2420.0,2377.9,2411.05,2401.4388208453406,16656,2228,39998365.0,5411.0,32.49,42.1,-2.8,Bajaj Auto,2411.05,-0.010367851366477332,,,
2015-01-21,2401.3,2458.95,2401.25,2442.0,2441.2280298859614,254300,3508,620804288.0,4988.0,1.96,57.7,40.7,Bajaj Auto,2442.0,1.2836730884884018,,,
2015-01-22,2476.95,2489.0,2434.0,2438.9,2457.0535230352302,25092,3798,61652387.0,6987.0,27.85,55.0,-38.05,Bajaj Auto,2438.9,-0.1269451269451216,,,
2015-01-23,2450.0,2474.0,2421.0,2442.2,2444.7792030567684,25648,4119,62703697.0,10107.0,39.41,53.0,-7.8,Bajaj Auto,2442.2,0.13530690065193252,,,
2015-01-27,2441.5,2441.5,2386.4,2417.55,2405.6001212541137,34638,5165,83325177.0,13938.0,40.24,55.1,-23.95,Bajaj Auto,2417.55,-1.0093358447301415,,,
2015-01-28,2436.05,2436.05,2381.0,2396.9,2397.8513871301943,17374,2395,41660270.0,5664.0,32.6,55.05,-39.15,Bajaj Auto,2396.9,-0.8541705445595738,,,
2015-01-29,2396.0,2415.0,2377.0,2402.7,2395.026617447056,15441,2202,36981606.0,4378.0,28.35,38.0,6.7,Bajaj Auto,2402.7,0.24197922316324671,2415.5299999999997,,
2015-01-30,2406.45,2414.0,2375.0,2389.35,2387.314834279308,14271,2562,34069370.0,4255.0,29.82,39.0,-17.1,Bajaj Auto,2389.35,-0.5556249219627829,2412.2925,,
2015-02-02,2390.0,2420.05,2325.0,2347.8,2351.541097312788,24077,4569,56618055.0,6876.0,28.56,95.05,-42.2,Bajaj Auto,2347.8,-1.7389666645740376,2407.0075,,
2015-02-03,2356.0,2356.0,2257.0,2260.1,2273.6496159754224,45570,7684,103610213.0,17211.0,37.77,99.0,-95.9,Bajaj Auto,2260.1,-3.73541187494677,2397.005,,
2015-02-04,2272.0,2272.0,2231.5,2247.55,2247.446500054095,18486,2735,41546296.0,3497.0,18.92,40.5,-24.45,Bajaj Auto,2247.55,-0.5552851643732426,2387.3650000000002,,
2015-02-05,2255.55,2270.0,2238.0,2243.05,2251.383599306676,16731,2560,37667899.0,3250.0,19.43,32.0,-12.5,Bajaj Auto,2243.05,-0.20021801517207116,2377.1575,,
2015-02-06,2245.3,2255.15,2216.8,2228.25,2230.7064730335255,18523,3148,41319376.0,3771.0,20.36,38.35,-17.05,Bajaj Auto,2228.25,-0.659815875704961,2366.0675,,
2015-02-09,2217.7,2273.2,2197.55,2267.55,2255.6372417268603,23812,4376,53711234.0,8734.0,36.68,75.65,49.85,Bajaj Auto,2267.55,1.7637159205654784,2360.37,,
2015-02-10,2258.7,2276.4,2239.0,2266.5,2264.27646914489,16302,2397,36912235.0,1983.0,12.16,37.4,7.8,Bajaj Auto,2266.5,-0.046305483892317145,2357.0325000000003,,
2015-02-11,2266.5,2303.0,2255.0,2291.95,2282.7501082208487,25411,2735,58006963.0,7713.0,30.35,48.0,25.45,Bajaj Auto,2291.95,1.1228766821089753,2355.3175,,
2015-02-12,2292.0,2313.0,2253.0,2260.65,2281.369776698856,56023,5901,127809179.0,26810.0,47.86,60.0,-31.35,Bajaj Auto,2260.65,-1.3656493379000323,2350.1675,,
2015-02-13,2279.75,2280.0,2248.9,2261.75,2260.8095964183753,30824,2618,69687195.0,16103.0,52.24,31.1,-18.0,Bajaj Auto,2261.75,0.04865857164975118,2342.3575,,
2015-02-16,2256.0,2274.0,2256.0,2261.7,2264.4022856045326,20826,1840,47158442.0,11328.0,54.39,18.0,5.7,Bajaj Auto,2261.7,-0.0022106775726893346,2334.44,,
2015-02-18,2265.0,2265.0,2230.4,2240.65,2240.9181217155447,23596,2527,52876704.0,8168.0,34.62,34.6,-24.35,Bajaj Auto,2240.65,-0.9307158332227838,2325.9075,,
2015-02-19,2246.0,2247.0,2200.1,2223.4,2217.114979355904,30275,3849,67123156.0,8601.0,28.41,46.9,-22.6,Bajaj Auto,2223.4,-0.7698658871309716,2316.525,,
2015-02-20,2231.3,2240.0,2202.35,2209.3,2221.1054974635053,28977,2840,64360974.0,12756.0,44.02,37.65,-22.0,Bajaj Auto,2209.3,-0.63416389313663,2304.8900000000003,,
2015-02-23,2220.5,2224.0,2171.0,2184.75,2190.7878036929055,20580,3408,45086413.0,8039.0,39.06,53.0,-35.75,Bajaj Auto,2184.75,-1.1112116960123153,2292.1825,,
2015-02-24,2185.0,2202.65,2171.45,2191.95,2191.5862841945286,26320,2977,57682551.0,11825.0,44.93,31.2,6.95,Bajaj Auto,2191.95,0.32955715756950443,2279.67,,
2015-02-25,2218.0,2218.0,2174.35,2180.8,2182.929486263867,21003,1598,45848068.0,12626.0,60.12,43.65,-37.2,Bajaj Auto,2180.8,-0.5086794863021327,2267.8325,,
2015-02-26,2175.6,2177.55,2127.5,2134.95,2139.007100282143,53519,5446,114477521.0,32358.0,60.46,50.05,-40.65,Bajaj Auto,2134.95,-2.1024394717535033,2254.7349999999997,,
2015-02-27,2145.9,2159.0,2105.0,2150.45,2105.9815425066604,2011920,6907,4237066385.0,1971610.0,98.0,54.0,4.55,Bajaj Auto,2150.45,0.7260123187896594,2242.1225000000004,,
2015-02-28,2173.0,2190.0,2126.7,2161.8,2157.904585969612,64959,6140,140175324.0,15324.0,23.59,63.3,-11.2,Bajaj Auto,2161.8,0.5277965077077118,2230.745,,
2015-03-02,2161.4,2204.0,2051.0,2074.75,2096.2398714473675,139087,14268,291559715.0,45244.0,32.53,153.0,-86.65,Bajaj Auto,2074.75,-4.0267369784439015,2217.0924999999997,,
2015-03-03,2069.8,2122.5,2053.0,2116.15,2099.6992006540104,22018,3177,46231177.0,5440.0,24.71,69.5,46.35,Bajaj Auto,2116.15,1.9954211350765139,2209.895,,
2015-03-04,2126.7,2140.0,2112.0,2122.1,2123.150921213953,59541,3909,126414529.0,39565.0,66.45,28.0,-4.6,Bajaj Auto,2122.1,0.28117099449471716,2203.6225,,
2015-03-05,2130.0,2137.8,2108.0,2120.35,2120.3435631229236,24080,1589,51057873.0,14969.0,62.16,29.8,-9.65,Bajaj Auto,2120.35,-0.08246548230526063,2197.4875,,
2015-03-09,2123.0,2150.5,2093.8,2113.1,2130.9792966322852,40235,3735,85739952.0,18410.0,45.76,56.7,-9.9,Bajaj Auto,2113.1,-0.34192468224585326,2191.73,,
2015-03-10,2120.0,2155.0,2110.45,2128.95,2140.058682413729,27095,4957,57984890.0,10255.0,37.85,44.55,8.95,Bajaj Auto,2128.95,0.750082816714781,2184.8,,
2015-03-11,2144.95,2148.0,2090.0,2099.0,2119.4069477001117,26023,3333,55153327.0,11823.0,45.43,58.0,-45.95,Bajaj Auto,2099.0,-1.4067967777542822,2176.425,,
2015-03-12,2106.0,2113.1,2073.0,2077.85,2081.4454495750283,20119,2678,41876601.0,7926.0,39.4,40.1,-28.15,Bajaj Auto,2077.85,-1.0076226774654695,2165.7200000000003,,
2015-03-13,2081.6,2084.15,2011.8,2022.9,2035.1168384879725,63147,6917,128511523.0,34831.0,55.16,72.35,-58.7,Bajaj Auto,2022.9,-2.644560483191749,2153.8325,2283.8,
2015-03-16,2035.0,2059.9,2011.0,2030.25,2038.3374600796435,25363,3089,51698353.0,7863.0,31.0,48.9,-4.75,Bajaj Auto,2030.25,0.363339759750847,2142.2575,2275.323,
2015-03-17,2035.0,2056.0,2030.0,2045.65,2043.7394654761176,16351,1876,33417184.0,5622.0,34.38,26.0,10.65,Bajaj Auto,2045.65,0.7585272749661476,2131.455,2267.1659999999997,
2015-03-18,2042.0,2050.8,2025.1,2034.55,2046.7239314400456,55776,2031,114158074.0,44851.0,80.41,25.7,-7.45,Bajaj Auto,2034.55,-0.5426148168063971,2121.1499999999996,2258.654,
2015-03-19,2036.0,2047.35,2021.35,2024.4,2032.0947097821677,51737,5095,105134484.0,34249.0,66.2,26.0,-11.6,Bajaj Auto,2024.4,-0.4988818166179132,2111.2,2250.335,
2015-03-20,2024.0,2033.75,2008.5,2021.35,2021.323477447516,19244,2477,38898349.0,7190.0,37.36,25.25,-2.65,Bajaj Auto,2021.35,-0.15066192452085625,2101.8025,2241.8179999999998,
2015-03-23,2016.2,2041.7,2014.6,2032.75,2033.1931957917748,36595,4820,74404705.0,18267.0,49.92,27.1,16.55,Bajaj Auto,2032.75,0.5639795186385355,2094.2025,2233.4719999999998,
2015-03-24,2036.55,2042.55,2020.5,2027.9,2027.9988557417244,12235,1781,24812566.0,3486.0,28.49,22.05,-8.65,Bajaj Auto,2027.9,-0.2385930389865898,2086.0,2226.4,
2015-03-25,2034.0,2034.0,2010.85,2017.85,2017.8544518730764,18846,2246,38028485.0,4935.0,26.19,23.15,-16.15,Bajaj Auto,2017.85,-0.49558656738498685,2077.8525,2220.0919999999996,
2015-03-26,2018.0,2031.0,1976.2,2001.75,2005.9546671150908,71361,3879,143146931.0,48786.0,68.37,54.8,-16.25,Bajaj Auto,2001.75,-0.7978789305448819,2071.1925,2213.602,
2015-03-27,2010.0,2022.45,1978.0,2017.15,2003.3477418521547,46454,6804,93063516.0,27729.0,59.69,44.45,7.15,Bajaj Auto,2017.15,0.7693268390158714,2064.5274999999997,2206.672,
2015-03-30,2023.0,2043.25,1998.45,2023.75,2021.7145689528563,13618,2415,27531709.0,3569.0,26.21,44.8,0.75,Bajaj Auto,2023.75,0.3271943088020146,2057.625,2198.788,
2015-03-31,2032.45,2032.95,2007.0,2017.35,2014.2865288078167,48407,2206,97505568.0,35824.0,74.01,25.95,-15.1,Bajaj Auto,2017.35,-0.3162445954292825,2054.755,2190.734,
2015-04-01,2016.0,2029.65,2005.0,2018.65,2018.3676877812393,11556,1725,23324257.0,2185.0,18.91,24.65,2.65,Bajaj Auto,2018.65,0.06444097454583186,2049.88,2182.881,
2015-04-06,2021.0,2039.05,1994.0,2031.35,2013.8970208845208,32560,4016,65572487.0,9402.0,28.88,45.05,10.35,Bajaj Auto,2031.35,0.6291333316820635,2045.3425,2175.287,
2015-04-07,2034.8,2100.0,2027.2,2093.0,2080.1505409060173,29580,4094,61530853.0,11080.0,37.46,72.8,58.2,Bajaj Auto,2093.0,3.0349275112609986,2043.975,2168.307,
2015-04-08,2090.8,2128.35,2084.25,2104.75,2105.9560413047675,20724,2942,43643833.0,3951.0,19.06,44.1,13.95,Bajaj Auto,2104.75,0.5613951266125072,2043.5574999999997,2161.624,
2015-04-09,2125.0,2125.0,2080.3,2097.25,2095.808587479936,9968,1607,20891020.0,2661.0,26.7,44.7,-27.75,Bajaj Auto,2097.25,-0.3563368571089187,2041.9724999999999,2154.725,
2015-04-10,2100.0,2104.95,2080.0,2100.6,2094.5580322828596,13010,1845,27250200.0,2127.0,16.35,24.95,0.6,Bajaj Auto,2100.6,0.15973298366909194,2042.0525000000002,2148.386,
2015-04-13,2102.0,2141.0,2083.1,2100.45,2095.2846196972528,16053,2648,33635604.0,3003.0,18.71,57.9,-1.55,Bajaj Auto,2100.45,-0.007140816909456671,2043.1825000000001,2142.4570000000003,
2015-04-15,2100.0,2103.0,2061.2,2077.8,2083.283816162056,22955,2503,47821780.0,11178.0,48.7,41.8,-22.2,Bajaj Auto,2077.8,-1.0783403556380633,2045.9275000000002,2135.959,
2015-04-16,2070.0,2093.7,2051.15,2086.7,2074.7810097385955,15608,2618,32383182.0,3127.0,20.03,42.55,16.7,Bajaj Auto,2086.7,0.4283376648377857,2048.75,2129.906,
2015-04-17,2066.75,2078.9,2040.05,2065.7,2059.7092362875505,13382,2479,27563029.0,3892.0,29.08,38.85,-1.05,Bajaj Auto,2065.7,-1.0063737001006379,2049.7524999999996,2124.264,
2015-04-20,2070.0,2082.75,2002.9,2018.5,2046.5182009160724,29037,4629,59424749.0,11288.0,38.87,79.85,-51.5,Bajaj Auto,2018.5,-2.2849397298736474,2048.95,2119.432,
2015-04-21,2020.5,2055.3,1985.0,1992.95,2010.3947908887228,21424,3148,43070698.0,4482.0,20.92,70.3,-27.55,Bajaj Auto,1992.95,-1.2657914292791617,2047.3775,2114.34,
2015-04-22,1992.0,2019.2,1948.4,1988.5,1981.9189265803648,31749,4107,62923944.0,8896.0,28.02,70.8,-3.5,Bajaj Auto,1988.5,-0.22328708698161615,2045.7350000000001,2109.249,
2015-04-23,1997.0,2016.6,1974.0,1991.4,1991.5796350794585,16990,2975,33836938.0,5400.0,31.78,42.6,-5.6,Bajaj Auto,1991.4,0.14583857178778192,2043.6675000000002,2104.512,
2015-04-24,1992.0,2006.7,1965.0,1996.85,1988.7312835529528,20490,2512,40749104.0,5944.0,29.01,41.7,4.85,Bajaj Auto,1996.85,0.2736768102842069,2042.1150000000002,2099.098,
2015-04-27,1998.4,2015.0,1972.0,1990.55,1991.4803188839064,14049,2411,27978307.0,2205.0,15.7,43.0,-7.85,Bajaj Auto,1990.55,-0.3154969076295089,2040.75,2093.5789999999997,
2015-04-28,1984.45,2000.85,1947.85,1990.55,1986.6355433130695,10528,1586,20915299.0,2257.0,21.44,53.0,6.1,Bajaj Auto,1990.55,0.0,2040.19,2087.551,
2015-04-29,1998.85,1998.9,1971.05,1978.1,1982.5142564452792,5857,1093,11611586.0,1592.0,27.18,27.85,-20.75,Bajaj Auto,1978.1,-0.6254552761799537,2038.2375,2081.9,
2015-04-30,1980.0,1980.0,1913.8,1949.4,1942.4243057629144,36839,5107,71556969.0,6135.0,16.65,66.2,-30.6,Bajaj Auto,1949.4,-1.4508872150042929,2034.52,2075.653,
2015-05-04,1955.0,2102.05,1938.25,2093.7,2044.7398600764247,88191,10223,180327653.0,21259.0,24.11,163.8,138.7,Bajaj Auto,2093.7,7.402277623884257,2038.3375,2072.2929999999997,
2015-05-05,2100.0,2100.0,2031.0,2063.35,2058.0765639144315,20989,3109,43196969.0,4083.0,19.45,69.0,-36.65,Bajaj Auto,2063.35,-1.449586855805507,2040.5725000000002,2068.7470000000003,
2015-05-06,2059.85,2059.85,2016.8,2020.25,2033.754100275688,42802,5887,87048743.0,15413.0,36.01,43.05,-39.6,Bajaj Auto,2020.25,-2.088836116024906,2040.0175000000004,2064.6839999999997,
2015-05-07,2013.4,2089.0,2010.0,2067.0,2067.157113701616,28909,4162,59759445.0,4799.0,16.6,79.0,53.6,Bajaj Auto,2067.0,2.3140700408365245,2038.7175000000002,2061.838,
2015-05-08,2063.0,2150.4,2054.95,2129.35,2125.6313917296575,49478,8599,105171990.0,15354.0,31.03,95.45,66.35,Bajaj Auto,2129.35,3.016448959845186,2039.9475000000002,2060.73,
2015-05-11,2137.0,2190.45,2137.0,2182.1,2174.393786211456,25717,2439,55918885.0,5645.0,21.95,53.45,45.1,Bajaj Auto,2182.1,2.4772817996102203,2044.1899999999998,2060.533,
2015-05-12,2165.65,2182.15,2126.6,2128.95,2144.2446870898375,35809,1845,76783258.0,12525.0,34.98,55.55,-36.7,Bajaj Auto,2128.95,-2.435727051922465,2045.6074999999996,2059.496,
2015-05-13,2147.0,2171.2,2093.95,2125.2,2123.399602738268,28193,2176,59865005.0,7279.0,25.82,77.25,-21.8,Bajaj Auto,2125.2,-0.17614316916789718,2046.845,2059.301,
2015-05-14,2130.0,2178.45,2108.1,2165.0,2160.295573274677,21822,2191,47141970.0,3713.0,17.01,70.35,35.0,Bajaj Auto,2165.0,1.8727649162431748,2051.205,2059.5919999999996,
2015-05-15,2180.0,2187.0,2155.55,2181.85,2176.662144833637,14817,1343,32251603.0,2761.0,18.63,31.45,1.85,Bajaj Auto,2181.85,0.7782909930715842,2055.9625,2059.993,
2015-05-18,2187.0,2232.0,2178.95,2221.95,2207.9933760813014,33062,3196,73000677.0,10977.0,33.2,53.05,34.95,Bajaj Auto,2221.95,1.8378898641061348,2063.775,2062.937,BUY
2015-05-19,2220.0,2241.85,2194.05,2199.25,2218.124404252719,16366,1176,36301824.0,3053.0,18.65,47.8,-20.75,Bajaj Auto,2199.25,-1.0216251490807515,2072.8125,2064.599,
2015-05-20,2198.0,2221.95,2137.4,2150.5,2162.246785058175,26128,1898,56495184.0,4926.0,18.85,84.55,-47.5,Bajaj Auto,2150.5,-2.2166647720813892,2080.6899999999996,2065.167,
2015-05-21,2150.0,2313.3,2124.0,2299.75,2226.603166774821,308200,18231,686239096.0,17350.0,5.63,189.3,149.75,Bajaj Auto,2299.75,6.940246454312948,2096.2524999999996,2068.755,
2015-05-22,2278.0,2342.55,2255.85,2310.5,2291.284091293322,88725,5800,203294181.0,11002.0,12.4,86.7,32.5,Bajaj Auto,2310.5,0.4674421132731865,2112.2074999999995,2072.703,
2015-05-25,2305.0,2323.7,2280.15,2301.85,2300.0654326168383,64341,2741,147988510.0,34335.0,53.36,43.55,-3.15,Bajaj Auto,2301.85,-0.3743778402943154,2127.4574999999995,2076.161,
2015-05-26,2299.95,2325.85,2287.4,2315.5,2297.5980858399716,50466,1617,115950585.0,1963.0,3.89,38.45,15.55,Bajaj Auto,2315.5,0.5930012815778651,2143.705,2080.491,
2015-05-27,2319.0,2334.95,2305.5,2306.4,2311.1474849312804,193613,2341,447468198.0,165101.0,85.27,29.45,-12.6,Bajaj Auto,2306.4,-0.3930036709134055,2159.4975,2085.062,
2015-05-28,2310.0,2332.95,2277.0,2302.65,2303.229637314476,47231,2067,108783839.0,25120.0,53.19,55.95,-7.35,Bajaj Auto,2302.65,-0.16259105098855864,2175.725,2090.657,
2015-05-29,2301.1,2329.95,2287.9,2315.0,2314.30566675236,27229,2013,63016229.0,3998.0,14.68,42.05,13.9,Bajaj Auto,2315.0,0.5363385664343134,2194.005,2096.3520000000003,
2015-06-01,2305.0,2352.25,2305.0,2336.3,2325.8489743625446,71809,1525,167016889.0,48953.0,68.17,47.25,31.3,Bajaj Auto,2336.3,0.9200863930885594,2206.135,2102.165,
2015-06-02,2338.0,2345.0,2260.6,2269.1,2305.5990712864213,39194,2675,90365650.0,4633.0,11.82,84.4,-68.9,Bajaj Auto,2269.1,-2.876342935410703,2216.4224999999997,2106.856,
2015-06-03,2266.85,2290.9,2230.0,2240.8,2254.22084623323,25194,1927,56792840.0,4303.0,17.08,60.9,-26.05,Bajaj Auto,2240.8,-1.2471905160636232,2227.45,2111.1839999999997,
2015-06-04,2280.0,2280.0,2190.45,2216.2,2222.7460127262207,24202,2187,53794899.0,6811.0,28.14,89.55,-63.8,Bajaj Auto,2216.2,-1.0978222063548926,2234.91,2115.081,
2015-06-05,2214.95,2234.45,2191.0,2199.35,2215.1834822042047,36385,1706,80599451.0,6847.0,18.82,43.45,-15.6,Bajaj Auto,2199.35,-0.7603104412959083,2238.41,2118.413,
2015-06-08,2200.45,2240.0,2200.45,2221.3,2220.379636815148,12886,1703,28611812.0,2890.0,22.43,39.55,20.85,Bajaj Auto,2221.3,0.9980221429058744,2240.37,2122.281,
2015-06-09,2220.0,2230.0,2175.25,2185.85,2206.7459594926354,19552,1783,43146297.0,2307.0,11.8,54.75,-34.15,Bajaj Auto,2185.85,-1.5959123036060063,2243.215,2125.641,
2015-06-10,2183.0,2267.05,2182.15,2253.1,2232.4479021874317,109352,2238,244122643.0,91521.0,83.69,84.9,70.1,Bajaj Auto,2253.1,3.076606354507394,2249.6099999999997,2130.668,
2015-06-11,2261.0,2277.7,2202.0,2207.55,2232.9842404409233,23224,1574,51858826.0,4957.0,21.34,75.7,-53.45,Bajaj Auto,2207.55,-2.0216590475344964,2251.7375,2134.4759999999997,
2015-06-12,2211.0,2297.95,2210.0,2285.55,2271.1498684705,26610,2353,60435298.0,8000.0,30.06,87.95,74.55,Bajaj Auto,2285.55,3.533328803424607,2256.9224999999997,2139.712,
2015-06-15,2271.3,2339.0,2265.0,2334.3,2303.024282826338,41552,2650,95695265.0,9709.0,23.37,74.0,63.0,Bajaj Auto,2334.3,2.132965806917375,2262.54,2146.051,
2015-06-16,2334.0,2401.95,2315.95,2391.35,2352.1749759569147,51990,2549,122289577.0,25274.0,48.61,86.0,57.35,Bajaj Auto,2391.35,2.4439874908966264,2272.145,2153.505,
2015-06-17,2391.0,2407.8,2360.0,2368.05,2381.9247839583854,23838,1901,56780323.0,4364.0,18.31,47.8,-22.95,Bajaj Auto,2368.05,-0.9743450352311389,2283.0225,2160.239,
2015-06-18,2380.0,2414.0,2375.0,2397.35,2394.935103983964,23946,2024,57349116.0,4080.0,17.04,39.0,17.35,Bajaj Auto,2397.35,1.2373049555541416,2287.9025,2166.326,
2015-06-19,2402.15,2425.0,2391.1,2405.6,2408.5594205114485,26161,1765,63010323.0,2992.0,11.44,33.9,3.45,Bajaj Auto,2405.6,0.3441299768494277,2292.6575000000003,2172.3430000000003,
2015-06-22,2410.0,2436.0,2400.0,2425.4,2420.3555982700623,16648,1549,40294080.0,4301.0,25.83,36.0,15.4,Bajaj Auto,2425.4,0.8230794812105202,2298.835,2178.906,
2015-06-23,2424.0,2437.7,2401.25,2412.45,2419.4597331187556,14913,1147,36081403.0,3656.0,24.52,36.45,-11.55,Bajaj Auto,2412.45,-0.5339325472087153,2303.6825,2185.143,
2015-06-24,2415.0,2415.0,2388.05,2395.0,2398.8691202703967,10651,797,25550355.0,3157.0,29.64,26.95,-20.0,Bajaj Auto,2395.0,-0.7233310534933257,2308.1125,2191.034,
2015-06-25,2395.0,2524.9,2395.0,2506.25,2474.0852426632346,66821,5449,165320850.0,21556.0,32.26,129.9,111.25,Bajaj Auto,2506.25,4.645093945720258,2318.2925,2199.603,
2015-06-26,2490.0,2553.95,2472.6,2540.15,2522.6824479688694,50883,4380,128361651.0,7010.0,13.78,81.35,50.15,Bajaj Auto,2540.15,1.3526184538653396,2329.55,2208.672,
2015-06-29,2500.0,2565.0,2483.15,2550.6,2538.709834944819,51195,4287,129969250.0,4618.0,9.02,81.85,50.6,Bajaj Auto,2550.6,0.4113930279707745,2340.265,2218.37,
2015-06-30,2554.9,2581.0,2527.1,2535.65,2551.3318322680607,41304,3684,105380210.0,8339.0,20.19,53.9,-19.25,Bajaj Auto,2535.65,-0.5861365953109043,2353.5924999999997,2228.713,
2015-07-01,2536.1,2554.8,2520.0,2523.6,2529.8909204807956,25541,1650,64615944.0,7505.0,29.38,34.8,-12.5,Bajaj Auto,2523.6,-0.47522331552067865,2367.7325,2239.326,
2015-07-02,2559.0,2585.0,2529.35,2565.8,2567.7121807151975,62640,4143,160841491.0,25613.0,40.89,55.65,6.8,Bajaj Auto,2565.8,1.67221429703599,2385.2125,2250.8720000000003,
2015-07-03,2575.0,2605.95,2575.0,2586.15,2591.634379075994,29134,2696,75504676.0,5890.0,20.22,30.95,11.15,Bajaj Auto,2586.15,0.7931249512822536,2404.5525000000002,2262.767,
2015-07-06,2589.7,2603.0,2570.1,2595.35,2592.793796972584,28341,1782,73482369.0,10847.0,38.27,32.9,5.65,Bajaj Auto,2595.35,0.3557411596388338,2423.255,2274.737,
2015-07-07,2596.25,2618.0,2587.0,2606.25,2602.2073987356594,21355,1434,55570139.0,4216.0,19.74,31.0,10.0,Bajaj Auto,2606.25,0.41998189068912506,2444.275,2287.051,
2015-07-08,2590.0,2607.75,2562.1,2573.9,2582.517271727173,22725,1772,58687705.0,3224.0,14.19,45.65,-16.1,Bajaj Auto,2573.9,-1.2412470023980826,2460.315,2298.718,
2015-07-09,2550.0,2558.45,2502.65,2513.95,2532.681436154526,13564,1208,34353291.0,2050.0,15.11,55.8,-36.05,Bajaj Auto,2513.95,-2.3291503166401273,2475.6349999999998,2309.435,
2015-07-10,2520.0,2523.0,2456.05,2470.9,2479.6482708760086,24897,2046,61735803.0,3284.0,13.19,66.95,-49.1,Bajaj Auto,2470.9,-1.7124445593587723,2484.9025,2319.865,
2015-07-13,2481.0,2508.0,2440.0,2497.45,2481.520555193748,24568,1387,60965997.0,8252.0,33.59,68.0,16.45,Bajaj Auto,2497.45,1.0745072645594655,2493.06,2327.94,
2015-07-14,2498.0,2519.5,2487.75,2499.05,2504.420249355116,18608,1329,46602252.0,5033.0,27.05,31.75,1.05,Bajaj Auto,2499.05,0.06406534665359676,2498.445,2336.654,
2015-07-15,2500.0,2539.0,2500.0,2532.45,2528.2033402413754,24609,1535,62216556.0,7417.0,30.14,39.0,32.45,Bajaj Auto,2532.45,1.3365078729917323,2506.665,2346.8979999999997,
2015-07-16,2532.0,2562.3,2532.0,2544.25,2547.0956704306873,17623,1153,44887467.0,3730.0,21.17,30.3,12.25,Bajaj Auto,2544.25,0.46595194376988225,2514.0099999999998,2356.4429999999998,
2015-07-17,2550.0,2566.45,2498.0,2527.25,2541.112816593423,47103,2603,119694037.0,19620.0,41.65,68.45,-22.75,Bajaj Auto,2527.25,-0.668173332023192,2520.0924999999997,2364.401,
2015-07-20,2531.0,2548.25,2514.0,2519.55,2525.0846870047544,20192,1237,50986510.0,6760.0,33.48,34.25,-11.45,Bajaj Auto,2519.55,-0.3046789989118559,2524.8,2371.15,
2015-07-21,2518.9,2571.0,2510.55,2544.6,2541.4798731555784,15452,1161,39270947.0,2518.0,16.3,60.45,25.7,Bajaj Auto,2544.6,0.9942251592546247,2531.4075000000003,2379.463,
2015-07-22,2544.6,2629.7,2535.0,2619.1,2605.0137489189715,56659,3687,147597474.0,28296.0,49.94,94.7,74.5,Bajaj Auto,2619.1,2.9277686080326992,2542.6125,2389.341,
2015-07-23,2629.95,2655.0,2478.9,2487.75,2538.235789824105,258336,19775,655717681.0,50677.0,19.62,176.1,-142.2,Bajaj Auto,2487.75,-5.015081516551478,2541.6875,2395.7960000000003,
2015-07-24,2496.9,2517.6,2478.05,2497.45,2498.5136997387226,43249,3311,108058219.0,8884.0,20.54,39.55,0.55,Bajaj Auto,2497.45,0.3899105617525711,2539.5525000000002,2402.1079999999997,
2015-07-27,2500.1,2527.0,2465.0,2507.7,2508.844877644131,53042,2916,133074150.0,27575.0,51.99,62.0,7.6,Bajaj Auto,2507.7,0.41041862699953136,2537.4075000000003,2407.8230000000003,
2015-07-28,2509.05,2520.95,2457.55,2476.05,2492.604058742455,21041,1536,52446882.0,5628.0,26.75,63.4,-33.0,Bajaj Auto,2476.05,-1.2621126929058368,2534.4275000000002,2413.359,
2015-07-29,2484.9,2512.0,2478.0,2495.15,2499.4098563262783,19419,1418,48536040.0,5132.0,26.43,34.0,10.25,Bajaj Auto,2495.15,0.771389915389431,2533.005,2420.252,
2015-07-30,2507.4,2530.0,2507.4,2523.8,2521.928801084641,25815,2348,65103592.0,7196.0,27.88,22.6,16.4,Bajaj Auto,2523.8,1.1482275614692616,2530.9049999999997,2424.733,
2015-07-31,2527.25,2554.0,2514.6,2519.15,2529.6554209316896,28722,2076,72656763.0,4702.0,16.37,39.4,-8.1,Bajaj Auto,2519.15,-0.1842459782867123,2527.555,2428.906,
2015-08-03,2541.0,2562.25,2487.5,2504.4,2511.9880102294997,30109,2312,75633447.0,6965.0,23.13,74.75,-36.6,Bajaj Auto,2504.4,-0.5855149554413241,2523.0075,2432.957,
2015-08-04,2500.0,2524.0,2477.0,2510.55,2508.794897774561,27635,2895,69330547.0,7735.0,27.99,47.0,10.55,Bajaj Auto,2510.55,0.24556780067082062,2518.2225,2436.8579999999997,
2015-08-05,2522.0,2584.0,2521.95,2569.7,2565.8327205416235,39437,4020,101188745.0,11756.0,29.81,62.05,47.7,Bajaj Auto,2569.7,2.356057437613268,2518.0125,2442.124,
2015-08-06,2570.0,2606.0,2564.0,2575.45,2583.136928654668,15446,1215,39899133.0,2752.0,17.82,42.0,5.45,Bajaj Auto,2575.45,0.2237615285830996,2521.0875,2447.58,
2015-08-07,2578.0,2581.0,2529.0,2537.85,2549.471762123329,20044,1653,51101612.0,4409.0,22.0,52.0,-40.15,Bajaj Auto,2537.85,-1.4599390397794565,2524.435,2452.037,
2015-08-10,2550.0,2572.5,2544.0,2556.3,2560.9513416920554,34136,1932,87420635.0,17134.0,50.19,28.5,6.3,Bajaj Auto,2556.3,0.7269933211182744,2527.3775,2456.437,
2015-08-11,2560.0,2565.0,2529.2,2541.75,2542.23436678928,9515,667,24189360.0,1569.0,16.49,35.8,-18.25,Bajaj Auto,2541.75,-0.5691820208895693,2529.5125,2461.89,
2015-08-12,2549.7,2549.7,2454.15,2462.1,2482.6726555419314,18757,1548,46567491.0,4800.0,25.59,95.55,-87.6,Bajaj Auto,2462.1,-3.133667748598412,2525.995,2466.3160000000003,
2015-08-13,2472.4,2515.0,2437.8,2489.05,2477.74310273118,28852,2680,71487844.0,4917.0,17.04,77.2,16.65,Bajaj Auto,2489.05,1.0945940457333325,2523.235,2471.7729999999997,
2015-08-14,2501.2,2570.4,2478.5,2558.8,2541.7695036874625,25085,2013,63760288.0,6035.0,24.06,91.9,57.6,Bajaj Auto,2558.8,2.802273959944568,2524.8125,2478.962,
2015-08-17,2559.0,2565.0,2525.0,2529.95,2538.576027957469,13449,1208,34141309.0,2439.0,18.14,40.0,-29.05,Bajaj Auto,2529.95,-1.127481632015026,2525.3325,2485.135,
2015-08-18,2550.6,2557.9,2512.8,2522.0,2527.1321222130473,21798,1907,55086426.0,7079.0,32.48,45.1,-28.6,Bajaj Auto,2522.0,-0.31423545919878615,2524.2025000000003,2491.8579999999997,
2015-08-19,2522.1,2554.8,2499.95,2541.25,2527.221255544183,11724,1018,29629142.0,1275.0,10.88,54.85,19.15,Bajaj Auto,2541.25,0.7632831086439307,2520.3100000000004,2497.6209999999996,
2015-08-20,2513.0,2537.35,2480.4,2492.1,2503.7339670178653,17464,1564,43725210.0,4851.0,27.78,56.95,-20.9,Bajaj Auto,2492.1,-1.9340875553369385,2520.5275,2503.312,
2015-08-21,2492.0,2512.8,2379.0,2407.35,2411.2830422154957,97784,5253,235784901.0,36125.0,36.94,133.8,-84.65,Bajaj Auto,2407.35,-3.4007463584928344,2516.0225,2505.748,
2015-08-24,2357.1,2357.1,2170.0,2188.45,2243.6422918226804,68103,4676,152798771.0,23406.0,34.37,187.1,-168.65,Bajaj Auto,2188.45,-9.09298606351383,2500.06,2502.831,SELL
2015-08-25,2240.0,2246.85,2142.7,2204.65,2191.413953488372,64715,5243,141817354.0,20831.0,32.19,104.15,-35.35,Bajaj Auto,2204.65,0.740249948593763,2486.49,2499.0969999999998,
2015-08-26,2204.65,2270.0,2133.15,2244.15,2231.450765411668,33838,3482,75507831.0,7931.0,23.44,136.85,39.5,Bajaj Auto,2244.15,1.791667611639025,2473.9399999999996,2496.619,
2015-08-27,2251.3,2305.0,2177.5,2189.3,2200.557668752276,60414,3760,132944491.0,30516.0,50.51,127.5,-62.0,Bajaj Auto,2189.3,-2.444132522335851,2457.215,2492.458,
2015-08-28,2215.0,2290.0,2202.05,2269.2,2260.9788099422544,39830,3116,90054786.0,15687.0,39.38,87.95,54.2,Bajaj Auto,2269.2,3.649568355181998,2444.7174999999997,2489.73,
2015-08-31,2280.0,2397.0,2222.85,2254.9,2246.2861945786926,23795,1922,53450380.0,5513.0,23.17,174.15,-25.1,Bajaj Auto,2254.9,-0.6301780363123455,2432.2425,2486.32,
2015-09-01,2225.0,2259.9,2217.1,2251.75,2238.526144146103,27597,2402,61776606.0,9083.0,32.91,42.8,26.75,Bajaj Auto,2251.75,-0.13969577364850716,2419.3025000000002,2483.106,
2015-09-02,2251.75,2281.95,2200.0,2207.35,2244.851704740639,46576,2819,104556213.0,18028.0,38.71,81.95,-44.4,Bajaj Auto,2207.35,-1.9717997113356311,2401.185,2479.353,
2015-09-03,2250.0,2265.6,2214.15,2246.85,2244.433289478123,29643,2087,66531736.0,14673.0,49.5,51.45,-3.15,Bajaj Auto,2246.85,1.7894760685890354,2384.755,2474.165,
2015-09-04,2233.0,2234.0,2186.2,2207.85,2200.73969110076,20395,1740,44884086.0,5311.0,26.04,47.8,-25.15,Bajaj Auto,2207.85,-1.7357634020962687,2368.255,2467.519,
2015-09-07,2215.1,2221.45,2177.7,2192.75,2193.1446762608853,38009,2075,83359236.0,18571.0,48.86,43.75,-22.35,Bajaj Auto,2192.75,-0.6839232737731238,2350.0775000000003,2460.362,
2015-09-08,2222.0,2222.0,2175.05,2209.8,2205.768734891217,14892,1253,32848308.0,1674.0,11.24,46.95,-12.2,Bajaj Auto,2209.8,0.7775624216167065,2333.48,2453.845,
2015-09-09,2220.0,2276.95,2220.0,2269.05,2253.7447404663526,21057,1846,47457103.0,6539.0,31.05,56.95,49.05,Bajaj Auto,2269.05,2.6812381210969294,2323.8275000000003,2448.754,
2015-09-10,2250.0,2316.0,2220.0,2302.45,2277.015232058884,19564,1690,44547526.0,1930.0,9.87,96.0,52.45,Bajaj Auto,2302.45,1.4719816663361085,2314.4975,2443.487,
2015-09-11,2313.7,2331.8,2277.0,2318.5,2300.821684926332,31764,2166,73083300.0,11819.0,37.21,54.8,4.8,Bajaj Auto,2318.5,0.6970835414449983,2302.4825,2438.134,
2015-09-14,2339.2,2339.2,2299.25,2310.5,2311.1374208925786,12167,1029,28119609.0,2045.0,16.81,39.95,-28.7,Bajaj Auto,2310.5,-0.34505067931852595,2291.5099999999998,2432.437,
2015-09-15,2316.0,2316.0,2282.05,2295.2,2296.347767032489,18406,777,42266577.0,10905.0,59.25,33.95,-20.8,Bajaj Auto,2295.2,-0.662194330231558,2280.1699999999996,2426.216,
2015-09-16,2302.2,2369.0,2299.05,2345.65,2340.572625856504,35318,1564,82664344.0,23058.0,65.29,69.95,43.45,Bajaj Auto,2345.65,2.198065528058568,2270.39,2421.651,
2015-09-18,2350.15,2374.0,2267.0,2294.15,2309.455209049912,52332,3096,120858410.0,27913.0,53.34,107.0,-56.0,Bajaj Auto,2294.15,-2.195553471319256,2260.4925,2417.255,
2015-09-21,2292.7,2311.0,2267.6,2303.05,2295.344475233807,11548,1127,26506638.0,2060.0,17.84,43.4,10.35,Bajaj Auto,2303.05,0.38794324695421434,2255.2775,2413.8979999999997,
2015-09-22,2311.7,2316.45,2241.0,2258.15,2278.2104045287383,24201,1222,55134970.0,12774.0,52.78,75.45,-53.55,Bajaj Auto,2258.15,-1.9495885890449705,2258.7625000000003,2409.112,
2015-09-23,2258.15,2258.15,2213.05,2240.25,2234.7042232353087,19961,1707,44606931.0,2938.0,14.72,45.1,-17.9,Bajaj Auto,2240.25,-0.7926842769523712,2260.5425000000005,2403.936,
2015-09-24,2245.0,2292.3,2235.8,2283.1,2271.85385828151,22834,1890,51875511.0,2189.0,9.59,56.5,38.1,Bajaj Auto,2283.1,1.912732953911389,2262.4900000000002,2398.949,
2015-09-28,2290.0,2303.95,2264.4,2275.9,2277.713338600529,29111,1563,66306513.0,13858.0,47.6,39.55,-14.1,Bajaj Auto,2275.9,-0.3153606937935205,2266.82,2393.5820000000003,
2015-09-29,2274.0,2293.3,2206.6,2251.75,2249.078596963888,19301,1651,43409466.0,5694.0,29.5,86.7,-22.25,Bajaj Auto,2251.75,-1.061118678325057,2265.9475,2388.072,
2015-09-30,2260.0,2320.0,2252.5,2309.75,2289.5706687940437,15042,1323,34439722.0,2298.0,15.28,67.5,49.75,Bajaj Auto,2309.75,2.5757743976906777,2268.69,2383.876,
2015-10-01,2329.7,2329.7,2285.95,2313.85,2309.0862612210926,16821,1239,38841140.0,5364.0,31.89,43.75,-15.85,Bajaj Auto,2313.85,0.17750838835370875,2271.795,2379.261,
2015-10-05,2315.3,2399.0,2311.75,2384.4,2363.1376616481475,26369,2393,62313577.0,3822.0,14.49,87.25,69.1,Bajaj Auto,2384.4,3.04903083605248,2280.6475,2374.567,
2015-10-06,2390.0,2390.0,2345.75,2377.6,2367.0548393697563,19548,1862,46271188.0,4217.0,21.57,44.25,-12.4,Bajaj Auto,2377.6,-0.2851870491528352,2287.1850000000004,2372.364,
2015-10-07,2377.0,2467.0,2362.0,2452.3,2427.140599660569,26515,2350,64355633.0,4993.0,18.83,105.0,75.3,Bajaj Auto,2452.3,3.1418236877523764,2299.4075000000003,2371.4610000000002,
2015-10-08,2465.0,2472.3,2407.65,2435.2,2437.5829298766203,12806,1457,31215687.0,1128.0,8.81,64.65,-29.8,Bajaj Auto,2435.2,-0.6973045712188708,2311.5299999999997,2370.011,
2015-10-09,2435.0,2498.0,2432.9,2444.15,2463.945787384208,22670,1790,55857651.0,1799.0,7.94,65.1,9.15,Bajaj Auto,2444.15,0.3675262812089519,2323.2475000000004,2369.373,
2015-10-12,2444.15,2455.0,2408.0,2425.35,2433.957667650351,9827,902,23918502.0,1255.0,12.77,47.0,-18.8,Bajaj Auto,2425.35,-0.7691835607470998,2331.0625,2367.977,
2015-10-13,2436.2,2475.95,2431.5,2460.75,2456.6519838601207,14870,1557,36530415.0,2081.0,13.99,44.45,24.55,Bajaj Auto,2460.75,1.4595831529470082,2338.9775,2366.716,
2015-10-14,2460.9,2478.8,2432.05,2439.6,2445.229980879541,13075,1097,31971382.0,2755.0,21.07,46.75,-21.3,Bajaj Auto,2439.6,-0.8594940566900355,2345.0325000000003,2365.125,
2015-10-15,2458.35,2459.95,2441.8,2451.8,2452.473530042152,13997,1098,34327272.0,6800.0,48.58,18.15,-6.55,Bajaj Auto,2451.8,0.5000819806525669,2352.0975000000003,2364.0730000000003,
2015-10-16,2449.8,2488.4,2438.0,2458.45,2466.1178198562975,25191,1952,62123974.0,5823.0,23.12,50.4,8.65,Bajaj Auto,2458.45,0.27122930092176034,2360.2599999999998,2363.031,
2015-10-19,2458.45,2470.75,2433.3,2459.75,2450.3538178164767,11944,1226,29267026.0,1655.0,13.86,37.45,1.3,Bajaj Auto,2459.75,0.052878846427639736,2365.965,2360.8320000000003,BUY
2015-10-20,2463.0,2465.55,2403.75,2438.3,2439.897682397877,30894,2562,75378199.0,9318.0,30.16,61.8,-24.7,Bajaj Auto,2438.3,-0.8720398414472919,2373.1725,2358.089,
2015-10-21,2459.7,2535.0,2435.0,2518.25,2505.344589409056,118573,9650,297066224.0,20193.0,17.03,100.0,58.55,Bajaj Auto,2518.25,3.2789238403805765,2383.9325,2357.697,
2015-10-23,2535.0,2564.0,2505.0,2513.85,2534.6366449719244,31344,2510,79445651.0,6876.0,21.94,59.0,-21.15,Bajaj Auto,2513.85,-0.17472451106920195,2396.7174999999997,2356.848,
2015-10-26,2520.0,2575.0,2520.0,2567.55,2561.2939860390193,33522,3035,85859697.0,9962.0,29.72,55.0,47.55,Bajaj Auto,2567.55,2.1361656423414477,2413.0824999999995,2357.364,
2015-10-27,2550.1,2594.45,2550.1,2582.25,2582.1706014444376,16477,1438,42546425.0,2193.0,13.31,44.35,32.15,Bajaj Auto,2582.25,0.572530233101598,2428.04,2359.767,
2015-10-28,2570.0,2584.0,2560.0,2568.8,2570.522790197942,24199,1142,62204081.0,12838.0,53.05,24.0,-1.2,Bajaj Auto,2568.8,-0.5208635879562329,2442.685,2361.362,
2015-10-29,2574.7,2599.0,2565.1,2575.15,2580.4999233246435,13042,1191,33654880.0,3849.0,29.51,33.9,0.45,Bajaj Auto,2575.15,0.24719713484895323,2458.855,2361.689,
2015-10-30,2597.7,2597.7,2538.35,2549.6,2556.836559399952,8266,957,21134811.0,1175.0,14.21,59.35,-48.1,Bajaj Auto,2549.6,-0.9921752130943928,2470.8475,2362.0820000000003,
2015-11-02,2530.3,2555.0,2394.0,2432.15,2437.9435127205847,45674,4324,111350632.0,8881.0,19.44,161.0,-98.15,Bajaj Auto,2432.15,-4.606604957640403,2476.7625,2360.285,
2015-11-03,2432.4,2449.9,2412.15,2421.35,2429.602042273636,14004,1107,34024147.0,4968.0,35.48,37.75,-11.05,Bajaj Auto,2421.35,-0.4440515593199468,2478.6099999999997,2357.887,
2015-11-04,2449.95,2472.95,2435.0,2448.75,2456.9877153484726,20432,1580,50201173.0,3945.0,19.31,37.95,-1.2,Bajaj Auto,2448.75,1.1316001404175324,2482.1675,2357.02,
2015-11-05,2449.05,2468.55,2405.55,2414.25,2446.469681397739,23352,1037,57129960.0,2757.0,11.81,63.0,-34.8,Bajaj Auto,2414.25,-1.4088820826952508,2480.2650000000003,2357.158,
2015-11-06,2415.0,2447.0,2415.0,2422.9,2429.12755058482,11713,1514,28452371.0,1478.0,12.62,32.0,7.9,Bajaj Auto,2422.9,0.35828932380657097,2479.65,2361.8469999999998,
2015-11-09,2404.7,2428.0,2384.1,2409.0,2406.978332387975,17630,1464,42435028.0,4886.0,27.71,43.9,4.3,Bajaj Auto,2409.0,-0.573692682322835,2477.8925,2365.9339999999997,
2015-11-10,2409.0,2470.0,2386.0,2453.2,2445.8172622760894,22442,1866,54889031.0,1922.0,8.56,84.0,44.2,Bajaj Auto,2453.2,1.8347862183478503,2479.285,2370.115,
2015-11-11,2484.7,2484.7,2435.8,2451.05,2447.7961548590993,7594,926,18588564.0,1446.0,19.04,48.9,-33.65,Bajaj Auto,2451.05,-0.0876406326430601,2478.8,2375.35,
2015-11-13,2451.0,2469.5,2362.35,2377.0,2401.769221392656,32815,2399,78814057.0,12872.0,39.23,107.15,-74.0,Bajaj Auto,2377.0,-3.0211541992207547,2475.67,2377.506,
2015-11-16,2377.0,2410.0,2346.1,2383.5,2377.6098481671,23842,2367,56686974.0,6538.0,27.42,63.9,6.5,Bajaj Auto,2383.5,0.27345393352966596,2472.255,2380.078,
2015-11-17,2395.0,2417.35,2355.1,2363.85,2373.940844582901,28890,2332,68583151.0,11115.0,38.47,62.25,-31.15,Bajaj Auto,2363.85,-0.8244178728760265,2467.525,2382.32,
2015-11-18,2368.1,2384.35,2341.0,2345.65,2359.8483559273145,13868,1099,32726377.0,3420.0,24.66,43.35,-22.45,Bajaj Auto,2345.65,-0.7699304101359994,2461.82,2385.086,
2015-11-19,2371.9,2430.0,2363.6,2423.65,2409.732513661202,21960,2097,52917726.0,4221.0,19.22,66.4,51.75,Bajaj Auto,2423.65,3.3253042866582927,2461.0875,2388.6220000000003,
2015-11-20,2428.25,2504.1,2427.05,2468.5,2472.0165527168047,36127,2854,89306542.0,3571.0,9.88,77.05,40.25,Bajaj Auto,2468.5,1.8505147195345906,2458.6,2393.835,
2015-11-23,2477.0,2529.5,2477.0,2523.2,2519.260723359737,26764,2391,67425494.0,9542.0,35.65,52.5,46.2,Bajaj Auto,2523.2,2.2159205995543774,2459.0675,2400.444,
2015-11-24,2520.0,2544.3,2472.1,2478.85,2506.857891491985,19464,1800,48793482.0,3255.0,16.72,72.2,-41.15,Bajaj Auto,2478.85,-1.757688649334177,2454.6325,2405.825,
2015-11-26,2488.0,2520.0,2451.0,2462.4,2477.453248054985,20951,2075,51905123.0,5763.0,27.51,69.0,-25.6,Bajaj Auto,2462.4,-0.6636141759283509,2448.6400000000003,2409.692,
2015-11-27,2442.7,2463.05,2427.1,2448.85,2444.618621973929,13425,1263,32819005.0,2364.0,17.61,35.95,6.15,Bajaj Auto,2448.85,-0.5502761533463407,2442.6425,2412.62,
2015-11-30,2460.0,2510.0,2460.0,2481.55,2494.324157435776,21215,2217,52917087.0,4134.0,19.49,50.0,21.55,Bajaj Auto,2481.55,1.3353206607183088,2437.9625,2415.881,
2015-12-01,2481.55,2499.0,2455.65,2461.2,2470.4320520480646,15063,1735,37212118.0,3476.0,23.08,43.35,-20.35,Bajaj Auto,2461.2,-0.8200519836392695,2433.5425,2418.895,
2015-12-02,2498.0,2513.0,2427.5,2499.4,2473.2053134567514,139796,4116,345744210.0,93380.0,66.8,85.5,1.4,Bajaj Auto,2499.4,1.5520884121566825,2436.9049999999997,2422.979,
2015-12-03,2467.0,2506.0,2467.0,2481.1,2489.0087487411884,15888,1661,39545371.0,6064.0,38.17,39.0,14.1,Bajaj Auto,2481.1,-0.7321757221733338,2439.8925,2425.688,
2015-12-04,2480.0,2486.0,2455.0,2469.15,2466.94108570627,14258,1331,35173646.0,2046.0,14.35,31.0,-10.85,Bajaj Auto,2469.15,-0.4816412075289156,2440.9125,2429.188,
2015-12-07,2480.0,2483.9,2443.0,2449.0,2458.0897101449277,20700,1760,50882457.0,8841.0,42.71,40.9,-31.0,Bajaj Auto,2449.0,-0.8160703075957398,2442.65,2432.107,
2015-12-08,2449.0,2481.45,2440.0,2462.45,2461.2329629629626,10800,1336,26581316.0,2098.0,19.43,41.45,13.45,Bajaj Auto,2462.45,0.5492037566353636,2444.6274999999996,2436.1929999999998,
2015-12-09,2459.1,2471.3,2383.2,2390.45,2416.400500221873,24789,1707,59900152.0,8936.0,36.05,88.1,-68.65,Bajaj Auto,2390.45,-2.9239172368982103,2443.7,2439.1969999999997,
2015-12-10,2404.05,2449.0,2400.3,2441.45,2420.970932380835,8119,1038,19655863.0,1470.0,18.11,48.7,37.4,Bajaj Auto,2441.45,2.133489510343245,2443.1125,2442.364,
2015-12-11,2443.5,2450.0,2400.0,2411.9,2420.5545403691963,10726,1021,25962868.0,1066.0,9.94,50.0,-31.6,Bajaj Auto,2411.9,-1.2103463105941015,2441.1549999999997,2445.084,SELL
2015-12-14,2411.9,2426.95,2375.05,2409.75,2403.6984576907043,11995,1512,28832363.0,1334.0,11.12,51.9,-2.15,Bajaj Auto,2409.75,-0.08914134085161729,2442.7925,2448.244,
2015-12-15,2410.0,2449.0,2391.05,2435.45,2416.17250565063,12388,1464,29931545.0,2013.0,16.25,57.95,25.45,Bajaj Auto,2435.45,1.0665006743437955,2445.39,2450.758,
2015-12-16,2437.3,2465.8,2430.5,2451.65,2447.7641139804095,11230,1240,27488391.0,2702.0,24.06,35.3,14.35,Bajaj Auto,2451.65,0.6651748136894842,2449.7799999999997,2453.514,
2015-12-17,2452.7,2534.0,2452.7,2524.2,2497.0896891379,22132,2052,55265589.0,8197.0,37.04,81.3,71.5,Bajaj Auto,2524.2,2.9592315379438183,2458.7074999999995,2456.31,BUY
2015-12-18,2483.1,2502.85,2466.0,2481.95,2484.053957798797,26113,2723,64866101.0,5860.0,22.44,36.85,-1.15,Bajaj Auto,2481.95,-1.6737976388558784,2461.6225,2458.397,
2015-12-21,2483.95,2506.0,2475.35,2489.25,2493.7995307917886,8525,833,21259641.0,1674.0,19.64,30.65,5.3,Bajaj Auto,2489.25,0.2941235721912294,2462.66,2459.136,
2015-12-22,2485.05,2501.85,2466.75,2476.1,2483.827458659704,13788,1043,34247013.0,1540.0,11.17,35.1,-8.95,Bajaj Auto,2476.1,-0.5282715677412897,2460.305,2459.954,
2015-12-23,2480.0,2500.8,2472.0,2475.6,2485.3368066519315,9501,1030,23613185.0,1621.0,17.06,28.8,-4.4,Bajaj Auto,2475.6,-0.020193045515126684,2460.1425,2460.583,SELL
2015-12-24,2497.0,2497.0,2469.0,2484.8,2480.170155465785,8169,731,20260510.0,639.0,7.82,28.0,-12.2,Bajaj Auto,2484.8,0.37162708030378244,2461.2625,2461.772,
2015-12-28,2488.0,2496.6,2484.0,2487.45,2489.1341976173794,2854,336,7103989.0,557.0,19.52,12.6,-0.55,Bajaj Auto,2487.45,0.10664842240821759,2463.1925,2462.306,BUY
2015-12-29,2500.0,2539.9,2496.9,2531.15,2520.5654804913293,11072,1334,27907701.0,2487.0,22.46,43.0,31.15,Bajaj Auto,2531.15,1.756819232547402,2465.6724999999997,2464.137,
2015-12-30,2540.0,2550.65,2512.0,2515.5,2527.918325197146,15978,1558,40391079.0,2114.0,13.23,38.65,-24.5,Bajaj Auto,2515.5,-0.6182960314481623,2468.3875,2465.411,
2015-12-31,2516.0,2550.0,2505.0,2533.5,2524.0845369960125,11285,1037,28484294.0,3428.0,30.38,45.0,17.5,Bajaj Auto,2533.5,0.7155635062611854,2470.0924999999997,2466.9120000000003,
2016-01-01,2530.0,2530.0,2512.15,2520.05,2519.52545554942,9055,995,22814303.0,1124.0,12.41,17.85,-9.95,Bajaj Auto,2520.05,-0.5308861259127662,2472.04,2468.118,
2016-01-04,2507.9,2545.85,2480.65,2488.15,2515.733977553408,23077,1726,58055593.0,8304.0,35.98,65.2,-19.75,Bajaj Auto,2488.15,-1.2658478998432643,2472.9900000000002,2469.115,
2016-01-05,2518.0,2520.0,2480.0,2497.05,2505.3865630483833,11967,1405,29981961.0,1682.0,14.06,40.0,-20.95,Bajaj Auto,2497.05,0.35769547655888356,2475.3925,2468.6910000000003,
2016-01-06,2495.0,2513.7,2475.0,2485.5,2495.412025052192,11975,1582,29882559.0,2247.0,18.76,38.7,-9.5,Bajaj Auto,2485.5,-0.4625458040487862,2476.545,2468.1240000000003,
2016-01-07,2470.0,2481.8,2407.25,2419.25,2446.5554441799277,15962,1761,39051918.0,1545.0,9.68,74.55,-50.75,Bajaj Auto,2419.25,-2.6654596660631635,2477.9849999999997,2465.1580000000004,
2016-01-08,2430.0,2444.0,2361.0,2376.85,2384.3410918154045,24876,3264,59312869.0,8275.0,33.26,83.0,-53.15,Bajaj Auto,2376.85,-1.752609279735462,2474.755,2461.05,
2016-01-11,2361.0,2369.8,2331.05,2359.8,2353.483113541332,15545,1708,36584895.0,2659.0,17.11,38.75,-1.2,Bajaj Auto,2359.8,-0.7173359698760873,2472.15,2456.87,
2016-01-12,2359.8,2378.0,2337.0,2342.45,2349.9981571066573,13023,1430,30604026.0,5472.0,42.02,41.0,-17.35,Bajaj Auto,2342.45,-0.7352317993050361,2468.785,2452.216,
2016-01-13,2364.0,2383.75,2331.05,2364.0,2356.683282208589,14344,1612,33804265.0,1627.0,11.34,52.7,0.0,Bajaj Auto,2364.0,0.9199769472133967,2465.2125,2448.504,
2016-01-14,2350.0,2375.9,2321.45,2362.15,2346.419998203216,11131,1285,26118001.0,1440.0,12.94,54.45,12.15,Bajaj Auto,2362.15,-0.07825719120134744,2460.7375,2447.1040000000003,
2016-01-15,2356.0,2380.0,2315.5,2335.2,2328.936027846305,29591,3762,68915546.0,15507.0,52.4,64.5,-20.8,Bajaj Auto,2335.2,-1.140909764409559,2451.2875,2445.381,
2016-01-18,2335.0,2335.0,2241.0,2249.6,2258.4327333123847,22277,2807,50311106.0,3639.0,16.34,94.0,-85.4,Bajaj Auto,2249.6,-3.665638917437475,2439.67,2441.3979999999997,SELL
2016-01-19,2246.0,2290.0,2235.0,2266.6,2266.7796411023282,9362,1395,21221591.0,2100.0,22.43,55.0,20.6,Bajaj Auto,2266.6,0.755689900426737,2428.5375,2438.445,
2016-01-20,2254.0,2284.95,2230.1,2276.25,2261.1764140977625,10413,1544,23545630.0,2020.0,19.4,54.85,22.25,Bajaj Auto,2276.25,0.425747816112243,2418.545,2435.512,
2016-01-21,2278.35,2296.4,2258.2,2274.0,2273.9123621273343,18314,2087,41644431.0,4288.0,23.41,38.2,-4.35,Bajaj Auto,2274.0,-0.09884678747941189,2408.465,2432.812,
2016-01-22,2290.0,2334.4,2276.2,2317.6,2315.9911370120803,16473,2505,38151322.0,3909.0,23.73,58.2,27.6,Bajaj Auto,2317.6,1.917326297273525,2400.105,2430.1,
2016-01-25,2320.1,2347.45,2311.5,2323.15,2328.1215078687324,8197,1184,19083612.0,801.0,9.77,35.95,3.05,Bajaj Auto,2323.15,0.23947186744910365,2391.8900000000003,2427.542,
2016-01-27,2347.0,2347.0,2287.0,2301.7,2304.637071438328,14642,1939,33744496.0,4762.0,32.52,60.0,-45.3,Bajaj Auto,2301.7,-0.9233153261735239,2380.4175,2426.036,
2016-01-28,2303.0,2309.35,2250.0,2269.75,2284.476726478183,15103,1721,34502452.0,3555.0,23.54,59.35,-33.25,Bajaj Auto,2269.75,-1.388104444540983,2368.13,2423.761,
2016-01-29,2270.0,2360.0,2264.6,2341.9,2302.667118886112,14005,1592,32248853.0,2570.0,18.35,95.4,71.9,Bajaj Auto,2341.9,3.1787641810772094,2358.55,2423.322,
2016-02-01,2380.0,2380.0,2312.5,2328.1,2330.7050021076298,14234,1982,33175255.0,4005.0,28.14,67.5,-51.9,Bajaj Auto,2328.1,-0.5892651266066085,2348.9525,2422.971,
2016-02-02,2322.55,2382.75,2300.0,2362.55,2355.342749103132,30941,3964,72876660.0,6695.0,21.64,82.75,40.0,Bajaj Auto,2362.55,1.4797474335294991,2342.6724999999997,2421.749,
2016-02-03,2368.0,2396.85,2332.1,2348.05,2366.91253968254,18900,2202,44734647.0,1715.0,9.07,64.75,-19.95,Bajaj Auto,2348.05,-0.6137436244735506,2335.2225,2419.34,
2016-02-04,2364.0,2392.75,2292.25,2310.05,2337.133778037939,155459,14365,363328480.0,26025.0,16.74,100.5,-53.95,Bajaj Auto,2310.05,-1.6183641745277977,2326.45,2415.077,
2016-02-05,2310.5,2378.0,2310.0,2361.1,2347.826008360637,26553,3004,62341824.0,5452.0,20.53,68.0,50.6,Bajaj Auto,2361.1,2.2099088764312436,2323.5425,2412.7219999999998,
2016-02-08,2356.7,2389.0,2343.45,2348.7,2365.4056433408578,8860,1006,20957494.0,1246.0,14.06,45.55,-8.0,Bajaj Auto,2348.7,-0.525178942018556,2322.135,2410.448,
2016-02-09,2348.7,2386.0,2340.0,2377.65,2365.564377121964,15316,1405,36230984.0,2933.0,19.15,46.0,28.95,Bajaj Auto,2377.65,1.2325967556520823,2323.0275,2409.024,
2016-02-10,2381.0,2384.0,2341.7,2371.05,2363.0187859907487,10593,903,25031458.0,2491.0,23.52,42.3,-9.95,Bajaj Auto,2371.05,-0.2775850104094313,2324.4575,2406.8140000000003,
2016-02-11,2380.65,2386.85,2289.6,2331.15,2355.7308463080008,12974,1706,30563252.0,3343.0,25.77,97.25,-49.5,Bajaj Auto,2331.15,-1.682798760043025,2322.815,2404.2129999999997,
2016-02-12,2315.0,2331.0,2251.55,2302.95,2282.1223628691982,16116,1772,36778684.0,3726.0,23.12,79.45,-12.05,Bajaj Auto,2302.95,-1.2097033652918254,2319.855,2400.284,
2016-02-15,2328.75,2363.7,2306.35,2343.25,2328.642611683849,22407,2801,52177895.0,4828.0,21.55,57.35,14.5,Bajaj Auto,2343.25,1.7499294383291009,2320.2574999999997,2397.527,
2016-02-16,2353.1,2367.0,2322.1,2334.75,2342.452675982072,18965,2191,44424615.0,2715.0,14.32,44.9,-18.35,Bajaj Auto,2334.75,-0.3627440520644454,2324.515,2394.839,
2016-02-17,2336.0,2375.0,2266.4,2356.9,2302.1506942092783,23624,3097,54386008.0,3108.0,13.16,108.6,20.9,Bajaj Auto,2356.9,0.9487097119605936,2329.0299999999997,2392.9970000000003,
2016-02-18,2370.0,2416.5,2363.2,2405.5,2392.9613445378154,13685,1820,32747676.0,1713.0,12.52,53.3,35.5,Bajaj Auto,2405.5,2.0620306334592,2335.4925,2391.858,
2016-02-19,2410.0,2466.8,2406.6,2457.0,2441.7587708385167,16076,2051,39253714.0,2513.0,15.63,60.2,47.0,Bajaj Auto,2457.0,2.1409270421949733,2344.6425,2393.1890000000003,
2016-02-22,2465.0,2488.0,2450.0,2475.3,2471.202942706398,13457,2340,33254978.0,5535.0,41.13,38.0,10.3,Bajaj Auto,2475.3,0.7448107448107422,2352.5275,2393.866,
2016-02-23,2476.75,2476.75,2387.1,2396.25,2416.554002541296,14953,1863,36134732.0,1308.0,8.75,89.65,-80.5,Bajaj Auto,2396.25,-3.1935522966913155,2356.1825,2393.553,
2016-02-24,2396.0,2409.0,2334.2,2344.65,2365.718143100511,11740,1688,27773531.0,1695.0,14.44,74.8,-51.35,Bajaj Auto,2344.65,-2.153364632237864,2358.3300000000004,2392.251,
2016-02-25,2349.9,2351.5,2293.0,2317.8,2309.167064593147,61988,2634,143140648.0,41539.0,67.01,58.5,-32.1,Bajaj Auto,2317.8,-1.1451602584607423,2360.7325,2389.898,
2016-02-26,2340.0,2349.0,2227.9,2236.85,2251.9094653545703,49285,4705,110985358.0,18984.0,38.52,121.1,-103.15,Bajaj Auto,2236.85,-3.4925360255414706,2355.48,2385.602,
2016-02-29,2240.0,2263.9,2173.4,2200.4,2213.7574278438033,61256,6739,135605925.0,13248.0,21.63,90.5,-39.6,Bajaj Auto,2200.4,-1.629523660504717,2349.0950000000003,2379.126,
2016-03-01,2206.5,2266.5,2206.5,2260.0,2245.7867587580117,16071,1694,36092039.0,2445.0,15.21,60.0,53.5,Bajaj Auto,2260.0,2.70859843664788,2343.9674999999997,2374.687,
2016-03-02,2262.0,2315.35,2216.95,2233.6,2251.716199425332,77262,6025,173972097.0,30105.0,38.96,98.4,-28.4,Bajaj Auto,2233.6,-1.1681415929203576,2338.245,2369.574,
2016-03-03,2264.0,2285.3,2238.95,2279.25,2268.636446577009,29594,2326,67138027.0,7318.0,24.73,46.35,15.25,Bajaj Auto,2279.25,2.043785816618926,2336.705,2365.6369999999997,
2016-03-04,2283.0,2321.0,2263.55,2304.7,2289.551842939954,18286,2275,41866745.0,3490.0,19.09,57.45,21.7,Bajaj Auto,2304.7,1.1165953712844123,2333.885,2362.219,
2016-03-08,2306.25,2340.0,2285.45,2316.85,2321.5777801246168,18938,1832,43966040.0,3563.0,18.81,54.55,10.6,Bajaj Auto,2316.85,0.5271835813771997,2332.2925,2358.86,
2016-03-09,2323.3,2333.2,2297.75,2313.85,2318.7248376623374,19712,1874,45706704.0,4548.0,23.07,35.45,-9.45,Bajaj Auto,2313.85,-0.12948615577184075,2329.1025,2355.3880000000004,
2016-03-10,2325.0,2337.45,2305.3,2319.9,2320.82163599848,18423,2378,42756497.0,4076.0,22.12,32.15,-5.1,Bajaj Auto,2319.9,0.26146898027099574,2326.545,2351.163,
2016-03-11,2314.55,2346.8,2312.05,2325.8,2327.689933427476,9914,1180,23076718.0,1438.0,14.5,34.75,11.25,Bajaj Auto,2325.8,0.2543213069528871,2326.2775,2347.369,
2016-03-14,2331.95,2331.95,2303.0,2313.05,2314.220637154555,15632,1578,36175897.0,3731.0,23.87,28.95,-18.9,Bajaj Auto,2313.05,-0.5481984693438857,2326.7825000000003,2342.96,
2016-03-15,2314.0,2325.8,2268.6,2278.45,2293.2661039230607,14453,1658,33144575.0,5023.0,34.75,57.2,-35.55,Bajaj Auto,2278.45,-1.495860444002528,2323.5425000000005,2338.128,
2016-03-16,2244.0,2258.7,2213.2,2249.65,2242.033087492423,19796,1987,44383287.0,3449.0,17.42,45.5,5.65,Bajaj Auto,2249.65,-1.2640172046786025,2319.2875,2333.3579999999997,
2016-03-17,2268.0,2282.0,2251.55,2269.8,2268.43416346536,15098,1929,34248819.0,5005.0,33.15,30.45,1.8,Bajaj Auto,2269.8,0.8956948858711344,2314.9325,2328.813,
2016-03-18,2275.0,2308.8,2271.8,2301.85,2293.332679738562,10710,1262,24561593.0,3026.0,28.25,37.0,26.85,Bajaj Auto,2301.85,1.4120186800599122,2309.75,2325.14,
2016-03-21,2301.85,2317.0,2289.55,2311.8,2306.3099626401,8030,1014,18519669.0,2049.0,25.52,27.45,9.95,Bajaj Auto,2311.8,0.43226100745055174,2302.4900000000002,2322.991,
2016-03-22,2315.0,2324.7,2299.5,2309.65,2310.2697848957982,14923,1165,34476156.0,5917.0,39.65,25.2,-5.35,Bajaj Auto,2309.65,-0.09300112466477106,2294.2075,2321.647,
2016-03-23,2317.85,2363.0,2305.2,2354.45,2337.944303016277,12963,1301,30306772.0,3066.0,23.65,57.8,36.6,Bajaj Auto,2354.45,1.9396878314896115,2292.1175,2321.54,
2016-03-28,2367.0,2370.05,2334.0,2355.5,2349.5587899543375,7008,852,16465708.0,1434.0,20.46,36.05,-11.5,Bajaj Auto,2355.5,0.04459640255687347,2292.66,2321.801,
2016-03-29,2361.5,2374.5,2333.85,2347.3,2351.6449941948736,11197,781,26331369.0,2809.0,25.09,40.65,-14.2,Bajaj Auto,2347.3,-0.34812141795795837,2294.135,2321.467,
2016-03-30,2360.0,2434.0,2360.0,2417.2,2412.3127414766695,23553,2886,56817202.0,4699.0,19.95,74.0,57.2,Bajaj Auto,2417.2,2.9778894900523767,2303.1525,2322.5679999999998,
2016-03-31,2420.95,2455.0,2392.45,2406.1,2430.94061226121,12511,1319,30413498.0,3839.0,30.68,62.55,-14.85,Bajaj Auto,2406.1,-0.4592090021512507,2313.4375,2323.986,
2016-04-01,2407.0,2424.95,2380.0,2417.15,2403.884600716955,13111,2280,31517331.0,2538.0,19.36,44.95,10.15,Bajaj Auto,2417.15,0.4592494077553022,2321.295,2327.337,
2016-04-04,2420.0,2477.4,2420.0,2449.7,2453.019143413368,21574,2625,52921435.0,1743.0,8.08,57.4,29.7,Bajaj Auto,2449.7,1.3466272262788737,2332.1,2330.999,BUY
2016-04-05,2450.0,2460.0,2387.0,2396.45,2407.9308534270367,24759,2876,59617960.0,9696.0,39.16,73.0,-53.55,Bajaj Auto,2396.45,-2.173735559456258,2337.96,2333.403,
2016-04-06,2397.2,2425.0,2391.05,2396.75,2400.4669666114137,4223,691,10137172.0,1138.0,26.95,33.95,-0.45,Bajaj Auto,2396.75,0.012518516973036853,2342.5625,2335.8579999999997,
2016-04-07,2386.0,2390.3,2356.0,2374.8,2371.9162626130255,7631,1078,18100093.0,1324.0,17.35,34.3,-11.2,Bajaj Auto,2374.8,-0.9158235110044766,2345.46,2337.002,
2016-04-08,2375.0,2404.75,2350.15,2390.65,2381.9520102483248,10148,1270,24172049.0,1164.0,11.47,54.6,15.65,Bajaj Auto,2390.65,0.6674246252315941,2349.3,2338.3520000000003,
2016-04-11,2402.6,2437.5,2375.05,2431.8,2403.566536627655,9228,1182,22180112.0,1661.0,18.0,62.45,29.2,Bajaj Auto,2431.8,1.7212891891326576,2354.895,2340.9539999999997,
2016-04-12,2431.8,2469.0,2431.8,2459.1,2451.522098733523,7738,1222,18969878.0,1436.0,18.56,37.2,27.3,Bajaj Auto,2459.1,1.1226252158894612,2361.56,2344.741,
2016-04-13,2460.0,2611.7,2460.0,2580.8,2554.172893338696,47243,4869,120666790.0,9107.0,19.28,151.7,120.8,Bajaj Auto,2580.8,4.948965068521005,2374.9475,2349.519,
2016-04-18,2610.0,2610.0,2532.7,2540.3,2551.926947446888,18781,2127,47927740.0,5363.0,28.56,77.3,-69.7,Bajaj Auto,2540.3,-1.569280843149412,2388.04,2353.7630000000004,
2016-04-20,2541.3,2573.55,2517.5,2536.3,2546.5411169744943,13644,1694,34745007.0,3183.0,23.33,56.05,-5.0,Bajaj Auto,2536.3,-0.1574617171200221,2402.3725000000004,2357.238,
2016-04-21,2533.05,2549.1,2481.55,2496.1,2506.726650366748,14315,1373,35883792.0,2273.0,15.88,67.55,-36.95,Bajaj Auto,2496.1,-1.5849860032330687,2413.6875,2360.199,
2016-04-22,2501.0,2553.5,2483.95,2521.1,2525.7645489411366,17991,2585,45441030.0,3833.0,21.31,69.55,20.1,Bajaj Auto,2521.1,1.001562437402348,2424.65,2364.42,
2016-04-25,2521.8,2560.0,2520.0,2543.25,2547.310623098293,22677,1953,57765363.0,7290.0,32.15,40.0,21.45,Bajaj Auto,2543.25,0.8785847447542849,2436.2225,2368.063,
2016-04-26,2535.0,2560.0,2509.0,2549.65,2539.9555992141454,17815,2025,45249309.0,4715.0,26.47,51.0,14.65,Bajaj Auto,2549.65,0.25164651528555293,2448.2225,2372.0820000000003,
2016-04-27,2556.0,2581.3,2540.0,2549.1,2554.6730941704036,11150,1234,28484605.0,2013.0,18.05,41.3,-6.9,Bajaj Auto,2549.1,-0.02157158825721872,2457.955,2375.511,
2016-04-28,2548.9,2557.0,2481.75,2488.45,2519.517071260768,12770,1424,32174233.0,1741.0,13.63,75.25,-60.45,Bajaj Auto,2488.45,-2.3792711152956003,2464.6025,2377.859,
2016-04-29,2490.0,2502.0,2465.55,2484.6,2484.427366972408,132247,2693,328558066.0,111587.0,84.38,36.45,-5.4,Bajaj Auto,2484.6,-0.15471478229419633,2471.4674999999997,2380.928,
2016-05-02,2486.0,2520.0,2450.0,2477.55,2476.100261344737,12627,1257,31265718.0,2784.0,22.05,70.0,-8.45,Bajaj Auto,2477.55,-0.2837478869838095,2474.4849999999997,2384.42,
2016-05-03,2480.0,2500.0,2453.0,2463.2,2467.848778004073,15712,2003,38774840.0,2276.0,14.49,47.0,-16.8,Bajaj Auto,2463.2,-0.5792012270186442,2477.34,2386.819,
2016-05-04,2469.0,2474.9,2450.45,2459.2,2460.757324345346,7714,900,18982282.0,1239.0,16.06,24.45,-9.8,Bajaj Auto,2459.2,-0.16239038648911963,2479.4425,2389.308,
2016-05-05,2473.4,2486.0,2448.0,2453.0,2463.3112151248165,10896,964,26840239.0,1518.0,13.93,38.0,-20.4,Bajaj Auto,2453.0,-0.25211450878334096,2479.6075,2391.23,
2016-05-06,2453.0,2453.0,2430.0,2435.85,2438.8011393746688,7548,1033,18408071.0,1765.0,23.38,23.0,-17.15,Bajaj Auto,2435.85,-0.6991439054219395,2481.5775,2391.837,
2016-05-09,2453.0,2539.65,2450.5,2527.95,2507.269691499836,24376,2015,61117206.0,9497.0,38.96,89.15,74.95,Bajaj Auto,2527.95,3.781020998829976,2488.1375,2393.256,
2016-05-10,2526.15,2544.7,2500.6,2532.8,2522.8137233579814,9196,995,23199795.0,1593.0,17.32,44.1,6.65,Bajaj Auto,2532.8,0.19185506042447287,2496.0375,2394.406,
2016-05-11,2521.8,2554.35,2499.35,2517.75,2526.088403604552,15203,1679,38404122.0,3344.0,22.0,55.0,-4.05,Bajaj Auto,2517.75,-0.5942040429564144,2502.3925,2396.8360000000002,
2016-05-12,2518.0,2554.8,2517.35,2550.45,2544.2788999444847,23417,1878,59579379.0,10782.0,46.04,37.45,32.45,Bajaj Auto,2550.45,1.2987786714328209,2508.325,2400.9519999999998,
2016-05-13,2554.8,2554.8,2506.0,2514.3,2518.7160714285715,8400,970,21157215.0,1394.0,16.6,48.8,-40.5,Bajaj Auto,2514.3,-1.4173969299535183,2511.085,2404.8819999999996,
2016-05-16,2526.75,2526.75,2457.7,2518.6,2498.035062399185,11779,1868,29424355.0,1544.0,13.11,69.05,-8.15,Bajaj Auto,2518.6,0.17102175555818722,2507.975,2410.5170000000003,
2016-05-17,2520.0,2535.75,2503.85,2513.0,2519.0236514145363,10993,1518,27691627.0,3027.0,27.54,31.9,-7.0,Bajaj Auto,2513.0,-0.22234574763757564,2506.61,2416.769,
2016-05-18,2503.8,2503.8,2456.8,2466.45,2470.982723918148,11924,1687,29463998.0,3291.0,27.6,47.0,-37.35,Bajaj Auto,2466.45,-1.852367688022294,2503.1175,2420.8979999999997,
2016-05-19,2470.0,2470.0,2430.0,2440.7,2447.652503052503,20475,1957,50115685.0,5174.0,25.27,40.0,-29.3,Bajaj Auto,2440.7,-1.0440106225546808,2500.3475,2425.04,
2016-05-20,2440.3,2466.0,2429.5,2461.0,2454.1449777469816,37523,2860,92086882.0,15913.0,42.41,36.5,20.7,Bajaj Auto,2461.0,0.8317286024501325,2497.3424999999997,2428.675,
2016-05-23,2466.0,2466.0,2405.0,2416.75,2429.3443468770156,20157,1974,48968294.0,5168.0,25.64,61.0,-49.25,Bajaj Auto,2416.75,-1.7980495733441737,2491.0175,2430.916,
2016-05-24,2421.0,2421.0,2366.0,2384.5,2388.9202162811653,16645,2133,39763577.0,4051.0,24.34,55.0,-36.5,Bajaj Auto,2384.5,-1.334436743560563,2482.7599999999998,2432.269,
2016-05-25,2395.35,2505.0,2381.0,2478.85,2460.819603063701,95179,10427,234218349.0,10426.0,10.95,124.0,83.5,Bajaj Auto,2478.85,3.956804361501365,2479.2475,2435.569,
2016-05-26,2488.0,2517.35,2478.5,2505.15,2499.114912451633,35923,3449,89775705.0,9287.0,25.85,38.85,17.15,Bajaj Auto,2505.15,1.0609758557395654,2480.0824999999995,2439.274,
2016-05-27,2501.4,2581.1,2490.0,2567.45,2551.992326384448,39095,3766,99770140.0,14981.0,38.32,91.1,66.05,Bajaj Auto,2567.45,2.4868770333113632,2484.225,2444.107,
2016-05-30,2567.45,2614.95,2567.45,2608.75,2595.8609749610546,26319,2475,68320465.0,10030.0,38.11,47.5,41.3,Bajaj Auto,2608.75,1.6085999727355915,2490.7850000000003,2450.0209999999997,
2016-05-31,2610.0,2642.0,2606.2,2618.9,2625.7851470046808,19013,2281,49924053.0,6723.0,35.36,35.8,8.9,Bajaj Auto,2618.9,0.3890752275994336,2498.5699999999997,2456.83,
2016-06-01,2625.0,2633.0,2594.75,2602.7,2613.2715570085816,14682,1530,38368053.0,2658.0,18.1,38.25,-22.3,Bajaj Auto,2602.7,-0.6185803199816875,2505.745,2463.891,
2016-06-02,2602.0,2602.0,2558.0,2594.85,2584.7969286064367,24484,2280,63286168.0,3297.0,13.47,44.0,-7.15,Bajaj Auto,2594.85,-0.3016098666769107,2512.8375,2470.3920000000003,
2016-06-03,2599.0,2658.0,2594.85,2635.0,2639.8284621808116,22753,2509,60064017.0,5397.0,23.72,63.15,36.0,Bajaj Auto,2635.0,1.547295604755572,2522.795,2477.055,
2016-06-06,2635.0,2647.0,2620.45,2633.25,2633.9115168539324,13528,1639,35631555.0,4309.0,31.85,26.55,-1.75,Bajaj Auto,2633.25,-0.06641366223908429,2528.06,2483.4840000000004,
2016-06-07,2645.0,2657.65,2627.4,2642.25,2644.3029593191222,12807,1571,33865588.0,3713.0,28.99,30.25,-2.75,Bajaj Auto,2642.25,0.3417829678154405,2533.5325000000003,2490.136,
2016-06-08,2637.1,2655.05,2624.6,2631.55,2638.171608236674,30692,2652,80970763.0,16019.0,52.19,30.45,-5.55,Bajaj Auto,2631.55,-0.4049578957327937,2539.2225000000003,2495.678,
2016-06-09,2655.0,2655.0,2580.0,2593.25,2604.1714285714284,15540,2127,40468824.0,4641.0,29.86,75.0,-61.75,Bajaj Auto,2593.25,-1.455416009576116,2541.3625,2500.433,
2016-06-10,2593.5,2620.85,2570.0,2585.05,2586.2981886865555,20648,1850,53401885.0,8965.0,43.42,50.85,-8.45,Bajaj Auto,2585.05,-0.3162055335968361,2544.9,2505.188,
2016-06-13,2579.95,2593.85,2555.2,2587.2,2573.8093471066086,9971,1070,25663453.0,1213.0,12.17,38.65,7.25,Bajaj Auto,2587.2,0.08317053828743592,2548.33,2508.5879999999997,
2016-06-14,2572.9,2579.5,2549.25,2561.2,2560.5142743221686,12540,1481,32108849.0,2868.0,22.87,30.25,-11.7,Bajaj Auto,2561.2,-1.0049474335188657,2550.74,2511.69,
2016-06-15,2573.95,2610.85,2564.15,2602.1,2596.1617862026687,21207,1415,55056803.0,7547.0,35.59,46.7,28.15,Bajaj Auto,2602.1,1.5969076995158593,2557.5225,2515.389,
2016-06-16,2585.0,2588.9,2551.5,2566.4,2568.1123522895123,21664,2220,55635586.0,5952.0,27.47,37.4,-18.6,Bajaj Auto,2566.4,-1.371968794435252,2563.8075,2517.723,
2016-06-17,2579.6,2590.0,2557.45,2577.1,2571.53748027354,7604,810,19553971.0,1221.0,16.06,32.55,-2.5,Bajaj Auto,2577.1,0.416926433915199,2569.6125,2521.3360000000002,
2016-06-20,2550.0,2619.0,2549.0,2612.05,2604.876026654269,12906,1700,33618530.0,2970.0,23.01,70.0,62.05,Bajaj Auto,2612.05,1.3561755461565461,2579.3775,2525.6420000000003,
2016-06-21,2610.1,2649.85,2610.1,2625.2,2632.117320390048,22869,2546,60193891.0,3741.0,16.36,39.75,15.1,Bajaj Auto,2625.2,0.5034359985451875,2591.4125,2530.65,
2016-06-22,2626.2,2639.5,2615.0,2626.65,2625.925892696932,5573,767,14634285.0,976.0,17.51,24.5,0.45,Bajaj Auto,2626.65,0.05523388694195219,2598.8025,2535.37,
2016-06-23,2631.9,2666.95,2600.0,2651.25,2631.869864661654,33250,2323,87509673.0,13386.0,40.26,66.95,19.35,Bajaj Auto,2651.25,0.9365541659528187,2606.1075,2539.759,
2016-06-24,2592.0,2687.4,2562.0,2679.0,2633.802952359651,31297,2754,82430131.0,6847.0,21.88,125.4,87.0,Bajaj Auto,2679.0,1.046676096181054,2611.685,2544.157,
2016-06-27,2680.0,2702.55,2642.0,2651.6,2667.606384729307,24308,2489,64844176.0,3674.0,15.11,60.55,-28.4,Bajaj Auto,2651.6,-1.022769690182912,2613.8275,2545.573,
2016-06-28,2651.6,2671.05,2614.0,2626.2,2638.34236482757,41669,3500,109937088.0,7443.0,17.86,57.05,-25.4,Bajaj Auto,2626.2,-0.957912203952338,2614.1925,2547.2909999999997,
2016-06-29,2636.5,2650.55,2632.5,2644.75,2643.362401560581,27682,1955,73173558.0,12188.0,44.03,18.05,8.25,Bajaj Auto,2644.75,0.7063437666590566,2616.295,2549.46,
2016-06-30,2650.0,2695.0,2650.0,2686.25,2675.6233653202407,44810,3733,119894683.0,10627.0,23.72,45.0,36.25,Bajaj Auto,2686.25,1.5691464221571083,2620.8650000000002,2553.263,
2016-07-01,2689.95,2719.0,2661.95,2668.9,2692.898055157022,25092,2498,67570198.0,6161.0,24.55,57.05,-21.05,Bajaj Auto,2668.9,-0.6458818054909221,2622.56,2556.219,
2016-07-04,2684.4,2689.1,2640.0,2650.85,2656.970663436953,14862,1372,39487898.0,2873.0,19.33,49.1,-33.55,Bajaj Auto,2650.85,-0.6763085915545752,2623.44,2558.3709999999996,
2016-07-05,2650.0,2650.0,2604.0,2613.95,2615.9759965709386,16331,2041,42721504.0,5941.0,36.38,46.0,-36.05,Bajaj Auto,2613.95,-1.392006337589835,2622.025,2559.657,
2016-07-07,2634.7,2634.7,2590.55,2610.4,2606.98364081868,13876,1273,36174505.0,5072.0,36.55,44.15,-24.3,Bajaj Auto,2610.4,-0.13580978978173786,2620.9674999999997,2560.883,
2016-07-08,2616.3,2635.95,2597.0,2606.45,2611.0851546638005,16746,1147,43725232.0,10089.0,60.25,38.95,-9.85,Bajaj Auto,2606.45,-0.15131780570029063,2621.6274999999996,2563.243,
2016-07-11,2625.0,2661.15,2623.1,2649.2,2629.1524074364784,89182,2258,234473070.0,68939.0,77.3,38.05,24.2,Bajaj Auto,2649.2,1.6401619060407935,2624.835,2566.535,
2016-07-12,2649.2,2674.95,2638.0,2652.15,2655.784827975184,10638,1155,28252239.0,2456.0,23.09,36.95,2.95,Bajaj Auto,2652.15,0.11135437113092284,2628.0824999999995,2570.027,
2016-07-13,2643.15,2663.0,2631.0,2655.65,2647.8952359783652,13497,1696,35738642.0,4601.0,34.09,32.0,12.5,Bajaj Auto,2655.65,0.13196840299378731,2632.805,2573.876,
2016-07-14,2620.1,2673.05,2620.1,2661.55,2659.7721893491125,6760,879,17980060.0,1411.0,20.87,52.95,41.45,Bajaj Auto,2661.55,0.2221678308512054,2635.7775,2577.923,
2016-07-15,2675.9,2698.1,2666.05,2688.4,2686.233917245545,13244,1664,35576482.0,3910.0,29.52,32.05,12.5,Bajaj Auto,2688.4,1.008810655445136,2641.8775,2582.631,
2016-07-18,2715.0,2761.15,2705.55,2755.8,2747.6419155509784,38840,3324,106718412.0,15735.0,40.51,55.6,40.8,Bajaj Auto,2755.8,2.5070674006844262,2650.8125,2589.03,
2016-07-19,2756.0,2766.0,2741.9,2750.25,2750.6176479181886,34225,2395,94139889.0,17709.0,51.74,24.1,-5.75,Bajaj Auto,2750.25,-0.2013934247768412,2657.7225,2593.476,
2016-07-20,2758.0,2790.5,2746.5,2769.0,2774.124371779375,15719,2012,43606461.0,3786.0,24.09,44.0,11.0,Bajaj Auto,2769.0,0.681756203981454,2664.9125,2598.2,
2016-07-21,2792.0,2801.05,2758.0,2764.9,2780.92489626556,12050,1922,33510145.0,3450.0,28.63,43.05,-27.1,Bajaj Auto,2764.9,-0.14806789454676617,2671.825,2603.143,
2016-07-22,2765.0,2765.0,2715.0,2720.75,2728.116204756345,16273,1955,44394635.0,7628.0,46.88,50.0,-44.25,Bajaj Auto,2720.75,-1.5968027776773197,2675.3,2606.5490000000004,
2016-07-25,2725.0,2754.0,2680.9,2700.0,2707.12001180928,20323,1965,55016800.0,4006.0,19.71,73.1,-25.0,Bajaj Auto,2700.0,-0.7626573555085892,2676.35,2610.2630000000004,
2016-07-26,2700.0,2714.0,2660.6,2670.15,2687.112320916905,12215,1149,32823077.0,4140.0,33.89,53.4,-29.85,Bajaj Auto,2670.15,-1.1055555555555485,2677.2775,2613.294,
2016-07-27,2680.0,2724.0,2625.0,2668.75,2665.374272916304,109169,10243,290976244.0,16928.0,15.51,99.0,-11.25,Bajaj Auto,2668.75,-0.052431511338313364,2679.4049999999997,2616.409,
2016-07-28,2670.0,2709.95,2650.0,2660.6,2682.81359223301,14935,1630,40067821.0,2658.0,17.8,59.95,-9.4,Bajaj Auto,2660.6,-0.3053864168618303,2680.1974999999998,2620.292,
2016-07-29,2661.9,2724.0,2661.0,2702.0,2704.996646891927,19385,1869,52436360.0,5315.0,27.42,63.0,40.1,Bajaj Auto,2702.0,1.5560399909794853,2680.9849999999997,2625.518,
2016-08-01,2710.5,2779.0,2710.5,2735.4,2749.033163863903,25570,3136,70292778.0,6713.0,26.25,68.5,24.9,Bajaj Auto,2735.4,1.2361213915618174,2684.3100000000004,2631.006,
2016-08-02,2731.55,2777.0,2727.0,2748.45,2755.858065741972,21052,2015,58016324.0,4666.0,22.16,50.0,16.9,Bajaj Auto,2748.45,0.47707830664618367,2689.1899999999996,2637.64,
2016-08-03,2750.0,2756.1,2708.0,2716.3,2730.5036337209303,11008,1205,30057384.0,1176.0,10.68,48.1,-33.7,Bajaj Auto,2716.3,-1.1697502228528722,2694.3075,2644.276,
2016-08-04,2738.0,2773.2,2725.0,2739.8,2748.5422015641134,13554,1465,37253741.0,2260.0,16.67,48.2,1.8,Bajaj Auto,2739.8,0.8651474432131989,2700.7775,2649.495,
2016-08-05,2764.0,2880.0,2757.5,2859.85,2825.2019397298236,34644,3440,97876296.0,8450.0,24.39,122.5,95.85,Bajaj Auto,2859.85,4.381706693919263,2713.4475,2656.5890000000004,
2016-08-08,2877.9,2917.4,2860.05,2873.0,2887.613980043205,19442,1875,56140991.0,4661.0,23.97,57.35,-4.9,Bajaj Auto,2873.0,0.45981432592618887,2724.6375,2662.7,
2016-08-09,2863.1,2893.5,2827.3,2864.15,2869.734193789749,10692,1585,30683198.0,1089.0,10.19,66.2,1.05,Bajaj Auto,2864.15,-0.3080403759136763,2735.2375,2667.808,
2016-08-10,2864.15,2902.0,2843.35,2849.0,2872.2402743289585,16914,1441,48581072.0,2728.0,16.13,58.65,-15.15,Bajaj Auto,2849.0,-0.5289527433968266,2744.905,2672.41,
2016-08-11,2856.95,2886.15,2827.05,2844.7,2853.378457343202,10268,914,29298490.0,932.0,9.08,59.1,-12.25,Bajaj Auto,2844.7,-0.15093015093016193,2754.0625,2677.25,
2016-08-12,2869.6,2901.6,2840.5,2867.45,2874.027896081772,14088,1349,40489305.0,2497.0,17.72,61.1,-2.15,Bajaj Auto,2867.45,0.7997328365029643,2763.015,2682.702,
2016-08-16,2870.0,2892.4,2840.4,2875.65,2868.191671624033,8405,980,24107151.0,1643.0,19.55,52.0,5.65,Bajaj Auto,2875.65,0.285968369108458,2769.0075,2687.515,
2016-08-17,2878.0,2948.0,2878.0,2932.9,2929.5436299292214,19780,2033,57946373.0,3195.0,16.15,70.0,54.9,Bajaj Auto,2932.9,1.9908542416497088,2778.1400000000003,2693.508,
2016-08-18,2932.0,2957.4,2920.6,2942.75,2947.3034671532846,10960,1044,32302446.0,2090.0,19.07,36.8,10.75,Bajaj Auto,2942.75,0.3358450680214009,2786.8275000000003,2699.518,
2016-08-19,2938.0,2944.0,2922.25,2931.5,2933.267049808429,5220,569,15311654.0,1357.0,26.0,21.75,-6.5,Bajaj Auto,2931.5,-0.38229547192252245,2795.1575000000003,2705.5170000000003,
2016-08-22,2931.5,2948.0,2908.2,2931.45,2928.0759791769956,8068,767,23623717.0,2223.0,27.55,39.8,-0.05,Bajaj Auto,2931.45,-0.0017056114617108875,2805.6925,2712.2810000000004,
2016-08-23,2910.5,2918.0,2870.0,2875.25,2875.43774634009,56832,1373,163416878.0,46309.0,81.48,48.0,-35.25,Bajaj Auto,2875.25,-1.9171399819202017,2814.455,2718.085,
2016-08-24,2888.9,2899.0,2851.5,2872.25,2873.771007417144,10651,959,30608535.0,3004.0,28.2,47.5,-16.65,Bajaj Auto,2872.25,-0.10433875315190022,2824.56,2723.7860000000005,
2016-08-25,2874.15,2901.95,2851.0,2863.0,2873.5148107080627,12626,1293,36280998.0,3422.0,27.1,50.95,-11.15,Bajaj Auto,2863.0,-0.3220471755592258,2834.2725,2729.822,
2016-08-26,2870.0,2880.95,2847.0,2857.25,2858.692509635257,17903,1266,51179172.0,8540.0,47.7,33.95,-12.75,Bajaj Auto,2857.25,-0.20083828152287486,2844.105,2734.925,
2016-08-29,2857.3,2899.9,2812.95,2884.3,2858.0841563205418,14176,1327,40516201.0,3336.0,23.53,86.95,27.0,Bajaj Auto,2884.3,0.9467144982063136,2853.2200000000003,2741.283,
2016-08-30,2880.0,3011.85,2880.0,2982.15,2976.281230631499,58084,4020,172874319.0,15959.0,27.48,131.85,102.15,Bajaj Auto,2982.15,3.392504247131023,2865.5575,2749.3839999999996,
2016-08-31,2982.15,3038.0,2970.05,2980.95,3002.312421468318,22284,2164,66903530.0,5252.0,23.57,67.95,-1.2,Bajaj Auto,2980.95,-0.0402394245762383,2877.1825,2756.762,
2016-09-01,2980.0,3017.05,2970.05,2996.55,3001.658402378091,15811,1617,47459221.0,3390.0,21.44,47.0,16.55,Bajaj Auto,2996.55,0.5233231016957829,2891.195,2764.189,
2016-09-02,2990.0,3010.45,2922.7,2999.85,2974.353107249689,29753,3652,88495928.0,5294.0,17.79,87.75,9.85,Bajaj Auto,2999.85,0.1101266456424721,2904.1975,2771.653,
2016-09-06,2999.85,3034.5,2993.0,3006.65,3010.590154383921,17165,1648,51676780.0,5266.0,30.68,41.5,6.8,Bajaj Auto,3006.65,0.22667800056670462,2911.5375,2778.761,
2016-09-07,3020.0,3020.0,2976.55,2985.85,2997.8405187521903,17118,1445,51317034.0,4869.0,28.44,43.45,-34.15,Bajaj Auto,2985.85,-0.6917998436798523,2917.18,2784.8979999999997,
2016-09-08,2995.0,3115.6,2995.0,3090.55,3084.182240565455,40463,3462,124795266.0,7528.0,18.6,120.6,95.55,Bajaj Auto,3090.55,3.5065391764489195,2928.5,2793.6769999999997,
2016-09-09,3122.0,3122.0,3020.0,3034.1,3047.9091365182003,17939,1679,54676442.0,3288.0,18.33,102.0,-87.9,Bajaj Auto,3034.1,-1.8265357298862694,2937.755,2801.835,
2016-09-12,3000.0,3000.0,2929.0,2955.3,2950.588153463172,13658,1831,40299133.0,3157.0,23.11,71.0,-44.7,Bajaj Auto,2955.3,-2.5971457763422356,2943.285,2808.0460000000003,
2016-09-14,2959.9,2993.95,2940.6,2980.05,2968.1379381656498,9671,1118,28704862.0,1393.0,14.4,53.35,20.15,Bajaj Auto,2980.05,0.8374784285859249,2948.915,2813.922,
2016-09-15,2980.05,2980.05,2921.55,2931.95,2937.2663835778194,44038,1224,129351337.0,33714.0,76.56,58.5,-48.1,Bajaj Auto,2931.95,-1.6140668780725287,2951.73,2819.1830000000004,
2016-09-16,2954.45,3029.5,2952.8,2980.0,2991.744816886841,21271,2352,63637404.0,3087.0,14.51,76.7,25.55,Bajaj Auto,2980.0,1.638841044356143,2954.085,2825.7660000000005,
2016-09-19,2985.0,3009.25,2940.05,2945.75,2956.343948105558,13566,1175,40105762.0,4094.0,30.18,69.2,-39.25,Bajaj Auto,2945.75,-1.1493288590604056,2954.2349999999997,2832.402,
2016-09-20,2933.0,2941.45,2878.0,2888.1,2899.31458566004,22385,1945,64901157.0,7402.0,33.07,63.45,-44.9,Bajaj Auto,2888.1,-1.9570567767122182,2952.065,2837.9559999999997,
2016-09-21,2893.0,2961.5,2858.0,2902.9,2919.7231497073208,62355,3235,182059337.0,36088.0,57.88,103.5,9.9,Bajaj Auto,2902.9,0.5124476299297243,2950.6375,2843.885,
2016-09-22,2930.0,2964.0,2914.0,2925.5,2933.72641274583,44187,1776,129632569.0,29222.0,66.13,50.0,-4.5,Bajaj Auto,2925.5,0.7785318130145713,2953.15,2849.4110000000005,
2016-09-23,2925.5,2954.4,2917.05,2926.6,2934.5020536769257,17773,1666,52154905.0,2075.0,11.68,37.35,1.1,Bajaj Auto,2926.6,0.03760041018630034,2955.8675000000003,2854.9,
2016-09-26,2926.6,2926.6,2881.05,2890.75,2896.6229165109494,13379,1242,38753918.0,3394.0,25.37,45.55,-35.85,Bajaj Auto,2890.75,-1.2249709560582245,2957.255,2859.6019999999994,
2016-09-27,2928.0,2928.0,2865.1,2871.05,2889.091719398517,14697,1338,42460981.0,4238.0,28.84,62.9,-56.95,Bajaj Auto,2871.05,-0.6814840439332337,2957.945,2863.792,
2016-09-28,2889.85,2928.8,2874.9,2913.9,2906.3480408454047,21055,1103,61193158.0,12990.0,61.7,53.9,24.05,Bajaj Auto,2913.9,1.4924853276675698,2959.425,2868.302,
2016-09-29,2960.55,2990.0,2839.0,2844.55,2886.6580234421117,23718,2245,68465755.0,5828.0,24.57,151.0,-116.0,Bajaj Auto,2844.55,-2.3799718590205576,2952.545,2870.0769999999993,
2016-09-30,2888.8,2888.8,2820.6,2832.15,2836.0729797080808,22472,2178,63732232.0,4876.0,21.7,68.2,-56.65,Bajaj Auto,2832.15,-0.43592132323214683,2945.105,2871.715,
2016-10-03,2829.0,2905.8,2829.0,2882.55,2880.871996919918,77920,1847,224477546.0,61305.0,78.68,76.8,53.55,Bajaj Auto,2882.55,1.7795667602351628,2939.4049999999997,2873.986,
2016-10-04,2890.0,2916.05,2878.65,2894.35,2893.9016413140125,41613,1612,120423929.0,26536.0,63.77,37.4,4.35,Bajaj Auto,2894.35,0.40935976826073084,2934.13,2876.575,
2016-10-05,2900.9,2900.9,2847.95,2857.2,2863.605921454032,31141,1894,89175552.0,16627.0,53.39,52.95,-43.7,Bajaj Auto,2857.2,-1.2835351633354697,2926.6575000000003,2879.3039999999996,
2016-10-06,2885.8,2885.8,2816.7,2825.9,2836.6521292970756,23388,1126,66343620.0,12936.0,55.31,69.1,-59.9,Bajaj Auto,2825.9,-1.0954780904381844,2918.66,2881.822,
2016-10-07,2826.1,2893.0,2785.5,2883.9,2834.2109594975086,27702,3277,78513312.0,4091.0,14.77,107.5,57.8,Bajaj Auto,2883.9,2.052443469337195,2908.3275,2886.097,
2016-10-10,2883.9,2910.0,2860.0,2874.85,2879.777582818641,14248,850,41031071.0,4369.0,30.66,50.0,-9.05,Bajaj Auto,2874.85,-0.3138111585006431,2900.365,2890.219,
2016-10-13,2899.9,2899.9,2815.0,2823.75,2826.561013289655,53726,1856,151859817.0,38694.0,72.02,84.9,-76.15,Bajaj Auto,2823.75,-1.777484042645705,2893.7875,2893.482,
2016-10-14,2842.45,2847.4,2797.5,2804.8,2811.246545696687,12014,1201,33774316.0,3852.0,32.06,49.9,-37.65,Bajaj Auto,2804.8,-0.6710934041611272,2885.025,2895.538,SELL
2016-10-17,2816.0,2816.0,2749.0,2754.3,2772.0398487289026,14279,1652,39581957.0,5122.0,35.87,67.0,-61.7,Bajaj Auto,2754.3,-1.8004848830576181,2876.1425000000004,2895.9159999999997,
2016-10-18,2763.05,2810.0,2757.5,2790.85,2786.2776835116197,13555,1900,37767994.0,5063.0,37.35,52.5,27.8,Bajaj Auto,2790.85,1.3270159387140046,2866.6850000000004,2896.7639999999997,
2016-10-19,2800.0,2818.3,2770.0,2787.15,2795.980330290011,14896,1389,41648923.0,2956.0,19.84,48.3,-12.85,Bajaj Auto,2787.15,-0.1325760968880374,2858.755,2898.1809999999996,
2016-10-20,2799.0,2826.0,2782.35,2788.25,2801.328573080481,17296,1621,48451779.0,7113.0,41.13,43.65,-10.75,Bajaj Auto,2788.25,0.03946683888560454,2853.7625,2899.15,
2016-10-21,2810.0,2812.5,2780.55,2798.95,2796.7500795924866,6282,874,17569184.0,1213.0,19.31,31.95,-11.05,Bajaj Auto,2798.95,0.3837532502465546,2848.565,2897.9320000000002,
2016-10-24,2813.8,2813.8,2785.0,2789.3,2794.75831702544,6132,824,17137458.0,2204.0,35.94,28.8,-24.5,Bajaj Auto,2789.3,-0.34477214669785816,2841.755,2896.258,
2016-10-25,2795.35,2811.5,2787.15,2799.95,2800.604023383769,5816,1084,16288313.0,1215.0,20.89,24.35,4.6,Bajaj Auto,2799.95,0.3818162262933189,2835.4224999999997,2894.974,
2016-10-26,2796.0,2842.95,2792.75,2818.65,2816.81365675614,65755,2105,185219582.0,25895.0,39.38,50.2,22.65,Bajaj Auto,2818.65,0.667869069090532,2831.8175,2894.367,
2016-10-27,2844.0,2844.0,2751.0,2764.35,2786.9897951637954,13523,1790,37688463.0,3155.0,23.33,93.0,-79.65,Bajaj Auto,2764.35,-1.9264541535841673,2826.4825,2892.76,
2016-10-28,2788.0,2858.95,2767.5,2834.65,2823.308324945701,151016,8466,426364730.0,22499.0,14.9,91.45,46.65,Bajaj Auto,2834.65,2.5430933130754063,2822.52,2892.104,
2016-10-30,2860.0,2874.25,2820.0,2833.45,2842.0,2935,270,8341270.0,861.0,29.34,54.25,-26.55,Bajaj Auto,2833.45,-0.04233326865751286,2821.9649999999997,2891.26,
2016-11-01,2830.0,2910.0,2811.2,2824.7,2840.640051562026,39564,3385,112387083.0,15045.0,38.03,98.8,-5.3,Bajaj Auto,2824.7,-0.3088108136723777,2821.5925,2889.0959999999995,
2016-11-02,2802.35,2839.8,2771.0,2817.65,2802.0955362003265,18370,1946,51474495.0,3081.0,16.77,68.8,15.3,Bajaj Auto,2817.65,-0.24958402662228485,2818.3475,2886.594,
2016-11-03,2820.0,2852.2,2792.55,2831.45,2828.2498310810806,17760,2372,50229717.0,4533.0,25.52,59.65,11.45,Bajaj Auto,2831.45,0.4897698436640452,2815.2025000000003,2884.593,
2016-11-04,2829.9,2849.0,2805.0,2813.35,2824.0864900372235,18268,2028,51590412.0,4438.0,24.29,44.0,-16.55,Bajaj Auto,2813.35,-0.6392484416111843,2813.0099999999998,2882.2309999999998,
2016-11-07,2814.35,2848.05,2787.05,2828.1,2822.749452261551,20539,2111,57976451.0,3086.0,15.03,61.0,13.75,Bajaj Auto,2828.1,0.5242859935663979,2813.12,2881.288,
2016-11-08,2828.0,2875.0,2824.95,2865.7,2860.9189015577326,18681,1942,53444826.0,5039.0,26.97,50.05,37.7,Bajaj Auto,2865.7,1.329514515045438,2812.21,2881.1569999999997,
2016-11-09,2775.0,2824.65,2666.1,2781.6,2752.594164915317,40445,6010,111328671.0,6657.0,16.46,158.55,6.6,Bajaj Auto,2781.6,-2.9347105419269215,2807.5475,2879.5289999999995,
2016-11-10,2800.95,2849.0,2715.6,2735.3,2775.3399829892523,25866,2701,71786944.0,6138.0,23.73,133.4,-65.65,Bajaj Auto,2735.3,-1.6645096347425836,2803.125,2877.09,
2016-11-11,2735.3,2857.0,2635.05,2648.05,2671.186851338873,27075,2757,72322384.0,5375.0,19.85,221.95,-87.25,Bajaj Auto,2648.05,-3.18977808649874,2795.2875,2872.365,
2016-11-15,2644.0,2656.55,2510.0,2575.75,2571.6377261535167,28023,3255,72065004.0,4541.0,16.2,146.55,-68.25,Bajaj Auto,2575.75,-2.7303109835539408,2786.3599999999997,2864.237,
2016-11-16,2576.0,2660.0,2572.0,2610.85,2618.1482864602267,30259,2812,79222549.0,1877.0,6.2,88.0,34.85,Bajaj Auto,2610.85,1.3627098903232104,2777.3599999999997,2856.835,
2016-11-17,2588.0,2653.0,2524.9,2544.35,2574.0397564587793,30385,3701,78212198.0,3583.0,11.79,128.1,-43.65,Bajaj Auto,2544.35,-2.5470632169599994,2765.22,2847.791,
2016-11-18,2550.0,2580.0,2547.0,2574.6,2568.435152951633,13501,1197,34676443.0,2146.0,15.9,33.0,24.6,Bajaj Auto,2574.6,1.1889087586220537,2754.5375,2839.2859999999996,
2016-11-21,2571.6,2584.1,2512.5,2527.6,2540.518186379029,15946,1635,40511103.0,3393.0,21.28,71.6,-44.0,Bajaj Auto,2527.6,-1.8255262953468465,2740.9700000000003,2829.705,
2016-11-22,2565.0,2610.9,2518.55,2600.6,2570.5325075930145,21072,1990,54166261.0,6280.0,29.8,92.35,35.6,Bajaj Auto,2600.6,2.8881152081025485,2731.535,2822.0,
2016-11-23,2600.0,2622.35,2567.5,2595.75,2594.9530994051206,23198,1907,60197722.0,5067.0,21.84,54.85,-4.25,Bajaj Auto,2595.75,-0.1864954241328931,2721.325,2812.1040000000003,
2016-11-24,2596.0,2651.2,2558.05,2632.3,2625.271648614815,18373,1917,48234116.0,1970.0,10.72,93.15,36.3,Bajaj Auto,2632.3,1.408070885100643,2712.0074999999997,2804.0679999999998,
2016-11-25,2630.0,2641.95,2603.7,2612.85,2615.0635607778463,14553,1381,38057020.0,4280.0,29.41,38.25,-17.15,Bajaj Auto,2612.85,-0.73889754207348,2704.4325,2797.2189999999996,
2016-11-28,2622.8,2662.0,2615.05,2637.45,2639.829185574397,20935,1935,55264824.0,1848.0,8.83,46.95,14.65,Bajaj Auto,2637.45,0.9415006601986242,2694.5724999999998,2790.367,
2016-11-29,2637.45,2690.0,2637.45,2661.8,2668.490092690237,18017,1522,48078186.0,2621.0,14.55,52.55,24.35,Bajaj Auto,2661.8,0.9232402510000348,2685.9900000000002,2784.9639999999995,
2016-11-30,2687.0,2690.0,2664.9,2683.75,2681.314618951029,13804,1154,37012867.0,2453.0,17.77,25.1,-3.25,Bajaj Auto,2683.75,0.8246299496581289,2678.9425,2779.0389999999998,
2016-12-01,2680.55,2714.0,2666.7,2685.15,2681.9824749938,12097,1255,32443942.0,1799.0,14.87,47.3,4.6,Bajaj Auto,2685.15,0.052165812761995056,2672.3175,2773.8269999999993,
2016-12-02,2666.7,2723.45,2653.55,2702.45,2685.8602777021506,18365,1793,49325824.0,1364.0,7.43,69.9,35.75,Bajaj Auto,2702.45,0.6442843044150104,2665.8675,2770.114,
2016-12-05,2700.0,2757.45,2689.55,2737.5,2727.963017553263,22389,1912,61076364.0,5226.0,23.34,67.9,37.5,Bajaj Auto,2737.5,1.2969712668134514,2662.075,2766.8059999999996,
2016-12-06,2750.9,2752.45,2720.55,2728.05,2734.002248688265,12007,1236,32827165.0,2917.0,24.29,31.9,-22.85,Bajaj Auto,2728.05,-0.3452054794520487,2657.0724999999998,2762.8569999999995,
2016-12-07,2755.0,2755.0,2685.55,2701.7,2714.0519059205194,9864,1000,26771408.0,1668.0,16.91,69.45,-53.3,Bajaj Auto,2701.7,-0.9658913876212094,2648.8725000000004,2758.3590000000004,
2016-12-08,2721.0,2787.9,2721.0,2773.75,2761.8375024145257,20708,1884,57192131.0,4992.0,24.11,66.9,52.75,Bajaj Auto,2773.75,2.666839397416454,2648.48,2756.0190000000002,
2016-12-09,2778.5,2778.5,2712.6,2719.55,2729.2693090097773,15239,1603,41591335.0,4186.0,27.47,65.9,-58.95,Bajaj Auto,2719.55,-1.9540333483551109,2647.6925,2752.9889999999996,
2016-12-12,2725.0,2725.0,2646.05,2652.75,2663.8683604069474,17791,1817,47392882.0,6231.0,35.02,78.95,-72.25,Bajaj Auto,2652.75,-2.4562887242374765,2647.9275000000002,2747.7659999999996,
2016-12-13,2656.0,2667.15,2646.0,2659.4,2658.77906538534,10614,1028,28220281.0,3290.0,31.0,21.15,3.4,Bajaj Auto,2659.4,0.2506832532277903,2652.1099999999997,2744.0630000000006,
2016-12-14,2665.0,2665.7,2633.0,2649.45,2647.8883681295274,7041,877,18643782.0,1560.0,22.16,32.7,-15.55,Bajaj Auto,2649.45,-0.3741445438820934,2654.04,2740.4089999999997,
2016-12-15,2649.0,2697.5,2632.5,2674.65,2675.1031282450676,15408,1684,41217989.0,2957.0,19.19,65.0,25.65,Bajaj Auto,2674.65,0.951140802808137,2660.5550000000003,2736.2509999999997,
2016-12-16,2697.0,2697.0,2653.15,2658.9,2664.3593073593074,8778,1032,23387746.0,2116.0,24.11,43.85,-38.1,Bajaj Auto,2658.9,-0.5888620941057687,2664.7699999999995,2731.542,
2016-12-19,2659.0,2659.0,2635.0,2646.3,2647.0730960581704,5226,709,13833604.0,1210.0,23.15,24.0,-12.7,Bajaj Auto,2646.3,-0.473880176012631,2670.705,2727.324,
2016-12-20,2657.95,2664.85,2572.0,2585.4,2589.3272004398764,23643,2588,61219463.0,8169.0,34.55,92.85,-72.55,Bajaj Auto,2585.4,-2.3013263802290074,2669.945,2722.5139999999997,
2016-12-21,2597.5,2631.25,2580.75,2585.65,2602.6437508061395,7753,965,20178297.0,1752.0,22.6,50.5,-11.85,Bajaj Auto,2585.65,0.009669683607960167,2669.44,2716.5489999999995,
2016-12-22,2586.0,2589.0,2555.6,2566.55,2570.6811856906756,18757,1921,48218267.0,6209.0,33.1,33.4,-19.45,Bajaj Auto,2566.55,-0.7386923984297966,2666.1524999999997,2710.383,
2016-12-23,2564.15,2635.0,2554.55,2621.35,2607.3756036636137,12010,1289,31314581.0,2888.0,24.05,80.45,57.2,Bajaj Auto,2621.35,2.13516198788255,2666.5775,2706.335,
2016-12-26,2618.0,2618.35,2578.0,2596.7,2597.001249132547,7205,922,18711394.0,2181.0,30.27,40.35,-21.3,Bajaj Auto,2596.7,-0.9403551605088989,2664.54,2702.173,
2016-12-27,2563.0,2642.0,2563.0,2633.6,2604.4694984184366,15491,1552,40345837.0,1423.0,9.19,79.0,70.6,Bajaj Auto,2633.6,1.4210343898024558,2663.13,2699.759,
2016-12-28,2629.35,2653.0,2624.55,2631.6,2641.3070270270273,6475,806,17102463.0,2009.0,31.03,28.45,2.25,Bajaj Auto,2631.6,-0.07594167679222386,2660.5225,2696.574,
2016-12-29,2621.0,2665.65,2611.5,2655.45,2638.2514935661766,8704,1079,22963341.0,1523.0,17.5,54.15,34.45,Bajaj Auto,2655.45,0.9062927496579887,2659.0375,2693.94,
2016-12-30,2655.55,2667.0,2627.25,2633.85,2642.002120073239,10377,1231,27416056.0,2068.0,19.93,39.75,-21.7,Bajaj Auto,2633.85,-0.813421453990848,2655.6075,2690.8520000000003,
2017-01-02,2640.0,2658.3,2556.0,2596.8,2587.110088606513,35099,3376,90804977.0,8595.0,24.49,102.3,-43.2,Bajaj Auto,2596.8,-1.406686029956139,2648.5724999999998,2686.809,
2017-01-03,2590.0,2630.6,2566.0,2620.1,2594.789026362303,26591,2571,68998035.0,7602.0,28.59,64.6,30.1,Bajaj Auto,2620.1,0.8972581638940103,2643.175,2683.425,
2017-01-04,2626.0,2705.8,2619.0,2688.55,2661.2660287081335,16720,2605,44496368.0,4771.0,28.53,86.8,62.55,Bajaj Auto,2688.55,2.6124957062707566,2642.5175,2681.197,
2017-01-05,2688.55,2727.0,2685.0,2720.95,2708.1193271295638,13970,1856,37832427.0,2741.0,19.62,42.0,32.4,Bajaj Auto,2720.95,1.2051105614550472,2639.8775,2679.243,
2017-01-06,2718.45,2740.0,2697.6,2708.4,2719.1705376620043,7793,1055,21190496.0,1379.0,17.7,42.4,-10.05,Bajaj Auto,2708.4,-0.4612359653797249,2639.3199999999997,2678.1240000000003,
2017-01-09,2726.0,2744.0,2708.5,2721.05,2724.779129540781,5836,711,15901811.0,1067.0,18.28,35.5,-4.95,Bajaj Auto,2721.05,0.4670654260818141,2642.7349999999997,2675.8520000000003,
2017-01-10,2723.55,2746.1,2713.05,2740.8,2729.7517997069504,15697,2370,42848914.0,7781.0,49.57,33.05,17.25,Bajaj Auto,2740.8,0.7258227522463745,2646.8050000000003,2673.999,
2017-01-11,2700.1,2750.45,2700.1,2717.55,2720.1211794802743,14854,1391,40404680.0,8429.0,56.75,50.35,17.45,Bajaj Auto,2717.55,-0.8482924693520189,2650.21,2671.8559999999998,
2017-01-12,2720.0,2740.0,2710.0,2731.5,2723.32894457422,14127,1462,38472468.0,7784.0,55.1,30.0,11.5,Bajaj Auto,2731.5,0.5133300215267367,2653.0525000000002,2670.133,
2017-01-13,2730.0,2751.5,2692.7,2708.05,2722.5310110974106,16220,1312,44159453.0,8029.0,49.5,58.8,-21.95,Bajaj Auto,2708.05,-0.8585026542192842,2655.51,2667.665,
2017-01-16,2708.05,2726.55,2688.05,2722.0,2713.123637071651,5136,576,13934603.0,1453.0,28.29,38.5,13.95,Bajaj Auto,2722.0,0.5151308136851274,2659.295,2665.8379999999997,
2017-01-17,2722.0,2742.25,2708.15,2729.9,2723.525068631701,13842,1374,37699034.0,3881.0,28.04,34.1,7.9,Bajaj Auto,2729.9,0.2902277736958059,2666.52,2663.874,BUY
2017-01-18,2730.05,2740.0,2693.65,2704.3,2710.5746961576206,13247,1425,35906983.0,3898.0,29.43,46.35,-25.75,Bajaj Auto,2704.3,-0.9377632880325226,2672.4525,2660.6459999999997,
2017-01-19,2705.0,2711.5,2683.55,2695.95,2698.406582900847,7322,956,19757733.0,1676.0,22.89,27.95,-9.05,Bajaj Auto,2695.95,-0.3087675183966465,2678.9225,2658.933,
2017-01-20,2695.95,2718.0,2688.0,2698.35,2706.754749299284,12844,749,34765558.0,4509.0,35.11,30.0,2.4,Bajaj Auto,2698.35,0.08902242252266657,2682.7725,2658.1940000000004,
2017-01-23,2700.0,2715.9,2688.0,2707.4,2705.025970010821,6469,725,17498813.0,1593.0,24.63,27.9,7.4,Bajaj Auto,2707.4,0.3353901458298614,2688.3075,2659.381,
2017-01-24,2707.4,2811.0,2702.0,2796.1,2763.2710211397543,37938,3213,104832976.0,9929.0,26.17,109.0,88.7,Bajaj Auto,2796.1,3.2762059540518473,2696.4325,2663.788,
2017-01-25,2798.0,2868.5,2773.05,2851.0,2821.4913932450445,35263,3417,99494251.0,6004.0,17.03,95.45,53.0,Bajaj Auto,2851.0,1.9634490898036594,2707.4025,2668.591,
2017-01-27,2850.0,2871.5,2827.2,2853.5,2845.5635351553587,21917,2380,62366216.0,5026.0,22.93,44.3,3.5,Bajaj Auto,2853.5,0.08768853034022417,2717.3050000000003,2674.7740000000003,
2017-01-30,2853.5,2854.0,2813.0,2825.35,2827.8268845897264,5996,834,16955650.0,1137.0,18.96,41.0,-28.15,Bajaj Auto,2825.35,-0.986507797441738,2726.88,2679.789,
2017-01-31,2825.35,2917.05,2792.3,2837.75,2869.5664115107916,86875,7428,249293582.0,5569.0,6.41,124.75,12.4,Bajaj Auto,2837.75,0.4388836781283878,2738.9275000000002,2685.9919999999997,
2017-02-01,2845.05,2873.0,2810.7,2856.65,2847.74094949057,23065,2558,65683145.0,5884.0,25.51,62.3,11.6,Bajaj Auto,2856.65,0.6660206149238013,2750.755,2691.1130000000003,
2017-02-02,2856.65,2856.65,2801.35,2808.8,2821.649127743388,24878,1980,70196987.0,7192.0,28.91,55.3,-47.85,Bajaj Auto,2808.8,-1.675038944217877,2756.7675,2695.3740000000003,
2017-02-03,2809.0,2816.8,2790.0,2809.95,2805.018488591854,36509,1779,102408420.0,24104.0,66.02,26.8,0.95,Bajaj Auto,2809.95,0.04094275135286818,2761.2174999999997,2698.927,
2017-02-06,2819.0,2825.85,2785.0,2798.6,2801.3034442384624,10249,922,28710559.0,3417.0,33.34,40.85,-20.4,Bajaj Auto,2798.6,-0.4039217779675752,2765.7275,2702.6419999999994,
2017-02-07,2802.0,2802.0,2756.8,2775.0,2768.310108604845,17955,1519,49705008.0,6045.0,33.67,45.2,-27.0,Bajaj Auto,2775.0,-0.843278782248269,2768.425,2705.3930000000005,
2017-02-08,2780.0,2792.6,2761.55,2786.2,2780.5925635239873,10193,1051,28342580.0,2206.0,21.64,31.05,6.2,Bajaj Auto,2786.2,0.40360360360358616,2770.6949999999997,2707.881,
2017-02-09,2795.0,2805.95,2752.15,2785.25,2774.361249544184,16454,1550,45649340.0,1164.0,7.07,53.8,-9.75,Bajaj Auto,2785.25,-0.03409661905102723,2774.08,2709.9109999999996,
2017-02-10,2785.25,2812.5,2774.25,2795.8,2796.134914429676,11511,1031,32186309.0,2943.0,25.57,38.25,10.55,Bajaj Auto,2795.8,0.3787810788977719,2777.295,2712.1240000000003,
2017-02-13,2802.1,2818.0,2784.6,2806.4,2798.728830313015,6070,648,16988284.0,1681.0,27.69,33.4,4.3,Bajaj Auto,2806.4,0.37914013877959896,2782.2125,2714.2030000000004,
2017-02-14,2803.45,2803.45,2759.0,2779.4,2778.008555310644,26767,1742,74358955.0,18779.0,70.16,44.45,-24.05,Bajaj Auto,2779.4,-0.9620866590649979,2785.0825,2715.041,
2017-02-15,2779.4,2803.0,2764.55,2790.0,2787.3279479326184,26120,721,72805006.0,19783.0,75.74,38.45,10.6,Bajaj Auto,2790.0,0.3813772756710021,2788.0875,2716.28,
2017-02-16,2798.55,2798.55,2766.0,2788.5,2779.629988262911,10224,1465,28418937.0,2556.0,25.0,32.55,-10.05,Bajaj Auto,2788.5,-0.053763440860210565,2792.2975,2718.0160000000005,
2017-02-17,2788.5,2790.0,2753.0,2781.5,2774.677717536219,11251,990,31217899.0,3530.0,31.37,37.0,-7.0,Bajaj Auto,2781.5,-0.2510310202617938,2796.575,2718.1710000000003,
2017-02-20,2771.5,2818.35,2767.45,2793.1,2800.237938901564,17971,1533,50323076.0,3814.0,21.22,50.9,21.6,Bajaj Auto,2793.1,0.4170411648391159,2801.3125,2719.6420000000003,
2017-02-21,2795.0,2811.45,2775.0,2806.1,2796.40104879161,13158,1129,36795045.0,4472.0,33.99,36.45,11.1,Bajaj Auto,2806.1,0.4654326733736669,2806.2475,2722.7090000000003,
2017-02-22,2803.0,2807.45,2780.0,2799.8,2796.702895220588,17408,967,48685004.0,9492.0,54.53,27.45,-3.2,Bajaj Auto,2799.8,-0.2245108869961765,2806.4325,2725.5170000000003,
2017-02-23,2799.8,2823.95,2789.0,2812.05,2810.688626037913,12766,930,35881251.0,4452.0,34.87,34.95,12.25,Bajaj Auto,2812.05,0.4375312522322927,2804.4849999999997,2728.769,
2017-02-27,2812.0,2843.2,2790.0,2801.85,2820.724050008225,12158,1040,34294363.0,4361.0,35.87,53.2,-10.15,Bajaj Auto,2801.85,-0.3627247026190994,2801.9024999999997,2731.313,
2017-02-28,2794.0,2801.65,2747.2,2758.25,2771.6460913312694,15504,1378,42971601.0,4215.0,27.19,54.45,-35.75,Bajaj Auto,2758.25,-1.5561147099237949,2798.5474999999997,2733.3,
2017-03-01,2780.0,2792.6,2758.25,2773.0,2777.18584258539,14141,1011,39272185.0,4534.0,32.06,34.35,-7.0,Bajaj Auto,2773.0,0.5347593582887722,2795.31,2735.8340000000003,
2017-03-02,2790.0,2844.95,2790.0,2831.8,2824.325963053129,34915,2305,98611341.0,12500.0,35.8,54.95,41.8,Bajaj Auto,2831.8,2.1204471691309124,2794.0675,2740.762,
2017-03-03,2845.9,2845.9,2807.0,2831.1,2822.4671260942446,5369,611,15153826.0,952.0,17.73,38.9,-14.8,Bajaj Auto,2831.1,-0.024719259834748986,2795.1825,2745.671,
2017-03-06,2831.1,2895.0,2831.1,2878.75,2869.9886883371446,24488,1920,70280283.0,9556.0,39.02,63.9,47.65,Bajaj Auto,2878.75,1.6830913779096512,2798.6225,2751.915,
2017-03-07,2870.15,2893.5,2870.0,2876.55,2879.7336300063566,6292,729,18119284.0,2382.0,37.86,23.5,6.4,Bajaj Auto,2876.55,-0.07642205818496617,2802.52,2757.0190000000002,
2017-03-08,2880.0,2886.15,2855.0,2865.5,2874.325010817828,46220,751,132851302.0,41631.0,90.07,31.15,-14.5,Bajaj Auto,2865.5,-0.38414072413134326,2807.045,2762.395,
2017-03-09,2865.5,2884.0,2854.95,2872.7,2870.3304538124858,8682,979,24920209.0,1230.0,14.17,29.05,7.2,Bajaj Auto,2872.7,0.2512650497295432,2811.37,2767.177,
2017-03-10,2888.0,2891.95,2850.0,2866.15,2875.1009006258582,6551,672,18834786.0,1159.0,17.69,41.95,-21.85,Bajaj Auto,2866.15,-0.2280084937515081,2815.415,2771.8680000000004,
2017-03-14,2900.0,2909.0,2854.05,2867.25,2868.5800172723043,45159,935,129542205.0,36816.0,81.53,54.95,-32.75,Bajaj Auto,2867.25,0.03837901017043066,2818.9875,2776.1040000000003,
2017-03-15,2867.25,2890.0,2856.3,2870.35,2878.6286942542083,141199,775,406459493.0,135426.0,95.91,33.7,3.1,Bajaj Auto,2870.35,0.10811753422268477,2822.185,2780.834,
2017-03-16,2890.0,2943.85,2865.4,2936.7,2907.1186413219566,18518,1548,53834023.0,6787.0,36.65,78.45,46.7,Bajaj Auto,2936.7,2.3115647917501425,2830.05,2787.632,
2017-03-17,2940.0,2945.35,2892.65,2913.8,2913.5336474088767,20165,1802,58751406.0,7348.0,36.44,52.7,-26.2,Bajaj Auto,2913.8,-0.7797868355637116,2836.24,2793.506,
2017-03-20,2913.8,2934.45,2900.0,2920.75,2919.0277433501765,10489,854,30617682.0,3555.0,33.89,34.45,6.95,Bajaj Auto,2920.75,0.23852014551444256,2842.8525,2798.15,
2017-03-21,2920.0,2929.0,2891.55,2908.6,2905.6637975334015,7784,737,22617687.0,2492.0,32.01,37.45,-11.4,Bajaj Auto,2908.6,-0.41598904390995894,2849.2074999999995,2801.903,
2017-03-22,2900.0,2900.0,2843.85,2853.2,2868.192180471024,15116,1347,43355593.0,2979.0,19.71,56.15,-46.8,Bajaj Auto,2853.2,-1.9046964175204573,2852.2125,2804.7990000000004,
2017-03-23,2853.2,2873.05,2853.0,2864.65,2864.879020889401,7803,569,22354651.0,1834.0,23.5,20.05,11.45,Bajaj Auto,2864.65,0.4013037992429691,2855.1400000000003,2807.6710000000003,
2017-03-24,2865.0,2878.0,2832.3,2846.35,2850.9205340699814,10860,1008,30960997.0,4233.0,38.98,45.7,-18.65,Bajaj Auto,2846.35,-0.6388214965179051,2857.4674999999997,2809.782,
2017-03-27,2846.35,2852.2,2800.0,2813.35,2826.687123287671,18250,1861,51587040.0,7213.0,39.52,52.2,-33.0,Bajaj Auto,2813.35,-1.1593795562738207,2857.5325000000003,2811.6980000000003,
2017-03-28,2819.0,2835.95,2810.3,2822.95,2818.9872245289043,12524,995,35304996.0,2985.0,23.83,25.65,3.95,Bajaj Auto,2822.95,0.34123020598217924,2858.5875,2813.527,
2017-03-29,2821.5,2850.0,2798.1,2831.0,2827.1898722925125,33749,3277,95414831.0,9234.0,27.36,51.9,9.5,Bajaj Auto,2831.0,0.2851626844258659,2862.225,2815.986,
2017-03-30,2845.0,2846.0,2811.9,2820.65,2833.548251660609,15958,1266,45217763.0,5139.0,32.2,34.1,-24.35,Bajaj Auto,2820.65,-0.36559519604379975,2864.6075,2817.959,
2017-03-31,2820.75,2832.1,2801.0,2807.5,2818.282820784729,18860,1362,53152814.0,3191.0,16.92,31.1,-13.25,Bajaj Auto,2807.5,-0.46620459823091265,2863.3925,2819.511,
2017-04-03,2800.0,2832.05,2777.2,2783.9,2793.315500685871,23328,1874,65162464.0,4694.0,20.12,54.85,-16.1,Bajaj Auto,2783.9,-0.8406055209260854,2861.0325000000003,2821.1030000000005,
2017-04-05,2795.45,2797.95,2755.0,2760.7,2771.0444902319905,13104,1024,36311767.0,6619.0,50.51,42.95,-34.75,Bajaj Auto,2760.7,-0.8333632673587554,2855.13,2822.3979999999997,
2017-04-06,2788.0,2813.0,2783.0,2801.0,2794.026381302716,80739,1962,225586896.0,61721.0,76.45,30.0,13.0,Bajaj Auto,2801.0,1.45977469482379,2851.3525,2824.4509999999996,
2017-04-07,2801.0,2844.0,2799.05,2832.7,2831.22468915218,68281,1646,193318853.0,55865.0,81.82,44.95,31.7,Bajaj Auto,2832.7,1.1317386647625716,2849.7125,2826.9570000000003,
2017-04-10,2833.1,2854.8,2820.0,2837.7,2838.317558076715,9255,799,26268629.0,3202.0,34.6,34.8,4.6,Bajaj Auto,2837.7,0.17651004342147392,2847.9625,2827.7889999999998,
2017-04-11,2820.0,2832.0,2808.2,2822.45,2820.2453154702634,11047,1268,31155250.0,2978.0,26.96,23.8,2.45,Bajaj Auto,2822.45,-0.5374070550093424,2845.7775,2827.218,
2017-04-12,2822.45,2848.0,2807.1,2835.75,2829.182958441341,11959,1228,33834199.0,2692.0,22.51,40.9,13.3,Bajaj Auto,2835.75,0.4712218108381183,2844.2025000000003,2826.863,
2017-04-13,2810.0,2866.0,2810.0,2837.35,2849.7191472775244,33352,1314,95043833.0,24179.0,72.5,56.0,27.35,Bajaj Auto,2837.35,0.05642246319315092,2842.5525000000002,2827.103,
2017-04-17,2865.0,2865.0,2824.3,2850.5,2848.2967812329516,9165,884,26104640.0,2220.0,24.22,40.7,-14.5,Bajaj Auto,2850.5,0.4634606234690919,2838.2425,2827.3580000000006,
2017-04-18,2850.5,2861.5,2809.95,2822.55,2841.6983682415976,8212,964,23336027.0,1527.0,18.59,51.55,-27.95,Bajaj Auto,2822.55,-0.9805297316260231,2833.68,2826.676,
2017-04-19,2822.55,2837.0,2791.7,2810.45,2804.3127235336196,22368,873,62726867.0,17305.0,77.36,45.3,-12.1,Bajaj Auto,2810.45,-0.4286903686382959,2828.165,2826.7090000000003,
2017-04-20,2810.45,2848.9,2800.15,2832.3,2827.369338959212,10665,958,30153894.0,3279.0,30.75,48.75,21.85,Bajaj Auto,2832.3,0.7774555676137496,2824.35,2827.156,SELL
2017-04-21,2832.3,2844.8,2817.0,2823.9,2830.7759439859965,7998,705,22640546.0,1998.0,24.98,27.8,-8.4,Bajaj Auto,2823.9,-0.2965787522508201,2822.8849999999998,2827.6620000000003,
2017-04-24,2825.0,2864.9,2812.35,2859.3,2850.466187520418,33671,970,95978047.0,26441.0,78.53,52.55,34.3,Bajaj Auto,2859.3,1.2535854669074808,2822.6175,2829.348,
2017-04-25,2859.3,2900.0,2852.85,2896.4,2883.0064814814814,14040,1266,40477411.0,5284.0,37.64,47.15,37.1,Bajaj Auto,2896.4,1.2975203721190542,2825.12,2831.552,
2017-04-26,2900.0,2908.6,2861.1,2888.05,2885.475269751611,13809,1392,39845528.0,2703.0,19.57,47.5,-11.95,Bajaj Auto,2888.05,-0.2882889103714925,2828.855,2833.6079999999997,
2017-04-27,2888.05,2904.0,2850.75,2860.6,2881.3828327716305,33529,2231,96609885.0,14802.0,44.15,53.25,-27.45,Bajaj Auto,2860.6,-0.9504683090666766,2830.7375,2834.9039999999995,
2017-04-28,2888.0,2900.0,2861.55,2868.35,2879.9733059548253,10227,879,29453487.0,2568.0,25.11,38.45,-19.65,Bajaj Auto,2868.35,0.27092218415716296,2832.6050000000005,2836.143,
2017-05-02,2876.25,2917.75,2875.65,2904.95,2902.68785899313,17758,1652,51545931.0,6420.0,36.15,42.1,28.7,Bajaj Auto,2904.95,1.275994909965661,2836.82,2838.6539999999995,
2017-05-03,2904.95,2945.4,2904.95,2923.6,2925.101299199386,20859,1636,61014688.0,5213.0,24.99,40.45,18.65,Bajaj Auto,2923.6,0.6420076077040981,2842.625,2841.3259999999996,BUY
2017-05-04,2940.95,2945.0,2919.7,2934.8,2932.6272791854126,8446,828,24768970.0,2899.0,34.32,25.3,-6.15,Bajaj Auto,2934.8,0.3830893419072501,2850.17,2844.252,
2017-05-05,2934.0,2940.0,2890.0,2890.15,2892.1776983625746,64919,824,187757284.0,59965.0,92.37,50.0,-43.85,Bajaj Auto,2890.15,-1.5213983917132357,2856.6425000000004,2846.425,
2017-05-08,2900.0,2906.05,2853.85,2854.85,2860.102831631701,80413,795,229989449.0,74029.0,92.06,52.2,-45.15,Bajaj Auto,2854.85,-1.2213898932581402,2859.335,2847.66,
2017-05-09,2862.15,2886.65,2838.15,2861.2,2861.366627979645,168015,1990,480752514.0,146868.0,87.41,48.5,-0.95,Bajaj Auto,2861.2,0.22242849887033067,2860.7599999999998,2848.762,
2017-05-10,2874.0,2910.95,2863.6,2899.4,2893.853234520017,14438,989,41781453.0,3100.0,21.47,47.35,25.4,Bajaj Auto,2899.4,1.3351041521040274,2863.8450000000003,2850.7539999999995,
2017-05-11,2910.9,3005.0,2899.65,2998.25,2970.142022271336,47056,4133,139763003.0,18556.0,39.43,105.35,87.35,Bajaj Auto,2998.25,3.409326067462226,2872.6349999999998,2854.478,
2017-05-12,3005.05,3017.6,2975.35,3001.0,3003.7526678197305,30643,1857,92043993.0,9000.0,29.37,42.25,-4.05,Bajaj Auto,3001.0,0.09172017009921873,2880.8975,2858.461,
2017-05-15,3017.5,3022.75,2985.0,2992.3,3002.2896713615023,17040,1020,51159016.0,5328.0,31.27,37.75,-25.2,Bajaj Auto,2992.3,-0.289903365544808,2888.645,2863.1420000000003,
2017-05-16,3022.0,3027.75,2969.95,3023.9,3010.006094943772,23298,1333,70127122.0,8534.0,36.63,57.8,1.9,Bajaj Auto,3023.9,1.0560438458710575,2897.3149999999996,2868.16,
2017-05-17,3018.0,3046.15,3010.05,3032.6,3031.3620163434084,10157,675,30789544.0,2161.0,21.28,36.1,14.6,Bajaj Auto,3032.6,0.28770792684942315,2907.8175,2872.176,
2017-05-18,3022.0,3030.95,2955.5,2973.85,2999.848459863428,47301,2905,141895832.0,8394.0,17.75,75.45,-48.15,Bajaj Auto,2973.85,-1.9372815405922283,2915.9875,2875.0310000000004,
2017-05-19,2980.0,3017.6,2947.55,2971.45,2981.7753623188405,13938,988,41559985.0,3523.0,25.28,70.05,-8.55,Bajaj Auto,2971.45,-0.08070346520504534,2922.945,2876.885,
2017-05-22,2977.0,3008.25,2903.0,2912.5,2934.8110135295515,21065,1413,61821794.0,3464.0,16.44,105.25,-64.5,Bajaj Auto,2912.5,-1.983879923942855,2927.375,2877.604,
2017-05-23,2914.0,2926.0,2805.0,2824.4,2855.283838214316,23834,1697,68052835.0,6658.0,27.93,121.0,-89.6,Bajaj Auto,2824.4,-3.0248927038626583,2925.63,2876.7819999999997,
2017-05-24,2818.0,2864.95,2757.0,2771.55,2809.0569396716305,20952,1646,58855361.0,4433.0,21.16,107.95,-46.45,Bajaj Auto,2771.55,-1.8711938818864127,2919.3875,2874.759,
2017-05-25,2782.25,2837.5,2761.0,2821.6,2797.2147108611366,18313,1040,51225393.0,4278.0,23.36,76.5,39.35,Bajaj Auto,2821.6,1.8058487128141287,2916.065,2873.868,
2017-05-26,2816.5,2839.15,2796.8,2816.3,2818.53679264838,14473,1138,40792683.0,3639.0,25.14,42.35,-0.2,Bajaj Auto,2816.3,-0.1878366884037308,2913.85,2872.8489999999997,
2017-05-29,2820.0,2840.0,2790.0,2834.4,2821.394403420132,12865,772,36297239.0,2861.0,22.24,50.0,14.4,Bajaj Auto,2834.4,0.6426872137201167,2912.1524999999997,2872.13,
2017-05-30,2847.1,2860.0,2820.0,2846.25,2843.534302129098,11836,946,33656072.0,2004.0,16.93,40.0,-0.85,Bajaj Auto,2846.25,0.41807790008467904,2909.2174999999997,2870.321,
2017-05-31,2845.9,2866.05,2835.45,2843.95,2851.540597725469,7562,515,21563350.0,2231.0,29.5,30.6,-1.95,Bajaj Auto,2843.95,-0.08080808080809243,2905.235,2868.9240000000004,
2017-06-01,2843.95,2885.1,2830.1,2840.75,2857.878835929484,10721,768,30639319.0,1795.0,16.74,55.0,-3.2,Bajaj Auto,2840.75,-0.11251955906397271,2900.5325000000003,2867.324,
2017-06-02,2801.0,2864.0,2772.2,2846.1,2816.521467879109,33981,1910,95708216.0,5854.0,17.23,91.8,45.1,Bajaj Auto,2846.1,0.18833054651059555,2898.33,2866.074,
2017-06-05,2863.0,2927.2,2861.75,2900.7,2902.0101530771635,32010,1982,92893345.0,4929.0,15.4,65.45,37.7,Bajaj Auto,2900.7,1.9184146727100115,2900.6225,2867.0239999999994,
2017-06-06,2900.7,2908.65,2864.35,2875.25,2879.8460598081624,10634,725,30624283.0,1811.0,17.03,44.3,-25.45,Bajaj Auto,2875.25,-0.8773744268624761,2901.325,2867.236,
2017-06-07,2864.65,2895.0,2860.05,2873.4,2878.4652497672973,12892,908,37109174.0,2231.0,17.31,34.95,8.75,Bajaj Auto,2873.4,-0.06434223111033699,2900.025,2867.7769999999996,
2017-06-08,2873.35,2895.05,2863.35,2869.25,2874.025598587664,9063,605,26047294.0,3090.0,34.09,31.7,-4.1,Bajaj Auto,2869.25,-0.1444282035219624,2893.575,2868.895,
2017-06-09,2870.25,2873.05,2838.0,2866.1,2860.931963658889,9686,592,27710987.0,1722.0,17.78,35.05,-4.15,Bajaj Auto,2866.1,-0.10978478696523908,2886.83,2869.758,
2017-06-12,2866.1,2870.0,2818.35,2826.9,2839.33802048609,16499,2074,46846238.0,5167.0,31.32,51.65,-39.2,Bajaj Auto,2826.9,-1.3677122221834481,2878.56,2869.676,
2017-06-13,2832.65,2857.05,2821.55,2828.1,2840.3307106598986,3940,343,11190903.0,1108.0,28.12,35.5,-4.55,Bajaj Auto,2828.1,0.04244932611694452,2868.77,2869.825,SELL
2017-06-14,2828.0,2837.7,2812.5,2831.1,2826.398892534865,14628,565,41344563.0,3746.0,25.61,25.2,3.1,Bajaj Auto,2831.1,0.10607828577489098,2858.6949999999997,2870.297,
2017-06-15,2831.0,2847.0,2803.05,2815.45,2813.918755595345,22340,1442,62862945.0,8536.0,38.21,43.95,-15.55,Bajaj Auto,2815.45,-0.5527886687153427,2850.775,2870.9280000000003,
2017-06-16,2826.65,2826.65,2801.0,2808.95,2813.332508250825,6060,463,17048795.0,2067.0,34.11,25.65,-17.7,Bajaj Auto,2808.95,-0.23086895522917983,2842.65,2871.893,
2017-06-19,2848.0,2889.5,2814.6,2834.5,2849.672605006513,28403,2094,80939251.0,7600.0,26.76,74.9,-13.5,Bajaj Auto,2834.5,0.9095925523772364,2838.75,2872.563,
2017-06-20,2815.0,2822.4,2808.5,2816.45,2816.49823061044,6782,735,19101491.0,2435.0,35.9,13.9,1.45,Bajaj Auto,2816.45,-0.6367966131592961,2838.3525,2872.238,
2017-06-21,2816.45,2828.05,2791.35,2821.1,2811.4129175946546,6735,499,18934866.0,1528.0,22.69,36.7,4.65,Bajaj Auto,2821.1,0.1651014575085652,2840.83,2871.9060000000004,
2017-06-22,2820.0,2850.0,2809.05,2840.45,2838.9785471128525,15569,911,44200057.0,5345.0,34.33,40.95,20.45,Bajaj Auto,2840.45,0.6859026620821718,2841.7725,2872.2659999999996,
2017-06-23,2841.65,2850.0,2810.65,2824.6,2827.434698502183,18093,897,51156776.0,9409.0,52.0,39.35,-17.05,Bajaj Auto,2824.6,-0.5580101744441901,2842.1875,2872.0429999999997,
2017-06-27,2824.65,2831.0,2765.0,2779.2,2782.49556418076,14428,996,40145846.0,5335.0,36.98,66.0,-45.45,Bajaj Auto,2779.2,-1.6073072293422141,2839.4275000000002,2870.88,
2017-06-28,2780.0,2800.35,2772.0,2781.4,2780.894588613961,9942,649,27647654.0,2617.0,26.32,28.35,1.4,Bajaj Auto,2781.4,0.07915947035119775,2836.185,2869.498,
2017-06-29,2779.1,2812.0,2779.0,2802.9,2799.918424283004,8961,705,25090069.0,3294.0,36.76,33.0,23.8,Bajaj Auto,2802.9,0.7729920184079919,2834.1324999999997,2869.105,
2017-06-30,2802.9,2802.9,2768.0,2790.5,2783.045165950652,26303,2197,73202437.0,14523.0,55.21,34.9,-12.4,Bajaj Auto,2790.5,-0.44239894395090573,2831.62,2868.7059999999997,
2017-07-03,2775.0,2802.0,2752.0,2790.7,2774.155983580676,22169,1345,61500264.0,7742.0,34.92,50.0,15.7,Bajaj Auto,2790.7,0.007167174341504712,2828.85,2867.8740000000003,
2017-07-04,2790.7,2790.7,2759.0,2771.25,2769.7003840590555,20049,1460,55529723.0,7939.0,39.6,31.7,-19.45,Bajaj Auto,2771.25,-0.6969577525351989,2822.3775,2866.8210000000004,
2017-07-05,2771.25,2815.0,2755.45,2771.8,2765.4753323924833,134630,1415,372315944.0,121259.0,90.07,59.55,0.55,Bajaj Auto,2771.8,0.01984663960308275,2817.205,2865.071,
2017-07-06,2747.0,2747.0,2725.05,2729.6,2731.25925220109,26237,1424,71660049.0,17116.0,65.24,21.95,-17.4,Bajaj Auto,2729.6,-1.5224763691464083,2810.015,2861.735,
2017-07-07,2725.05,2730.2,2695.0,2707.95,2701.254013846657,100963,2692,272726709.0,81145.0,80.37,35.2,-17.1,Bajaj Auto,2707.95,-0.7931565064478341,2801.95,2858.133,
2017-07-10,2708.0,2736.0,2695.5,2729.5,2723.1136173670766,86140,9244,234569007.0,58110.0,67.46,40.5,21.5,Bajaj Auto,2729.5,0.7958049446998627,2795.12,2855.511,
2017-07-11,2730.0,2800.0,2726.0,2793.4,2775.4640641680367,34659,2291,96194809.0,12865.0,37.12,74.0,63.4,Bajaj Auto,2793.4,2.341088111375722,2793.445,2854.012,
2017-07-12,2800.0,2815.0,2776.5,2786.0,2791.74429199555,18877,1238,52699757.0,5327.0,28.22,38.5,-14.0,Bajaj Auto,2786.0,-0.2649101453426006,2791.34,2851.6330000000003,
2017-07-13,2798.55,2805.0,2778.45,2790.5,2790.9261909494467,15093,1152,42123449.0,5388.0,35.7,26.55,-8.05,Bajaj Auto,2790.5,0.16152189519023086,2789.3100000000004,2848.9710000000005,
2017-07-14,2795.0,2814.1,2772.0,2811.3,2792.9320028422253,64738,1035,180808832.0,53162.0,82.12,42.1,16.3,Bajaj Auto,2811.3,0.7453861315176447,2789.1025,2846.5009999999997,
2017-07-17,2809.0,2825.5,2801.0,2811.95,2811.858143103779,10426,761,29316433.0,3578.0,34.32,24.5,2.95,Bajaj Auto,2811.95,0.023120976060875265,2789.2525,2844.937,
2017-07-18,2811.0,2843.05,2811.0,2824.05,2827.540198675497,15100,976,42695857.0,4399.0,29.13,32.05,13.05,Bajaj Auto,2824.05,0.43030637102368097,2788.73,2844.321,
2017-07-19,2832.6,2832.95,2802.0,2824.75,2816.6100008091266,12359,999,34810483.0,3772.0,30.52,30.95,-7.85,Bajaj Auto,2824.75,0.02478709654574196,2789.145,2843.592,
2017-07-20,2817.1,2855.0,2803.2,2818.65,2828.0425434583717,41534,3161,117459919.0,3573.0,8.6,51.8,1.55,Bajaj Auto,2818.65,-0.21594831401008374,2789.0225,2841.9770000000003,
2017-07-21,2824.9,2838.0,2806.8,2815.0,2819.5396550366227,25394,2214,71599390.0,11227.0,44.21,31.2,-9.9,Bajaj Auto,2815.0,-0.12949461621698521,2787.75,2838.312,
2017-07-24,2815.0,2835.0,2803.55,2826.85,2821.146948114252,13549,1277,38223720.0,4567.0,33.71,31.45,11.85,Bajaj Auto,2826.85,0.42095914742450447,2787.8625,2834.829,
2017-07-25,2825.1,2860.65,2817.0,2844.95,2845.774851601037,11961,1219,34038313.0,3689.0,30.84,43.65,19.85,Bajaj Auto,2844.95,0.6402886605231917,2791.15,2831.882,
2017-07-26,2844.95,2848.0,2827.0,2838.05,2836.6825540006826,41018,1077,116355045.0,33947.0,82.76,21.0,-6.9,Bajaj Auto,2838.05,-0.24253501819011536,2793.9825,2828.165,
2017-07-27,2841.9,2867.45,2833.0,2846.4,2850.8852754486325,12761,928,36380147.0,5887.0,46.13,34.45,4.5,Bajaj Auto,2846.4,0.2942160990821119,2796.1575000000003,2824.441,
2017-07-28,2829.0,2835.0,2805.05,2822.75,2819.5955176976518,12092,917,34094549.0,5057.0,41.82,29.95,-6.25,Bajaj Auto,2822.75,-0.8308740865654918,2797.77,2821.419,
2017-07-31,2834.4,2835.0,2788.5,2807.6,2805.861736064473,11912,814,33423425.0,3210.0,26.95,46.5,-26.8,Bajaj Auto,2807.6,-0.5367106545035916,2798.615,2818.1420000000003,
2017-08-01,2810.65,2828.0,2802.0,2823.0,2816.1617246812775,6981,592,19659625.0,2430.0,34.81,26.0,12.35,Bajaj Auto,2823.0,0.5485111839293344,2801.2025,2816.3520000000003,
2017-08-02,2810.0,2815.9,2789.0,2802.05,2799.0089013820566,12807,1160,35846907.0,4740.0,37.01,26.9,-7.95,Bajaj Auto,2802.05,-0.7421183138505039,2802.715,2815.905,
2017-08-03,2809.5,2839.3,2801.5,2834.75,2824.2300841167735,8084,842,22831076.0,4035.0,49.91,37.8,25.25,Bajaj Auto,2834.75,1.1670027301439845,2807.9725000000003,2817.169,
2017-08-04,2855.0,2898.0,2810.5,2873.7,2835.695299051673,63902,1515,181206601.0,47034.0,73.6,87.5,18.7,Bajaj Auto,2873.7,1.3740188729164826,2816.2599999999998,2818.211,
2017-08-07,2899.95,2901.0,2870.0,2890.0,2889.20134604599,8915,668,25757230.0,3529.0,39.58,31.0,-9.95,Bajaj Auto,2890.0,0.567213000661182,2824.285,2819.685,BUY
2017-08-08,2900.0,2988.45,2879.85,2913.8,2942.427721630771,81532,6453,239902017.0,11799.0,14.47,108.6,13.8,Bajaj Auto,2913.8,0.8235294117647118,2830.305,2821.2729999999997,
2017-08-09,2913.1,2929.45,2811.0,2833.05,2859.278770163473,18474,1367,52822316.0,3755.0,20.33,118.45,-80.05,Bajaj Auto,2833.05,-2.771295215869307,2832.6575,2821.009,
2017-08-10,2833.05,2835.0,2761.85,2794.8,2799.3244767728947,157962,2140,442186893.0,136946.0,86.7,73.15,-38.25,Bajaj Auto,2794.8,-1.3501350135013523,2832.8725,2820.026,
2017-08-11,2790.0,2799.8,2755.15,2788.5,2775.460695132713,58924,885,163541246.0,47541.0,80.68,44.65,-1.5,Bajaj Auto,2788.5,-0.22541863460713296,2831.7325,2818.9809999999998,
2017-08-14,2828.0,2842.0,2788.3,2833.4,2818.063401747612,9842,996,27735380.0,2989.0,30.37,53.7,5.4,Bajaj Auto,2833.4,1.610184687107763,2832.805,2818.7269999999994,
2017-08-16,2841.0,2858.7,2815.1,2850.55,2844.6318726407353,6093,522,17332342.0,1483.0,24.34,43.6,9.55,Bajaj Auto,2850.55,0.6052798757676392,2834.13,2817.724,
2017-08-17,2868.0,2868.0,2812.65,2820.7,2829.1862643080126,4805,671,13594240.0,1374.0,28.6,55.35,-47.3,Bajaj Auto,2820.7,-1.0471663363210704,2833.9275000000002,2816.633,
2017-08-18,2820.7,2822.4,2795.0,2815.7,2808.2631374075518,5138,556,14428856.0,1473.0,28.67,27.4,-5.0,Bajaj Auto,2815.7,-0.1772609635905975,2833.7799999999997,2815.4790000000003,
2017-08-21,2802.0,2820.5,2760.0,2770.6,2785.3837323712687,9147,650,25477905.0,1742.0,19.04,60.5,-31.4,Bajaj Auto,2770.6,-1.6017331391838585,2831.56,2813.5060000000003,
2017-08-22,2771.0,2781.5,2731.0,2740.5,2755.3724023275145,6015,454,16573565.0,2247.0,37.36,50.5,-30.5,Bajaj Auto,2740.5,-1.0864072764022237,2827.2425,2810.994,
2017-08-23,2755.0,2767.0,2740.0,2760.5,2755.841169379144,3318,339,9143881.0,820.0,24.71,27.0,5.5,Bajaj Auto,2760.5,0.7297938332420983,2823.0199999999995,2809.666,
2017-08-24,2749.65,2750.05,2717.0,2734.45,2732.3426314249486,10253,874,28014709.0,3271.0,31.9,33.05,-15.2,Bajaj Auto,2734.45,-0.9436696250679333,2817.84,2807.7929999999997,
2017-08-28,2743.0,2754.45,2701.0,2739.55,2731.142893791688,11694,884,31937985.0,2645.0,22.62,53.45,-3.45,Bajaj Auto,2739.55,0.1865091700341992,2812.4975,2805.962,
2017-08-29,2740.0,2753.0,2717.0,2732.25,2732.4393249397267,7466,622,20400392.0,2253.0,30.18,36.0,-7.75,Bajaj Auto,2732.25,-0.26646712051250354,2807.9725,2804.298,
2017-08-30,2743.0,2765.0,2741.0,2746.95,2751.638861304204,6042,563,16625402.0,2626.0,43.46,24.0,3.95,Bajaj Auto,2746.95,0.5380181169365894,2804.94,2803.058,
2017-08-31,2752.0,2820.95,2734.15,2808.45,2789.2308841270756,17407,1330,48552142.0,11228.0,30.22,86.8,56.45,Bajaj Auto,2808.45,2.2388467209086382,2804.2125,2802.5370000000003,
2017-09-01,2830.0,2937.2,2830.0,2918.65,2898.018670665971,46008,3544,133332043.0,11054.0,24.03,107.2,88.65,Bajaj Auto,2918.65,3.923872598764455,2810.0425,2804.5809999999997,
2017-09-04,2925.0,2934.85,2893.6,2913.4,2911.747518886091,27004,1648,78628830.0,7945.0,29.42,41.25,-11.6,Bajaj Auto,2913.4,-0.1798776831754445,2813.975,2806.4269999999997,
2017-09-05,2910.0,2969.95,2908.5,2949.85,2951.6322777428904,22294,2672,65803690.0,6684.0,29.98,61.45,39.85,Bajaj Auto,2949.85,1.2511155351136116,2817.7825000000003,2808.615,
2017-09-06,2936.8,2942.0,2905.55,2925.8,2927.0753037111,12018,943,35177591.0,3003.0,24.99,36.45,-11.0,Bajaj Auto,2925.8,-0.8152956930013278,2819.5725,2810.639,
2017-09-07,2927.0,2975.0,2905.25,2965.95,2939.608016846997,13771,1041,40481342.0,2499.0,18.15,69.75,38.95,Bajaj Auto,2965.95,1.3722742497778162,2822.18,2814.374,
2017-09-08,2968.0,2983.55,2905.55,2913.85,2933.7376454325536,17362,1072,50935553.0,3988.0,22.97,78.0,-54.15,Bajaj Auto,2913.85,-1.7566041234680307,2826.2200000000003,2817.0229999999997,
2017-09-11,2949.0,2949.0,2912.05,2930.3,2931.482986044733,10462,834,30669175.0,2737.0,26.16,36.95,-18.7,Bajaj Auto,2930.3,0.564545189354293,2832.995,2819.571,
2017-09-12,2946.1,2950.0,2915.3,2933.4,2927.172118268819,7001,675,20493132.0,2263.0,32.32,34.7,-12.7,Bajaj Auto,2933.4,0.10579121591645091,2840.2400000000002,2822.429,
2017-09-13,2930.0,2970.0,2922.0,2931.25,2943.240885297089,10889,854,32048950.0,1552.0,14.25,48.0,1.25,Bajaj Auto,2931.25,-0.07329378877752868,2845.1325,2825.24,
2017-09-14,2954.9,2955.0,2916.7,2928.65,2932.826975850713,7288,703,21374443.0,1725.0,23.67,38.3,-26.25,Bajaj Auto,2928.65,-0.088699360341149,2849.0375,2828.388,
2017-09-15,2918.95,3033.45,2904.0,3022.05,2985.3438354635264,35834,2455,106976811.0,9728.0,27.15,129.45,103.1,Bajaj Auto,3022.05,3.1891827292438446,2859.105,2833.393,
2017-09-18,3036.8,3142.9,3036.8,3129.8,3107.5006120209355,47384,2899,147245809.0,7608.0,16.06,106.1,93.0,Bajaj Auto,3129.8,3.5654605317582355,2874.8100000000004,2841.397,
2017-09-19,3145.0,3152.75,3110.1,3115.6,3128.7946257197696,10420,789,32602040.0,2095.0,20.11,42.65,-29.4,Bajaj Auto,3115.6,-0.45370311201994307,2892.0600000000004,2849.55,
2017-09-20,3115.6,3120.5,3077.3,3088.1,3095.845192982456,7125,590,22057897.0,1589.0,22.3,43.2,-27.5,Bajaj Auto,3088.1,-0.8826550263191679,2909.44,2856.722,
2017-09-21,3088.1,3135.0,3071.4,3078.1,3093.7621060258425,16562,1282,51238888.0,2440.0,14.73,63.6,-10.0,Bajaj Auto,3078.1,-0.32382371037207314,2925.32,2862.4159999999997,
2017-09-22,3070.0,3080.0,3010.0,3039.4,3039.4921460296823,9231,697,28057552.0,2024.0,21.93,70.0,-30.6,Bajaj Auto,3039.4,-1.2572690945713227,2940.5675,2867.4839999999995,
2017-09-25,3050.0,3181.0,3004.8,3038.6,3028.681791357944,15251,1017,46190426.0,1962.0,12.86,176.2,-11.4,Bajaj Auto,3038.6,-0.02632098440482622,2955.52,2872.446,
2017-09-26,3038.0,3054.95,3020.65,3036.4,3050.6849359899893,51945,702,158467829.0,43700.0,84.13,34.3,-1.6,Bajaj Auto,3036.4,-0.07240176397024234,2970.7275,2876.948,
2017-09-27,3066.0,3066.0,3007.0,3027.8,3033.1586708800155,10443,857,31675276.0,1093.0,10.47,59.0,-38.2,Bajaj Auto,3027.8,-0.283230140956392,2984.77,2881.265,
2017-09-28,3025.0,3055.4,3020.65,3034.1,3032.32153752288,8195,585,24849875.0,1317.0,16.07,34.75,9.1,Bajaj Auto,3034.1,0.2080718673624249,2996.0525000000002,2885.466,
2017-09-29,3066.0,3137.95,3054.45,3108.15,3102.7568172199044,16539,1187,51316495.0,2240.0,13.54,83.5,42.15,Bajaj Auto,3108.15,2.4405919383013064,3005.5275,2891.134,
2017-10-03,3171.6,3208.4,3150.0,3163.8,3185.49603591556,31407,2253,100046874.0,8165.0,26.0,58.4,-7.8,Bajaj Auto,3163.8,1.7904541286617448,3018.0474999999997,2898.0370000000003,
2017-10-04,3177.0,3207.25,3132.0,3169.75,3175.1016925734025,14475,1029,45959597.0,2599.0,17.96,75.25,-7.25,Bajaj Auto,3169.75,0.1880649851444316,3029.0425,2905.132,
2017-10-05,3187.95,3189.9,3121.0,3130.8,3152.8423587696966,14533,1142,45820258.0,4705.0,32.37,68.9,-57.15,Bajaj Auto,3130.8,-1.228803533401679,3039.2925,2911.211,
2017-10-06,3154.0,3154.0,3135.0,3146.3,3143.2450351820526,92803,443,291702569.0,87973.0,94.8,19.0,-7.7,Bajaj Auto,3146.3,0.49508112942378,3048.3100000000004,2917.238,
2017-10-09,3145.0,3152.0,3120.0,3128.15,3136.282518012893,10548,827,33081508.0,3322.0,31.49,32.0,-16.85,Bajaj Auto,3128.15,-0.5768680672535997,3059.025,2923.04,
2017-10-10,3130.0,3138.75,3110.0,3134.9,3129.8827991817247,11732,816,36719785.0,3950.0,33.67,28.75,4.9,Bajaj Auto,3134.9,0.2157824912488282,3069.255,2928.81,
2017-10-11,3135.0,3214.0,3107.5,3142.25,3169.1341221823636,18677,1337,59189918.0,4083.0,21.86,106.5,7.25,Bajaj Auto,3142.25,0.23445723946537989,3079.6974999999998,2935.2,
2017-10-12,3152.1,3170.0,3122.0,3154.1,3145.3053685765885,12182,836,38316110.0,3988.0,32.74,48.0,2.0,Bajaj Auto,3154.1,0.3771183069456674,3090.8399999999997,2942.13,
2017-10-13,3140.0,3177.0,3140.0,3164.7,3163.2339739615622,8065,636,25511482.0,1545.0,19.16,37.0,24.7,Bajaj Auto,3164.7,0.3360705113978568,3102.6425000000004,2948.9640000000004,
2017-10-16,3169.0,3232.0,3169.0,3221.8,3208.016712517194,14540,1110,46644563.0,3517.0,24.19,63.0,52.8,Bajaj Auto,3221.8,1.8042784466142159,3112.63,2957.3590000000004,
2017-10-17,3230.0,3310.2,3221.0,3263.7,3272.336737091709,46811,3496,153181355.0,4444.0,9.49,89.2,33.7,Bajaj Auto,3263.7,1.3005152399279796,3119.325,2965.9380000000006,
2017-10-18,3263.0,3264.25,3212.1,3231.85,3240.78717516031,14815,901,48012262.0,4170.0,28.15,52.15,-31.15,Bajaj Auto,3231.85,-0.975886264056125,3125.1375,2973.1009999999997,
2017-10-19,3249.0,3249.0,3202.0,3215.2,3225.1805816135084,4264,346,13752170.0,2444.0,57.32,47.0,-33.8,Bajaj Auto,3215.2,-0.515184801274815,3131.4925,2979.605,
2017-10-23,3184.0,3225.0,3162.15,3215.85,3184.010048117747,14132,990,44996430.0,3295.0,23.32,62.85,31.85,Bajaj Auto,3215.85,0.02021647175913799,3138.38,2985.646,
2017-10-24,3235.0,3235.0,3196.0,3214.85,3214.344514959202,5515,469,17727110.0,1021.0,18.51,39.0,-20.15,Bajaj Auto,3214.85,-0.03109597773528483,3147.1525,2993.282,
2017-10-25,3215.45,3250.0,3215.45,3233.5,3232.1382196297236,7886,624,25488642.0,2165.0,27.45,34.55,18.05,Bajaj Auto,3233.5,0.580120378866833,3156.8975,3002.0560000000005,
2017-10-26,3230.0,3300.0,3218.05,3278.9,3264.788035253272,11233,928,36673364.0,3476.0,30.94,81.95,48.9,Bajaj Auto,3278.9,1.4040513375599195,3169.0225,3011.864,
2017-10-27,3299.0,3337.4,3269.6,3289.6,3309.358649789029,14694,1076,48627716.0,3320.0,22.59,67.8,-9.4,Bajaj Auto,3289.6,0.32632895178259513,3182.1125,3020.9880000000003,
2017-10-30,3295.0,3322.0,3265.3,3274.75,3292.5465474722564,9732,646,32043063.0,2021.0,20.77,56.7,-20.25,Bajaj Auto,3274.75,-0.4514226653696496,3194.145,3029.472,
2017-10-31,3280.0,3295.0,3211.0,3260.0,3274.487815619495,6812,549,22305811.0,1196.0,17.56,84.0,-20.0,Bajaj Auto,3260.0,-0.4504160622948339,3201.7375,3038.2580000000003,
2017-11-01,3273.0,3292.0,3231.05,3240.5,3259.8293339668962,12627,796,41161865.0,2724.0,21.57,60.95,-32.5,Bajaj Auto,3240.5,-0.5981595092024561,3205.5725,3046.7540000000004,
2017-11-02,3277.0,3277.0,3214.95,3238.5,3256.344420735534,7967,648,25943296.0,1785.0,22.4,62.05,-38.5,Bajaj Auto,3238.5,-0.06171887054466918,3209.01,3056.112,
2017-11-03,3239.7,3255.45,3211.0,3223.1,3233.4324324324325,6364,525,20577564.0,1995.0,31.35,44.45,-16.6,Bajaj Auto,3223.1,-0.47552879419484606,3213.625,3065.7639999999997,
2017-11-06,3220.0,3245.0,3201.55,3212.35,3226.914547537228,8730,636,28170964.0,2882.0,33.01,43.45,-7.65,Bajaj Auto,3212.35,-0.3335298315286561,3216.9275,3074.801,
2017-11-07,3230.0,3232.0,3150.0,3163.25,3175.6370685889037,9156,782,29076133.0,3252.0,35.52,82.0,-66.75,Bajaj Auto,3163.25,-1.5284760377916484,3218.6825,3083.377,
2017-11-08,3167.1,3209.6,3161.0,3190.1,3188.2177982469166,6731,519,21459894.0,1661.0,24.68,48.6,23.0,Bajaj Auto,3190.1,0.8488105587607597,3221.4425,3092.388,
2017-11-09,3190.1,3215.5,3168.0,3199.95,3200.714074621352,8121,862,25992999.0,2555.0,31.46,47.5,9.85,Bajaj Auto,3199.95,0.3087677502272568,3224.3275000000003,3101.742,
2017-11-10,3198.0,3265.0,3180.55,3248.25,3237.3294637556887,15161,999,49081152.0,3551.0,23.42,84.45,50.25,Bajaj Auto,3248.25,1.5093985843528834,3229.0350000000003,3111.7680000000005,
2017-11-13,3248.3,3277.0,3200.0,3211.6,3243.266022380468,7864,589,25505044.0,1776.0,22.58,77.0,-36.7,Bajaj Auto,3211.6,-1.1282998537674116,3231.38,3119.8309999999997,
2017-11-14,3223.0,3280.0,3200.05,3266.4,3257.32011061314,10487,718,34159516.0,1872.0,17.85,79.95,43.4,Bajaj Auto,3266.4,1.706314609540427,3233.61,3126.7860000000005,
2017-11-15,3266.0,3279.15,3206.5,3212.35,3236.4617707618395,7285,556,23577624.0,815.0,11.19,72.65,-53.65,Bajaj Auto,3212.35,-1.6547269164829848,3231.0425,3132.765,
2017-11-16,3231.9,3245.35,3186.6,3209.6,3212.709863744076,6752,529,21692217.0,864.0,12.8,58.75,-22.3,Bajaj Auto,3209.6,-0.08560711005961563,3229.93,3137.96,
2017-11-17,3219.95,3238.05,3196.05,3212.05,3219.5606355382615,6168,609,19858250.0,1885.0,30.56,42.0,-7.9,Bajaj Auto,3212.05,0.07633349950151302,3229.7725,3143.685,
2017-11-20,3214.8,3251.05,3202.65,3242.85,3237.262542102464,5641,450,18261398.0,1081.0,19.16,48.4,28.05,Bajaj Auto,3242.85,0.9588891829205526,3231.1225000000004,3149.223,
2017-11-21,3250.0,3300.55,3250.0,3292.95,3279.1288359117425,7886,648,25859210.0,1814.0,23.0,50.55,42.95,Bajaj Auto,3292.95,1.544937323650486,3235.0274999999997,3156.805,
2017-11-22,3306.0,3344.45,3302.55,3312.2,3328.903328050713,11358,756,37809684.0,2381.0,20.96,41.9,6.2,Bajaj Auto,3312.2,0.58458221351676,3238.9625,3164.4430000000007,
2017-11-23,3313.0,3331.15,3246.05,3261.85,3273.6471520917185,8199,562,26840633.0,2170.0,26.47,85.1,-51.15,Bajaj Auto,3261.85,-1.520137672845845,3238.11,3171.0119999999997,
2017-11-24,3301.1,3327.45,3284.05,3293.1,3299.3234707158354,11525,982,38024703.0,3132.0,27.18,43.4,-8.0,Bajaj Auto,3293.1,0.9580452810521667,3238.285,3178.249,
2017-11-27,3302.7,3302.7,3260.55,3272.35,3272.4138927539334,9343,580,30574163.0,2930.0,31.36,42.15,-30.35,Bajaj Auto,3272.35,-0.6301053718380856,3238.165,3185.123,
2017-11-28,3270.0,3308.0,3260.55,3292.6,3290.987972299842,8231,480,27088122.0,1968.0,23.91,47.45,22.6,Bajaj Auto,3292.6,0.6188213363484962,3239.7949999999996,3190.534,
2017-11-29,3300.0,3329.4,3295.0,3315.5,3316.067731541784,14587,1013,48371480.0,1884.0,12.92,34.4,15.5,Bajaj Auto,3315.5,0.6954989977525416,3243.5449999999996,3194.248,
2017-11-30,3313.75,3371.5,3290.0,3311.7,3333.844549690627,26182,1902,87286718.0,5801.0,22.16,81.5,-2.05,Bajaj Auto,3311.7,-0.11461318051576574,3247.205,3198.17,
2017-12-01,3344.0,3344.0,3202.1,3212.65,3276.804304160689,27880,2521,91357304.0,6908.0,24.78,141.9,-131.35,Bajaj Auto,3212.65,-2.9909110124709315,3246.6825,3200.6610000000005,
2017-12-04,3218.8,3249.95,3183.55,3199.95,3203.241298488222,8533,733,27333258.0,2517.0,29.5,66.4,-18.85,Bajaj Auto,3199.95,-0.3953122811386378,3246.0625,3203.098,
2017-12-05,3200.2,3200.2,3148.5,3160.85,3167.7498916811087,9232,690,29244667.0,2797.0,30.3,51.7,-39.35,Bajaj Auto,3160.85,-1.2218940920951882,3245.9425,3205.527,
2017-12-06,3160.0,3160.0,3102.1,3108.6,3118.6182032027505,11053,899,34470087.0,3141.0,28.42,57.9,-51.4,Bajaj Auto,3108.6,-1.6530363668000647,3241.8675,3206.927,
2017-12-07,3115.0,3209.4,3106.5,3195.85,3178.1500765696783,17631,1237,56033964.0,3393.0,19.24,102.9,80.85,Bajaj Auto,3195.85,2.806729717557732,3241.6624999999995,3210.1160000000004,
2017-12-08,3222.0,3250.0,3204.25,3215.3,3218.3139698710306,27681,1702,89086149.0,11989.0,43.31,45.75,-6.7,Bajaj Auto,3215.3,0.6086017804340038,3240.015,3213.866,
2017-12-11,3210.0,3235.6,3180.0,3211.9,3206.8732227488154,5908,597,18946207.0,1979.0,33.5,55.6,1.9,Bajaj Auto,3211.9,-0.1057444095418858,3240.0299999999997,3217.422,
2017-12-12,3211.0,3211.0,3156.1,3168.65,3175.6926766411334,13969,1612,44361251.0,7675.0,54.94,54.9,-42.35,Bajaj Auto,3168.65,-1.3465549985989589,3235.1425,3218.6319999999996,
2017-12-13,3171.0,3191.95,3140.0,3149.35,3165.1641688436684,7273,643,23020239.0,1566.0,21.53,51.95,-21.65,Bajaj Auto,3149.35,-0.6090922001483312,3231.9925,3218.343,
2017-12-14,3150.0,3172.4,3133.0,3151.4,3152.604311611955,10205,665,32172327.0,3990.0,39.1,39.4,1.4,Bajaj Auto,3151.4,0.06509279692634706,3229.0825,3217.9759999999997,
2017-12-15,3184.0,3259.9,3168.8,3205.3,3225.309680777238,17292,2410,55772055.0,4739.0,27.41,91.1,21.3,Bajaj Auto,3205.3,1.710350955131057,3228.745,3219.4660000000003,
2017-12-18,3199.0,3242.55,3094.55,3227.4,3200.5384028307776,28826,2698,92258720.0,7397.0,25.66,148.0,28.4,Bajaj Auto,3227.4,0.6894830437088606,3227.9725,3221.0879999999997,
2017-12-19,3264.7,3330.7,3227.55,3319.9,3288.681186868687,14256,1045,46883439.0,3797.0,26.63,103.15,55.2,Bajaj Auto,3319.9,2.866084154427706,3229.32,3224.923,
2017-12-20,3320.0,3340.7,3274.5,3301.15,3309.5284444957306,17332,1101,57360747.0,4842.0,27.94,66.2,-18.85,Bajaj Auto,3301.15,-0.5647760474713048,3228.7675,3228.248,
2017-12-21,3300.0,3330.0,3265.45,3285.55,3293.8589897775105,9978,674,32866125.0,2114.0,21.19,64.55,-14.45,Bajaj Auto,3285.55,-0.472562591824055,3229.9525,3231.114,SELL
2017-12-22,3263.5,3359.5,3260.0,3326.45,3296.6065067435397,9713,736,32019939.0,2058.0,21.19,99.5,62.95,Bajaj Auto,3326.45,1.244844850938187,3231.62,3234.5609999999997,
2017-12-26,3345.0,3381.0,3316.0,3362.9,3354.106238517453,12519,975,41990056.0,1928.0,15.4,65.0,17.9,Bajaj Auto,3362.9,1.0957627500789213,3236.1475,3238.525,
2017-12-27,3363.0,3379.55,3321.65,3335.45,3352.875900234708,2016974,1002,6762663516.0,2006125.0,99.46,57.9,-27.55,Bajaj Auto,3335.45,-0.8162597757887635,3238.29,3240.798,
2017-12-28,3330.0,3339.75,3285.0,3301.45,3315.8467977677383,15052,1088,49910126.0,2324.0,15.44,54.75,-28.55,Bajaj Auto,3301.45,-1.0193527110284983,3237.5875,3241.553,
2017-12-29,3333.0,3333.6,3289.55,3323.2,3311.655223603637,10778,654,35693020.0,1601.0,14.85,44.05,-9.8,Bajaj Auto,3323.2,0.6588014357327809,3238.1625,3243.38,
2018-01-01,3326.6,3348.05,3285.0,3293.4,3309.122909698997,8372,608,27703977.0,1549.0,18.5,63.05,-33.2,Bajaj Auto,3293.4,-0.8967260471834271,3242.2,3244.9440000000004,
2018-01-02,3314.85,3344.5,3285.25,3294.15,3310.78136380761,15926,1243,52727504.0,3409.0,21.41,59.25,-20.7,Bajaj Auto,3294.15,0.022772818364003022,3246.91,3246.51,BUY
2018-01-03,3299.65,3306.4,3240.0,3247.45,3261.4037597540787,8458,644,27584953.0,2221.0,26.26,66.4,-52.2,Bajaj Auto,3247.45,-1.4176646479365007,3251.2400000000002,3247.1619999999994,
2018-01-04,3243.0,3273.0,3221.0,3262.75,3243.430562347188,8180,926,26531262.0,2340.0,28.61,52.0,19.75,Bajaj Auto,3262.75,0.47113889359344796,3258.9475,3247.7469999999994,
2018-01-05,3272.7,3292.0,3247.0,3277.55,3277.5006264682847,12770,1292,41853683.0,8064.0,63.15,45.0,4.85,Bajaj Auto,3277.55,0.45360508773275576,3263.0325000000003,3247.72,
2018-01-08,3316.0,3316.0,3266.65,3275.35,3277.817271113365,7886,828,25848867.0,3630.0,46.03,49.35,-40.65,Bajaj Auto,3275.35,-0.06712330856890603,3266.035,3247.435,
2018-01-09,3276.0,3292.95,3231.0,3240.95,3247.088717454195,11407,1121,37039541.0,4228.0,37.06,61.95,-35.05,Bajaj Auto,3240.95,-1.0502694368540788,3267.4875,3246.7589999999996,
2018-01-10,3238.55,3240.55,3203.0,3205.35,3215.859568307449,7598,790,24434101.0,2720.0,35.8,37.55,-33.2,Bajaj Auto,3205.35,-1.0984433576574748,3269.3224999999998,3245.6659999999997,
2018-01-11,3328.0,3328.0,3185.0,3202.0,3208.1979241231206,8382,631,26891115.0,1796.0,21.43,143.0,-126.0,Bajaj Auto,3202.0,-0.10451276771646922,3271.955,3244.8959999999997,
2018-01-12,3205.0,3214.7,3154.0,3175.1,3176.6542883136217,12091,858,38408927.0,2959.0,24.47,60.7,-29.9,Bajaj Auto,3175.1,-0.8400999375390406,3273.14,3243.6279999999997,
2018-01-15,3175.1,3184.95,3155.0,3163.3,3168.0456725755994,9590,966,30381558.0,3288.0,34.29,29.95,-11.8,Bajaj Auto,3163.3,-0.37164183805233897,3271.04,3242.4320000000002,
2018-01-16,3164.0,3200.0,3145.0,3160.0,3161.638204142844,10669,1125,33731518.0,3403.0,31.9,55.0,-4.0,Bajaj Auto,3160.0,-0.10432143647457481,3267.67,3241.385,
2018-01-17,3189.0,3212.9,3152.45,3184.9,3185.8872611464967,9420,849,30011058.0,2295.0,24.36,60.45,-4.1,Bajaj Auto,3184.9,0.7879746835443013,3260.92,3241.8179999999998,
2018-01-18,3219.75,3237.15,3187.8,3195.4,3215.0461945386132,26843,1797,86301485.0,10568.0,39.37,49.35,-24.35,Bajaj Auto,3195.4,0.32968068071210777,3255.6324999999997,3241.9240000000004,
2018-01-19,3227.9,3227.9,3173.35,3208.05,3193.473296062805,8407,700,26847530.0,3511.0,41.76,54.55,-19.85,Bajaj Auto,3208.05,0.3958815797709292,3251.7575,3242.086,
2018-01-22,3207.0,3281.2,3207.0,3272.1,3252.5560312732687,10744,920,34945462.0,2010.0,18.71,74.2,65.1,Bajaj Auto,3272.1,1.9965399541777673,3249.04,3242.563,
2018-01-23,3299.0,3322.0,3272.1,3294.3,3290.4970333181195,10955,843,36047395.0,2897.0,26.44,49.9,-4.7,Bajaj Auto,3294.3,0.6784633721463429,3245.6099999999997,3244.217,
2018-01-24,3285.0,3349.3,3283.2,3335.6,3323.6558200741715,16718,1233,55564878.0,4140.0,24.76,66.1,50.6,Bajaj Auto,3335.6,1.2536805998239364,3245.6175,3245.6009999999997,
2018-01-25,3335.5,3337.0,3291.0,3303.2,3313.629152437132,19326,875,64039197.0,12382.0,64.07,46.0,-32.3,Bajaj Auto,3303.2,-0.9713394891473826,3245.7050000000004,3247.4180000000006,SELL
2018-01-29,3306.9,3378.2,3296.85,3362.1,3349.1205854820864,11751,1024,39355516.0,3314.0,28.2,81.35,55.2,Bajaj Auto,3362.1,1.7831193993703032,3247.65,3250.468,
2018-01-30,3367.0,3402.4,3344.0,3351.4,3370.9688130125014,14878,1003,50153274.0,3654.0,24.56,58.4,-15.6,Bajaj Auto,3351.4,-0.3182534725320485,3250.55,3253.255,
2018-01-31,3352.0,3379.15,3306.05,3338.8,3368.647668117616,56285,1089,189604334.0,46191.0,82.07,73.1,-13.2,Bajaj Auto,3338.8,-0.3759622844184518,3252.7825000000003,3255.1740000000004,
2018-02-01,3325.0,3418.25,3297.85,3409.5,3372.843398678041,35402,2712,119405402.0,13399.0,37.85,120.4,84.5,Bajaj Auto,3409.5,2.117527255301299,3260.8849999999998,3257.505,BUY
2018-02-02,3413.0,3472.6,3172.0,3242.6,3311.4868168473354,70848,5167,234612218.0,14165.0,19.99,300.6,-170.4,Bajaj Auto,3242.6,-4.89514591582344,3259.8774999999996,3256.113,
2018-02-05,3205.0,3239.0,3142.35,3177.8,3180.371598721797,20654,1627,65687395.0,4969.0,24.06,96.65,-27.2,Bajaj Auto,3177.8,-1.9983963486091327,3254.8900000000003,3254.4320000000002,
2018-02-06,3101.0,3165.0,3029.25,3138.2,3114.428370852249,21367,1508,66545991.0,3792.0,17.75,135.75,37.2,Bajaj Auto,3138.2,-1.2461451318522387,3248.0325,3251.3340000000003,SELL
2018-02-07,3188.0,3193.95,3128.7,3137.3,3151.605638041733,9968,790,31415205.0,1905.0,19.11,65.25,-50.7,Bajaj Auto,3137.3,-0.02867886049326973,3242.85,3248.633,
2018-02-08,3180.0,3188.5,3139.0,3152.4,3160.1117447088495,9119,582,28817059.0,1705.0,18.7,49.5,-27.6,Bajaj Auto,3152.4,0.48130558123227196,3240.2025000000003,3245.8289999999997,
2018-02-09,3140.0,3140.4,3095.15,3103.5,3116.862048461424,6727,564,20967131.0,2458.0,36.54,45.25,-36.5,Bajaj Auto,3103.5,-1.5511990864103598,3235.2775,3241.5889999999995,
2018-02-12,3124.75,3160.0,3108.0,3143.35,3133.8937519492674,9619,729,30144924.0,2250.0,23.39,52.0,18.6,Bajaj Auto,3143.35,1.2840341549863021,3233.69,3238.222,
2018-02-14,3187.0,3187.0,3100.0,3110.85,3126.96046745184,10953,749,34249598.0,2603.0,23.77,87.0,-76.15,Bajaj Auto,3110.85,-1.0339287702610278,3231.0675,3236.1859999999997,
2018-02-15,3158.0,3164.0,3099.65,3140.6,3134.5181945962827,6403,514,20070320.0,1626.0,25.39,64.35,-17.4,Bajaj Auto,3140.6,0.9563302634328252,3230.0975,3234.9990000000003,
2018-02-16,3169.0,3169.0,3096.4,3102.95,3116.871042147201,9538,702,29728716.0,2723.0,28.55,72.6,-66.05,Bajaj Auto,3102.95,-1.1988155129593059,3226.0,3233.841,
2018-02-19,3081.0,3111.55,3014.6,3039.85,3064.202489303773,12855,926,39390323.0,1738.0,13.52,96.95,-41.15,Bajaj Auto,3039.85,-2.0335487197666757,3218.2225000000003,3232.466,
2018-02-20,3035.6,3067.35,3015.6,3049.65,3054.923417576544,13097,542,40010332.0,7446.0,56.85,51.75,14.05,Bajaj Auto,3049.65,0.3223843281740857,3210.3025000000002,3229.5419999999995,
2018-02-21,3055.0,3075.6,3000.0,3008.25,3026.315007656968,13060,957,39523674.0,4441.0,34.0,75.6,-46.75,Bajaj Auto,3008.25,-1.357532831636421,3197.11,3225.401,
2018-02-22,3044.0,3044.0,2956.35,2971.0,2987.6566051136365,8448,863,25239723.0,2940.0,34.8,87.65,-73.0,Bajaj Auto,2971.0,-1.2382614476855291,3180.945,3220.583,
2018-02-23,2975.0,3004.0,2960.05,2988.0,2983.9044844185455,27629,1423,82442297.0,11603.0,42.0,43.95,13.0,Bajaj Auto,2988.0,0.5721979131605437,3163.565,3216.97,
2018-02-26,3024.0,3043.75,3000.6,3007.2,3016.2873664500494,9079,650,27384873.0,2880.0,31.72,43.15,-16.8,Bajaj Auto,3007.2,0.6425702811244882,3148.7650000000003,3214.127,
2018-02-27,3010.0,3057.0,3010.0,3033.85,3037.793201568869,13003,1288,39500425.0,3936.0,30.27,47.0,23.85,Bajaj Auto,3033.85,0.8862064378824197,3132.3525,3211.7760000000003,
2018-02-28,3010.0,3052.7,2994.0,3018.8,3026.71188949186,8108,715,24540580.0,2631.0,32.45,58.7,8.8,Bajaj Auto,3018.8,-0.49606935082484593,3115.7225,3208.046,
2018-03-01,3049.6,3077.4,3017.65,3025.0,3049.649568531254,22829,1799,69620450.0,4950.0,21.68,59.75,-24.6,Bajaj Auto,3025.0,0.20537962104145713,3100.0325000000003,3203.998,
2018-03-05,3025.0,3025.0,2929.0,2942.1,2955.386826893824,19722,1576,58286139.0,5456.0,27.66,96.0,-82.9,Bajaj Auto,2942.1,-2.7404958677685998,3076.6625,3196.442,
2018-03-06,2960.0,2976.0,2886.95,2899.9,2942.366055456172,13416,1085,39474783.0,3379.0,25.19,89.05,-60.1,Bajaj Auto,2899.9,-1.434349614221131,3059.5275,3188.417,
2018-03-07,2892.0,2939.95,2876.1,2910.45,2914.874296435272,12792,1070,37287072.0,2962.0,23.16,63.85,18.45,Bajaj Auto,2910.45,0.3638056484706276,3046.16,3180.915,
2018-03-08,2940.4,2947.85,2893.1,2924.65,2919.1958687727824,8230,630,24024982.0,2243.0,27.25,54.75,-15.75,Bajaj Auto,2924.65,0.4878970605920241,3035.4825,3172.8790000000004,
2018-03-09,2912.0,2965.2,2912.0,2938.05,2940.6760959160733,16014,1138,47091987.0,8089.0,50.51,53.2,26.05,Bajaj Auto,2938.05,0.45817448241669556,3025.52,3164.3819999999996,
2018-03-12,2966.6,2972.8,2933.15,2960.05,2958.7251273046527,28475,1025,84249698.0,18330.0,64.37,39.65,-6.55,Bajaj Auto,2960.05,0.7487959701162339,3015.9024999999997,3156.8740000000003,
2018-03-13,2975.0,3001.0,2960.0,2974.15,2980.410759672409,14164,1139,42214538.0,3323.0,23.46,41.0,-0.85,Bajaj Auto,2974.15,0.4763433050117394,3009.435,3150.328,
2018-03-14,2967.0,2967.0,2935.65,2948.85,2947.8549651567946,11480,959,33841375.0,3738.0,32.56,31.35,-18.15,Bajaj Auto,2948.85,-0.8506632147000093,2999.71,3142.8410000000003,
2018-03-15,2946.0,2971.5,2935.0,2949.1,2960.5881687307474,15907,561,47094076.0,3989.0,25.08,36.5,3.1,Bajaj Auto,2949.1,0.008477881207924476,2991.6225,3135.955,
2018-03-16,2949.1,2954.95,2892.65,2912.2,2923.173975705168,9714,897,28395712.0,3068.0,31.58,62.3,-36.9,Bajaj Auto,2912.2,-1.2512291885660054,2980.2025000000003,3128.316,
2018-03-19,2912.0,2924.8,2844.0,2853.8,2870.464832277013,12938,725,37138074.0,7150.0,55.26,80.8,-58.2,Bajaj Auto,2853.8,-2.005356774946765,2967.745,3120.4430000000007,
2018-03-20,2855.0,2886.45,2837.95,2873.55,2876.868759996633,11879,740,34174324.0,4333.0,36.48,48.5,18.55,Bajaj Auto,2873.55,0.6920597098605263,2959.43,3112.659,
2018-03-21,2875.0,2888.15,2840.0,2853.6,2872.712916765661,12627,1319,36273746.0,4971.0,39.37,48.15,-21.4,Bajaj Auto,2853.6,-0.6942631936107002,2949.6274999999996,3104.18,
2018-03-22,2854.0,2880.0,2768.25,2842.05,2838.851254660889,19846,1852,56339842.0,4319.0,21.76,111.75,-11.95,Bajaj Auto,2842.05,-0.4047518923464999,2941.3175,3095.5139999999997,
2018-03-23,2813.9,2814.0,2748.0,2789.75,2769.178353093738,21592,2602,59792099.0,7499.0,34.73,66.0,-24.15,Bajaj Auto,2789.75,-1.8402209672595538,2932.255,3086.49,
2018-03-26,2771.0,2858.0,2735.15,2839.15,2806.171967455621,21632,1533,60703112.0,5750.0,26.58,122.85,68.15,Bajaj Auto,2839.15,1.7707679899632511,2924.8125,3079.1659999999997,
2018-03-27,2850.0,2852.0,2796.05,2803.2,2814.462097930752,19524,2428,54949558.0,8383.0,42.94,55.95,-46.8,Bajaj Auto,2803.2,-1.266224045929254,2914.6125,3071.19,
2018-03-28,2775.0,2796.1,2737.5,2748.9,2766.749425452456,13924,1495,38524219.0,5016.0,36.02,58.6,-26.1,Bajaj Auto,2748.9,-1.9370719178082085,2900.3650000000002,3062.6659999999997,
2018-04-02,2765.0,2820.0,2750.05,2808.6,2791.964075630252,14280,1053,39869247.0,2616.0,18.32,69.95,43.6,Bajaj Auto,2808.6,2.171777802029906,2889.855,3055.572,
2018-04-03,2785.0,2824.35,2781.0,2791.75,2800.50468103636,9186,751,25725436.0,2330.0,25.36,43.35,6.75,Bajaj Auto,2791.75,-0.5999430321156463,2878.1925,3048.2070000000003,
2018-04-04,2790.0,2815.35,2747.0,2766.35,2779.235811595088,16369,1539,45493311.0,5607.0,34.25,68.35,-23.65,Bajaj Auto,2766.35,-0.9098235873556071,2869.4049999999997,3039.8360000000002,
2018-04-05,2790.0,2827.0,2775.0,2810.55,2798.4926252000914,17492,1315,48951233.0,9364.0,53.53,52.0,20.55,Bajaj Auto,2810.55,1.597773239105682,2864.9375,3032.1389999999997,
2018-04-06,2815.0,2823.65,2776.0,2783.05,2786.5526697811915,37887,1315,105574121.0,25562.0,67.47,47.65,-31.95,Bajaj Auto,2783.05,-0.9784561740584619,2858.5675,3023.639,
2018-04-09,2785.0,2804.4,2760.65,2770.45,2784.55809976247,10525,809,29307474.0,4734.0,44.98,43.75,-14.55,Bajaj Auto,2770.45,-0.4527406981549187,2850.8575,3013.6059999999998,
2018-04-10,2782.95,2825.0,2761.2,2767.0,2781.9574242912263,152129,1032,423216401.0,142153.0,93.44,63.8,-15.95,Bajaj Auto,2767.0,-0.12452850619935063,2842.305,3003.06,
2018-04-11,2783.0,2800.0,2750.65,2755.4,2759.18734744508,24991,1213,68954851.0,16167.0,64.69,49.35,-27.6,Bajaj Auto,2755.4,-0.4192265992049138,2832.0725,2991.4559999999997,
2018-04-12,2777.0,2779.5,2756.05,2764.15,2761.089885490968,36591,1593,101031040.0,24760.0,67.67,23.45,-12.85,Bajaj Auto,2764.15,0.3175582492560114,2821.5725,2980.675,
2018-04-13,2772.0,2805.0,2758.15,2789.4,2798.2346941905403,65204,944,182456095.0,55731.0,85.47,46.85,17.4,Bajaj Auto,2789.4,0.9134815404373775,2813.6,2969.2210000000005,
2018-04-16,2800.0,2847.0,2776.25,2839.8,2819.879715004191,21474,1544,60554097.0,8773.0,40.85,70.75,39.8,Bajaj Auto,2839.8,1.8068401806840217,2808.1349999999998,2958.9889999999996,
2018-04-17,2855.7,2875.0,2844.0,2863.0,2860.753016572373,19973,1735,57137820.0,8631.0,43.21,31.0,7.3,Bajaj Auto,2863.0,0.8169589407704736,2805.675,2949.473,
2018-04-18,2878.0,2878.0,2853.75,2862.65,2866.0305764784844,13409,712,38430604.0,8389.0,62.56,24.25,-15.35,Bajaj Auto,2862.65,-0.012224938875304847,2806.1175,2938.5359999999996,
2018-04-19,2855.0,2860.0,2845.0,2855.1,2853.9321138977934,5303,417,15134402.0,1781.0,33.58,15.0,0.1,Bajaj Auto,2855.1,-0.26374163799277595,2805.195,2930.7859999999996,
2018-04-20,2855.0,2870.7,2806.0,2853.6,2834.658830769231,8125,639,23031603.0,2133.0,26.25,64.7,-1.4,Bajaj Auto,2853.6,-0.05253756435851242,2805.195,2924.302,
2018-04-23,2853.6,2875.55,2821.75,2854.05,2850.2029693666605,5321,505,15165930.0,1661.0,31.22,53.8,0.45,Bajaj Auto,2854.05,0.015769554247269113,2805.795,2918.6189999999997,
2018-04-24,2856.0,2895.0,2850.0,2889.75,2882.7709484855186,9046,649,26077546.0,2935.0,32.45,45.0,33.75,Bajaj Auto,2889.75,1.2508540495085763,2810.795,2913.6679999999997,
2018-04-25,2882.8,2908.25,2868.0,2899.9,2894.8334111495005,10709,748,31000771.0,2739.0,25.58,40.25,17.1,Bajaj Auto,2899.9,0.3512414568734412,2813.8325,2908.6180000000004,
2018-04-26,2929.0,2929.0,2870.0,2886.1,2894.4103483959984,14495,913,41954478.0,4642.0,32.02,59.0,-42.9,Bajaj Auto,2886.1,-0.47587847856823684,2817.9775,2904.27,
2018-04-27,2894.45,2956.0,2894.45,2936.8,2934.7437149760935,19451,1123,57083700.0,8742.0,44.94,61.55,42.35,Bajaj Auto,2936.8,1.7566958871834126,2827.3725,2900.139,
2018-04-30,2957.05,2976.35,2932.0,2948.0,2953.583695901076,8734,562,25796600.0,2284.0,26.15,44.35,-9.05,Bajaj Auto,2948.0,0.38136747480250754,2834.3424999999997,2896.882,
2018-05-02,2982.0,3183.8,2947.5,2965.25,2999.5570909608946,28078,1982,84221564.0,4001.0,14.25,236.3,-16.75,Bajaj Auto,2965.25,0.585142469470834,2843.0175,2893.375,
2018-05-03,2969.75,2987.6,2956.1,2971.9,2970.7741335811975,7531,621,22372900.0,2036.0,27.03,31.5,2.15,Bajaj Auto,2971.9,0.2242643959194046,2853.295,2890.7540000000004,
2018-05-04,2998.0,2998.0,2874.7,2890.5,2909.1790943671513,19191,1141,55830056.0,5954.0,31.02,123.3,-107.5,Bajaj Auto,2890.5,-2.7389885258588764,2857.2925,2887.7670000000003,
2018-05-07,2875.2,2941.4,2875.2,2917.05,2923.692683272007,14132,1132,41317625.0,6935.0,49.07,66.2,41.85,Bajaj Auto,2917.05,0.9185262065386723,2863.9925,2885.115,
2018-05-08,2942.65,2942.65,2885.0,2891.75,2900.450029279719,10246,651,29718011.0,4098.0,40.0,57.65,-50.9,Bajaj Auto,2891.75,-0.8673145815121464,2870.0575,2882.785,
2018-05-09,2884.05,2901.7,2866.7,2874.25,2876.738559970328,21569,494,62048374.0,16789.0,77.84,35.0,-9.8,Bajaj Auto,2874.25,-0.6051698798305472,2875.42,2880.85,
2018-05-10,2880.0,2889.6,2823.0,2827.8,2842.7878627689374,18917,1306,53777018.0,7739.0,40.91,66.6,-52.2,Bajaj Auto,2827.8,-1.6160737583717388,2879.04,2877.646,BUY
2018-05-11,2829.0,2836.8,2800.0,2816.45,2813.579642337284,9618,802,27061009.0,3887.0,40.41,36.8,-12.55,Bajaj Auto,2816.45,-0.4013720913784713,2881.6549999999997,2873.8309999999997,
2018-05-14,2839.0,2850.0,2805.05,2834.7,2834.4719118681146,12799,572,36278406.0,7502.0,58.61,44.95,-4.3,Bajaj Auto,2834.7,0.647978838608898,2883.92,2869.848,
2018-05-15,2818.0,2873.4,2808.0,2827.8,2838.2435829648143,41608,1028,118093639.0,32717.0,78.63,65.4,9.8,Bajaj Auto,2827.8,-0.24341200126996032,2883.32,2866.028,
2018-05-16,2826.95,2827.65,2787.65,2808.25,2805.327339300244,12290,1015,34477473.0,3808.0,30.98,40.0,-18.7,Bajaj Auto,2808.25,-0.6913501662069499,2880.5825,2861.6929999999998,
2018-05-17,2843.8,2843.8,2791.0,2819.15,2817.113130711164,10068,642,28362695.0,4060.0,40.33,52.8,-24.65,Bajaj Auto,2819.15,0.38814208136739303,2878.4075000000003,2859.2340000000004,
2018-05-18,2844.0,2942.05,2701.1,2777.5,2838.4271145273096,132571,7398,376293121.0,29473.0,22.23,240.95,-66.5,Bajaj Auto,2777.5,-1.4773956689072998,2874.5275,2856.7860000000005,
2018-05-21,2775.0,2777.0,2705.25,2719.9,2742.7909724058886,22686,1637,62222956.0,5830.0,25.7,71.75,-55.1,Bajaj Auto,2719.9,-2.0738073807380686,2867.8425,2852.975,
2018-05-22,2725.0,2825.0,2725.0,2811.25,2796.4590236308286,43037,4700,120351207.0,10026.0,23.3,100.0,86.25,Bajaj Auto,2811.25,3.358579359535274,2865.7025000000003,2850.7070000000003,
2018-05-23,2815.1,2830.0,2762.4,2775.8,2786.2812544144654,21237,1876,59172255.0,5635.0,26.53,67.6,-39.3,Bajaj Auto,2775.8,-1.2610048910626892,2860.005,2847.462,
2018-05-24,2775.8,2813.3,2725.0,2736.7,2749.7771722041716,19082,1756,52471248.0,5736.0,30.06,88.3,-39.1,Bajaj Auto,2736.7,-1.4086029252828092,2851.845,2842.995,
2018-05-25,2768.05,2775.55,2730.4,2759.85,2752.7206070287534,12520,1023,34464062.0,3127.0,24.98,45.15,-8.2,Bajaj Auto,2759.85,0.8459093068293955,2845.5325000000003,2838.7090000000003,
2018-05-28,2786.3,2813.5,2761.25,2791.25,2792.5910407844885,8974,849,25060712.0,2629.0,29.3,52.25,4.95,Bajaj Auto,2791.25,1.1377429932786232,2838.255,2835.5570000000002,
2018-05-29,2822.0,2833.0,2766.0,2794.0,2795.9601822269556,16902,1956,47257319.0,4189.0,24.78,67.0,-28.0,Bajaj Auto,2794.0,0.09852216748769127,2830.5550000000003,2832.455,SELL
2018-05-30,2810.0,2810.0,2756.95,2763.1,2771.052784036048,12428,1020,34438644.0,4483.0,36.07,53.05,-46.9,Bajaj Auto,2763.1,-1.105941302791702,2820.4475,2829.473,
2018-05-31,2775.0,2785.45,2731.1,2752.15,2750.9644090861507,19106,829,52559926.0,11528.0,60.34,54.35,-22.85,Bajaj Auto,2752.15,-0.39629401758893845,2809.46,2827.44,
2018-06-01,2777.0,2944.15,2777.0,2893.25,2875.589322293687,139618,8719,401484030.0,40963.0,29.34,167.15,116.25,Bajaj Auto,2893.25,5.126900786657695,2809.5975000000003,2827.8340000000003,
2018-06-04,2929.0,2929.0,2870.0,2876.6,2895.494819113032,50667,2486,146706036.0,14109.0,27.85,59.0,-52.4,Bajaj Auto,2876.6,-0.5754774043031263,2807.575,2828.294,
2018-06-05,2890.0,2891.0,2837.1,2844.15,2858.649608274478,25911,1391,74070470.0,8334.0,32.16,53.9,-45.85,Bajaj Auto,2844.15,-1.1280678578877823,2805.195,2828.3360000000002,
2018-06-06,2860.9,2948.6,2835.0,2884.55,2896.8515075473883,129515,3781,375185723.0,79107.0,61.08,113.6,23.65,Bajaj Auto,2884.55,1.4204595397570463,2805.71,2830.232,
2018-06-07,2908.9,2936.35,2867.0,2889.0,2900.8626708158567,36955,2519,107201380.0,7778.0,21.05,69.35,-19.9,Bajaj Auto,2889.0,0.1542701634570376,2808.7699999999995,2831.2290000000003,
2018-06-08,2888.0,2899.9,2868.15,2875.4,2879.0006278026904,11150,1012,32100857.0,3856.0,34.58,31.75,-12.6,Bajaj Auto,2875.4,-0.47075112495672533,2811.7174999999997,2832.673,
2018-06-11,2894.0,2913.5,2874.0,2882.0,2897.0343559184876,27186,1422,78758776.0,11141.0,40.98,39.5,-12.0,Bajaj Auto,2882.0,0.22953328232593329,2814.0825,2835.335,
2018-06-12,2884.0,2912.5,2870.15,2886.95,2897.5728463983874,25794,1482,74739994.0,11473.0,44.48,42.35,2.95,Bajaj Auto,2886.95,0.17175572519083637,2817.04,2836.902,
2018-06-13,2906.0,2935.0,2893.0,2908.3,2917.028944756864,30230,1283,88181785.0,7715.0,25.52,42.0,2.3,Bajaj Auto,2908.3,0.7395348031659754,2822.0425,2839.2329999999997,
2018-06-14,2899.0,2910.0,2880.0,2890.2,2891.1358119086303,20926,992,60499908.0,12125.0,57.94,30.0,-8.8,Bajaj Auto,2890.2,-0.6223567032286992,2825.595,2841.71,
2018-06-15,2904.0,2904.0,2854.0,2873.75,2878.0705199394242,19810,970,57014577.0,4529.0,22.86,50.0,-30.25,Bajaj Auto,2873.75,-0.5691647636841712,2830.4075,2842.974,
2018-06-18,2882.55,2937.0,2866.0,2901.9,2903.4957079310293,67217,3402,195164271.0,37702.0,56.09,71.0,19.35,Bajaj Auto,2901.9,0.9795563288386377,2839.5075,2845.3509999999997,
2018-06-19,2892.0,2892.05,2842.0,2849.4,2852.595757676717,54027,982,154117191.0,40895.0,75.69,50.05,-42.6,Bajaj Auto,2849.4,-1.8091595161790597,2841.415,2846.93,
2018-06-20,2873.0,2879.0,2859.5,2873.3,2871.04748137541,110338,1059,316785637.0,98403.0,89.18,19.5,0.3,Bajaj Auto,2873.3,0.83877307503335,2846.29,2849.0560000000005,
2018-06-21,2875.05,2875.65,2826.35,2832.95,2857.556383411066,103346,922,295317022.0,96199.0,93.08,49.3,-42.1,Bajaj Auto,2832.95,-1.4043086346709477,2851.1025,2850.607,BUY
2018-06-22,2855.0,2855.0,2808.0,2830.75,2824.1313343412285,35718,1779,100872323.0,22624.0,63.34,47.0,-24.25,Bajaj Auto,2830.75,-0.07765756543531843,2854.6475,2851.939,
2018-06-25,2835.0,2839.0,2794.9,2799.6,2809.1001100110007,50904,2493,142994432.0,33537.0,65.88,44.1,-35.4,Bajaj Auto,2799.6,-1.1004150843416105,2855.0649999999996,2852.143,
2018-06-26,2804.25,2822.5,2789.05,2809.75,2808.359803577692,14255,1248,40033169.0,4606.0,32.31,33.45,5.5,Bajaj Auto,2809.75,0.3625517931133082,2855.8525,2851.542,
2018-06-27,2818.0,2822.95,2750.0,2765.45,2780.462806511436,14559,1489,40480758.0,4623.0,31.75,72.95,-52.55,Bajaj Auto,2765.45,-1.576652727110961,2855.9700000000003,2849.5910000000003,
2018-06-28,2792.0,2794.55,2705.0,2718.2,2744.953781073741,19148,1802,52560375.0,6840.0,35.72,89.55,-73.8,Bajaj Auto,2718.2,-1.708582689978122,2854.2725,2846.702,
2018-06-29,2735.0,2827.75,2726.05,2811.15,2783.132237604856,29326,1948,81618136.0,8375.0,28.56,101.7,76.15,Bajaj Auto,2811.15,3.4195423441983674,2850.1675,2845.823,
2018-07-02,2811.0,2910.0,2811.0,2839.15,2870.5571602105547,59272,4235,170143664.0,13172.0,22.22,99.0,28.15,Bajaj Auto,2839.15,0.9960336517083723,2848.295,2845.534,
2018-07-03,2840.05,2879.05,2839.3,2865.05,2865.8289991314564,19573,1483,56092871.0,4297.0,21.95,39.75,25.0,Bajaj Auto,2865.05,0.9122448620185741,2849.3399999999997,2845.7540000000004,
2018-07-04,2873.0,2989.0,2859.35,2978.2,2940.3843418127926,60735,3394,178584243.0,18420.0,30.33,129.65,105.2,Bajaj Auto,2978.2,3.949320256190969,2854.0225,2847.5230000000006,
2018-07-05,2944.0,2990.7,2913.7,2969.8,2949.4189622037156,37464,2764,110497032.0,8753.0,23.36,77.0,25.8,Bajaj Auto,2969.8,-0.2820495601369877,2858.0625,2848.921,
2018-07-06,2979.0,3076.0,2964.15,3023.35,3041.0965248796992,284911,5785,866441852.0,198476.0,69.66,111.85,44.35,Bajaj Auto,3023.35,1.8031517273890296,2865.46,2851.666,
2018-07-09,3060.0,3081.0,2996.45,3017.95,3030.4163379816814,60595,2359,183628078.0,25472.0,42.04,84.55,-42.05,Bajaj Auto,3017.95,-0.1786098202325226,2872.2575,2853.2889999999998,
2018-07-10,3042.3,3113.0,3034.35,3089.05,3084.4417704821926,136460,3759,420902924.0,70542.0,51.69,78.65,46.75,Bajaj Auto,3089.05,2.355903842011964,2882.3625,2856.11,
2018-07-11,3098.9,3165.0,3056.6,3154.35,3139.9497461755986,88053,4672,276481995.0,27537.0,31.27,108.4,55.45,Bajaj Auto,3154.35,2.1139185186384024,2894.665,2859.8920000000003,
2018-07-12,3188.0,3213.95,3075.0,3101.9,3131.1126136731514,67958,3399,212784151.0,7695.0,11.32,138.95,-86.1,Bajaj Auto,3101.9,-1.6627831407421412,2905.25,2862.492,
2018-07-13,3124.95,3147.9,3060.05,3134.0,3095.567027648583,58267,2519,180369404.0,17313.0,29.71,87.85,9.05,Bajaj Auto,3134.0,1.0348496083045777,2918.2625,2867.362,
2018-07-16,3139.0,3165.0,3095.0,3101.75,3126.058846261945,28464,1918,88980139.0,3368.0,11.83,70.0,-37.25,Bajaj Auto,3101.75,-1.0290363752393117,2928.255,2871.0560000000005,
2018-07-17,3115.9,3125.95,3082.55,3095.25,3096.8097877308724,71089,2029,220149111.0,48150.0,67.73,43.4,-20.65,Bajaj Auto,3095.25,-0.20955911985169884,2940.5474999999997,2875.126,
2018-07-18,3103.4,3161.95,3100.0,3105.05,3124.640620879604,136516,2720,426563439.0,95173.0,69.72,61.95,1.65,Bajaj Auto,3105.05,0.31661416686858956,2952.1349999999998,2879.742,
2018-07-19,3123.95,3142.45,3097.7,3112.8,3116.1355348853626,56657,2203,176550891.0,20107.0,35.49,44.75,-11.15,Bajaj Auto,3112.8,0.24959340429300259,2966.1275,2885.442,
2018-07-20,3119.1,3152.45,2820.0,2841.1,2948.3248574355207,327045,19205,964234903.0,57775.0,17.67,332.45,-278.0,Bajaj Auto,2841.1,-8.72847597018762,2966.645,2885.935,
2018-07-23,2849.75,2854.0,2658.65,2689.1,2715.5315189156718,231369,13771,628289812.0,49651.0,21.46,195.35,-160.65,Bajaj Auto,2689.1,-5.3500404772799275,2961.12,2883.0229999999997,
2018-07-24,2685.0,2724.0,2616.0,2650.8,2671.1343302009086,210593,15556,562522192.0,41038.0,19.49,108.0,-34.2,Bajaj Auto,2650.8,-1.4242683425681357,2953.1725,2879.4830000000006,
2018-07-25,2680.0,2698.0,2624.05,2638.8,2667.0857733754215,82683,6058,220522653.0,26650.0,32.23,73.95,-41.2,Bajaj Auto,2638.8,-0.45269352648257266,2946.8399999999997,2876.094,
2018-07-26,2654.8,2667.3,2604.0,2619.25,2633.4988275519518,86571,6482,227984627.0,27273.0,31.5,63.3,-35.55,Bajaj Auto,2619.25,-0.7408670607852108,2941.8925,2872.0959999999995,
2018-07-27,2640.0,2687.95,2631.65,2678.05,2666.547450980392,56100,4015,149593312.0,14852.0,26.47,56.3,38.05,Bajaj Auto,2678.05,2.2449174381979686,2935.2375,2870.1069999999995,
2018-07-30,2680.0,2699.0,2657.2,2668.95,2676.912939028492,41626,2603,111429178.0,12459.0,29.93,41.8,-11.05,Bajaj Auto,2668.95,-0.3397994809656413,2926.7275,2869.0879999999997,
2018-07-31,2680.0,2717.0,2661.3,2700.7,2697.6968040060383,54318,3130,146533495.0,17499.0,32.22,55.7,20.7,Bajaj Auto,2700.7,1.1896063995204154,2918.51,2866.877,
2015-01-01,14975.2,15350.0,14975.2,15239.15,15237.319181585675,3910,2526,59577918.0,951.0,24.32,374.8,263.95,Eicher Motors,15239.15,,,,
2015-01-02,15402.0,15460.0,14978.05,15065.55,15200.964665326055,3481,2107,52914558.0,1380.0,39.64,481.95,-336.45,Eicher Motors,15065.55,-1.1391711479970978,,,
2015-01-05,14990.0,15245.05,14990.0,15133.55,15138.394532568342,2963,1576,44855063.0,1279.0,43.17,255.05,143.55,Eicher Motors,15133.55,0.45136088626036575,,,
2015-01-06,15000.0,15000.0,14655.05,14753.1,14813.512317327766,2395,2188,35478362.0,699.0,29.19,344.95,-246.9,Eicher Motors,14753.1,-2.513950791453423,,,
2015-01-07,14610.0,15000.0,14610.0,14945.55,14864.453955375251,2465,1628,36640879.0,785.0,31.85,390.0,335.55,Eicher Motors,14945.55,1.3044716025784275,,,
2015-01-08,15082.0,15141.7,14800.05,14877.8,14946.44813867576,3519,1954,52596551.0,1679.0,47.71,341.65,-204.2,Eicher Motors,14877.8,-0.45331218991606637,,,
2015-01-09,14900.0,14978.0,14560.0,14727.1,14794.818510858324,1934,1386,28613179.0,530.0,27.4,418.0,-172.9,Eicher Motors,14727.1,-1.0129185766712734,,,
2015-01-12,14742.0,15150.0,14600.0,14871.85,14890.84,4050,2760,60307902.0,961.0,23.73,550.0,129.85,Eicher Motors,14871.85,0.9828818979975784,,,
2015-01-13,14823.75,14950.0,14700.0,14800.7,14841.724375995753,1883,1304,27946967.0,527.0,27.99,250.0,-23.05,Eicher Motors,14800.7,-0.4784206403372737,,,
2015-01-14,14848.15,14939.95,14711.2,14831.2,14823.982588235294,2125,1396,31500963.0,696.0,32.75,228.75,-16.95,Eicher Motors,14831.2,0.20607133446390868,,,
2015-01-15,15059.65,15270.0,14842.6,15122.6,15093.225402504471,3354,2304,50622678.0,1261.0,37.6,427.4,62.95,Eicher Motors,15122.6,1.9647769566859097,,,
2015-01-16,15118.95,15387.75,15016.05,15330.5,15299.92215815486,2428,1961,37148211.0,506.0,20.84,371.7,211.55,Eicher Motors,15330.5,1.3747635988520468,,,
2015-01-19,15425.0,15580.0,15354.7,15466.1,15469.921658986175,2170,1699,33569730.0,689.0,31.75,225.3,41.1,Eicher Motors,15466.1,0.8845112683865564,,,
2015-01-20,15507.8,15582.0,15410.0,15468.85,15507.74441340782,1432,986,22207090.0,352.0,24.58,172.0,-38.95,Eicher Motors,15468.85,0.017780823866386797,,,
2015-01-21,15567.95,15567.95,15250.0,15360.75,15360.248305084744,2360,1597,36250186.0,945.0,40.04,317.95,-207.2,Eicher Motors,15360.75,-0.6988237651797014,,,
2015-01-22,15370.1,15393.7,15230.05,15286.35,15318.252983293556,1676,902,25673392.0,810.0,48.33,163.65,-83.75,Eicher Motors,15286.35,-0.4843513500317309,,,
2015-01-23,15362.0,15407.5,15125.05,15186.1,15211.52244331328,2161,1188,32872100.0,924.0,42.76,282.45,-175.9,Eicher Motors,15186.1,-0.6558138469942132,,,
2015-01-27,15262.0,16184.0,15100.0,16086.3,15780.929810813836,8933,5365,140971046.0,2556.0,28.61,1084.0,824.3,Eicher Motors,16086.3,5.927789228307456,,,
2015-01-28,16125.0,16450.65,16000.0,16340.6,16188.848187311178,5296,3792,85736140.0,1611.0,30.42,450.65,215.6,Eicher Motors,16340.6,1.5808482994846607,,,
2015-01-29,16400.5,16649.0,16320.2,16455.9,16448.787364620937,5540,3993,91126282.0,1559.0,28.14,328.8,55.4,Eicher Motors,16455.9,0.7056044453692012,15267.48,,
2015-01-30,16486.0,16650.0,16041.05,16303.5,16356.398435054773,3195,2329,52258693.0,921.0,28.83,608.95,-182.5,Eicher Motors,16303.5,-0.9261116073870257,15320.697499999998,,
2015-02-02,16397.0,16895.0,16388.0,16589.6,16660.949862846694,6562,4346,109329153.0,1633.0,24.89,507.0,192.6,Eicher Motors,16589.6,1.7548379182384055,15396.9,,
2015-02-03,16550.0,16700.0,16229.0,16320.1,16451.065156794422,2870,2147,47214557.0,1002.0,34.91,471.0,-229.9,Eicher Motors,16320.1,-1.624511742296364,15456.227499999999,,
2015-02-04,16323.55,16386.65,15819.0,15927.65,16089.058120362735,2426,1839,39032055.0,816.0,33.64,567.65,-395.9,Eicher Motors,15927.65,-2.404703402552688,15514.955000000002,,
2015-02-05,15863.0,16080.0,15750.05,15813.75,15921.519392372333,3094,2528,49261181.0,672.0,21.72,329.95,-49.25,Eicher Motors,15813.75,-0.7151086318446187,15558.365,,
2015-02-06,15876.9,15960.3,15520.1,15584.55,15674.81749622926,2652,1803,41569616.0,585.0,22.06,440.2,-292.35,Eicher Motors,15584.55,-1.449371591178572,15593.7025,,
2015-02-09,15639.0,15639.0,15049.0,15113.9,15286.74819986908,4583,3347,70059167.0,1363.0,29.74,590.0,-525.1,Eicher Motors,15113.9,-3.019978119355382,15613.042500000001,,
2015-02-10,15049.1,15520.0,14777.0,15188.45,15205.186894704306,4853,3324,73790772.0,1025.0,21.12,743.0,139.35,Eicher Motors,15188.45,0.49325455375515137,15628.872499999998,,
2015-02-11,15293.9,16200.0,15280.95,16134.6,15789.802850655904,7928,4649,125181557.0,1199.0,15.12,919.05,840.7,Eicher Motors,16134.6,6.229404580454223,15695.567500000001,,
2015-02-12,16201.0,16600.0,16074.1,16407.15,16342.89757301522,7293,4694,119188752.0,914.0,12.53,525.9,206.15,Eicher Motors,16407.15,1.6892268788814224,15774.365,,
2015-02-13,16550.0,16876.35,15406.5,16242.0,16355.608208221332,15253,9968,249472092.0,2333.0,15.3,1469.85,-308.0,Eicher Motors,16242.0,-1.006573353690321,15830.334999999997,,
2015-02-16,16660.0,16880.0,15989.7,16109.45,16305.407960199003,8643,5829,140927641.0,1511.0,17.48,890.3,-550.55,Eicher Motors,16109.45,-0.8160940770840952,15869.282499999998,,
2015-02-18,16302.0,17012.65,16302.0,16938.0,16710.619658551368,9899,6663,165418424.0,2681.0,27.08,710.65,636.0,Eicher Motors,16938.0,5.14325442519763,15942.877499999999,,
2015-02-19,17082.0,17200.0,16517.0,16678.4,16798.811524269087,7046,4128,118364426.0,2002.0,28.41,683.0,-403.6,Eicher Motors,16678.4,-1.532648482701604,16003.355000000001,,
2015-02-20,16580.5,16800.0,16350.0,16373.0,16540.16954899966,2949,2003,48776960.0,856.0,29.03,450.0,-207.5,Eicher Motors,16373.0,-1.8311108979278679,16053.967500000002,,
2015-02-23,16399.0,16417.0,15930.2,16004.9,16115.407023954525,4926,3548,79384495.0,1822.0,36.99,486.8,-394.1,Eicher Motors,16004.9,-2.2482135222622657,16089.894999999999,,
2015-02-24,16000.0,16047.5,15701.0,15813.3,15866.516373210465,6077,3005,96420820.0,1392.0,22.91,346.5,-186.7,Eicher Motors,15813.3,-1.1971333779030147,16121.255000000001,,
2015-02-25,15781.15,16021.15,15500.0,15612.65,15694.364606444797,9465,2724,148547161.0,6125.0,64.71,521.15,-168.5,Eicher Motors,15612.65,-1.268868610599938,16097.5725,,
2015-02-26,15500.0,15675.0,15100.0,15213.8,15333.5888671875,6144,3842,94209570.0,1719.0,27.98,575.0,-286.2,Eicher Motors,15213.8,-2.554659202633769,16041.232499999998,,
2015-02-27,15235.2,15838.65,15235.2,15808.05,15616.215849843587,23975,4298,374398775.0,19133.0,79.8,603.45,572.85,Eicher Motors,15808.05,3.9059932429767796,16008.840000000002,,
2015-02-28,15992.0,16275.0,15461.15,16226.6,15841.22817657586,10058,7334,159331073.0,1566.0,15.57,813.85,234.6,Eicher Motors,16226.6,2.6477016456805336,16004.995,,
2015-03-02,16510.0,16699.0,16160.0,16515.85,16518.98038985439,8516,4881,140675637.0,2043.0,23.99,539.0,5.85,Eicher Motors,16515.85,1.782566896330695,16001.307499999999,,
2015-03-03,16392.0,16392.0,15682.35,15891.3,15922.141293298928,12789,7667,203628265.0,2894.0,22.63,709.65,-500.7,Eicher Motors,15891.3,-3.781518965115327,15979.867500000002,,
2015-03-04,15301.0,16226.05,15111.0,16050.15,15171.948325884332,1387658,36557,21053475470.0,1273490.0,91.77,1115.05,749.15,Eicher Motors,16050.15,0.9996035566630868,15985.992499999998,,
2015-03-05,16114.0,16178.0,15864.4,15996.0,16008.581191472404,5019,3432,80347069.0,726.0,14.47,313.6,-118.0,Eicher Motors,15996.0,-0.337380024485745,15995.105,,
2015-03-09,15986.4,15986.4,15621.15,15692.35,15828.493492618492,10296,3301,162970169.0,5697.0,55.33,365.25,-294.05,Eicher Motors,15692.35,-1.8982870717679345,16000.495,,
2015-03-10,15660.5,16112.7,15660.5,15963.7,15897.22493929934,5766,3469,91663399.0,1280.0,22.2,452.2,303.2,Eicher Motors,15963.7,1.7291865144481333,16042.984999999997,,
2015-03-11,16000.0,16190.0,15900.0,16045.85,16036.421511627907,5160,2832,82747935.0,1252.0,24.26,290.0,45.85,Eicher Motors,16045.85,0.5146050101167088,16085.855000000001,,
2015-03-12,15925.0,16361.0,15925.0,16316.4,16235.726914414414,3552,2194,57669302.0,1134.0,31.93,436.0,391.4,Eicher Motors,16316.4,1.6861057532009838,16094.944999999998,,
2015-03-13,16285.1,16350.0,15810.0,15879.3,16022.023345153664,3384,2419,54218527.0,788.0,23.29,540.0,-405.8,Eicher Motors,15879.3,-2.678899757299402,16068.552500000002,15722.078000000001,
2015-03-16,15751.1,15907.9,15640.0,15803.25,15769.997573469936,3709,2270,58490921.0,902.0,24.32,267.9,52.15,Eicher Motors,15803.25,-0.47892539343673546,16046.615000000002,15733.36,
2015-03-17,15870.05,16054.7,15810.0,15935.7,15948.515422578655,3242,1687,51705087.0,1079.0,33.28,244.7,65.65,Eicher Motors,15935.7,0.8381187413981417,16037.9275,15750.763,
2015-03-18,15925.05,16205.0,15900.0,16043.45,16088.366713352008,4284,2468,68922563.0,1317.0,30.74,305.0,118.4,Eicher Motors,16043.45,0.6761547970908,15993.2,15768.961000000001,
2015-03-19,16160.15,16301.0,16013.05,16079.95,16172.537819799776,3596,2305,58156446.0,789.0,21.94,287.95,-80.2,Eicher Motors,16079.95,0.2275071758256475,15963.2775,15795.498,
2015-03-20,16110.0,16182.7,15928.15,16002.0,16052.837219343695,2316,1600,37178371.0,487.0,21.03,254.55,-108.0,Eicher Motors,16002.0,-0.4847651889464899,15944.727499999999,15816.627,
2015-03-23,16100.0,16129.15,15800.0,15843.2,15916.632434944237,2152,1487,34252593.0,503.0,23.37,329.15,-256.8,Eicher Motors,15843.2,-0.9923759530058751,15936.642500000002,15835.935,
2015-03-24,15843.2,15902.2,15475.0,15513.65,15643.355659276545,4285,2888,67031779.0,1142.0,26.65,427.2,-329.55,Eicher Motors,15513.65,-2.080072207634831,15921.659999999998,15851.666,
2015-03-25,15483.0,15640.0,15335.65,15551.25,15460.698174322732,3396,2436,52504531.0,973.0,28.65,304.35,68.25,Eicher Motors,15551.25,0.2423672056543813,15918.59,15865.253999999999,
2015-03-26,15500.0,15725.0,15351.55,15584.75,15575.213483146068,3827,2681,59606342.0,1122.0,29.32,373.45,84.75,Eicher Motors,15584.75,0.21541676714089686,15937.1375,15880.935,
2015-03-27,15650.0,15650.0,15108.65,15471.95,15347.715423606081,4143,2744,63585585.0,1180.0,28.48,541.35,-178.05,Eicher Motors,15471.95,-0.7237844687915995,15920.332499999999,15893.75,
2015-03-30,15600.0,16200.0,15580.55,16019.7,15842.471709909347,3199,2610,50680067.0,1053.0,32.92,619.45,419.7,Eicher Motors,16019.7,3.5402777284052833,15909.9875,15911.692,SELL
2015-03-31,16147.0,16147.0,15815.95,15890.2,15991.851735913488,3514,2540,56195367.0,722.0,20.55,331.05,-256.8,Eicher Motors,15890.2,-0.8083796825159029,15878.705000000002,15922.885999999999,
2015-04-01,15868.0,16188.85,15850.05,16028.4,16020.20876874148,4402,2926,70520959.0,1052.0,23.9,338.8,160.4,Eicher Motors,16028.4,0.869718442813805,15885.559999999998,15934.132,
2015-04-06,16066.15,16066.15,15549.9,15763.7,15764.721325225413,4769,2910,75181956.0,1642.0,34.43,516.25,-302.45,Eicher Motors,15763.7,-1.6514436874547567,15871.2375,15940.029000000002,
2015-04-07,15701.25,16039.85,15701.25,15950.4,15838.590005373457,7444,4006,117902464.0,2947.0,39.59,338.6,249.15,Eicher Motors,15950.4,1.1843666144369491,15868.9575,15951.822,
2015-04-08,16014.0,16550.0,15975.05,16501.0,16343.065650080256,6230,3542,101817299.0,1781.0,28.59,574.95,487.0,Eicher Motors,16501.0,3.4519510482495797,15909.39,15976.115,
2015-04-09,16650.1,16800.0,16280.05,16338.65,16446.91712062257,5140,3418,84537154.0,1152.0,22.41,519.95,-311.45,Eicher Motors,16338.65,-0.9838797648627384,15928.1375,15999.166,
2015-04-10,16273.0,16439.0,16134.25,16206.35,16267.58942795076,2762,1974,44931082.0,595.0,21.54,304.75,-66.65,Eicher Motors,16206.35,-0.8097364225318482,15936.1625,16001.567,
2015-04-13,16141.0,16215.0,15933.3,16054.1,16123.477245745944,2527,1771,40744027.0,966.0,38.23,281.7,-86.9,Eicher Motors,16054.1,-0.9394465749536396,15923.0475,15995.837000000001,
2015-04-15,16055.0,16124.7,15806.6,15861.8,15959.164636707264,2381,1942,37998771.0,691.0,29.02,318.1,-193.2,Eicher Motors,15861.8,-1.1978248547100168,15922.172499999997,15983.955,
2015-04-16,16299.0,16350.0,15750.0,15837.45,16010.85694776374,5858,3688,93791600.0,1446.0,24.68,600.0,-461.55,Eicher Motors,15837.45,-0.15351347261974846,15923.882499999998,15974.634000000002,
2015-04-17,15999.9,15999.9,15200.0,15327.25,15533.718302525383,3841,2609,59665012.0,1021.0,26.58,799.9,-672.65,Eicher Motors,15327.25,-3.221478205140349,15893.460000000001,15949.387000000002,
2015-04-20,15300.0,15300.0,14655.25,14762.5,14795.363880196692,6711,4591,99291687.0,2666.0,39.73,644.75,-537.5,Eicher Motors,14762.5,-3.6846140044691666,15829.4125,15918.235,
2015-04-21,14762.0,14943.8,14163.65,14320.6,14594.84733242134,7310,4473,106688334.0,1963.0,26.85,780.15,-441.4,Eicher Motors,14320.6,-2.993395427603718,15741.445000000002,15886.094000000001,
2015-04-22,14400.0,14459.9,14070.05,14377.3,14263.431699687175,4795,3047,68393155.0,1280.0,26.69,389.85,-22.7,Eicher Motors,14377.3,0.39593313129338004,15660.210000000001,15857.365,
2015-04-23,14500.0,14827.4,14482.85,14774.35,14676.064882943145,4485,2793,65822151.0,1206.0,26.89,344.55,274.35,Eicher Motors,14774.35,2.761645093306808,15606.767499999998,15841.161,
2015-04-24,14901.0,14901.0,14487.0,14710.8,14664.379366602689,10420,4668,152802833.0,3290.0,31.57,414.0,-190.2,Eicher Motors,14710.8,-0.43013736644929024,15566.625,15833.098999999998,
2015-04-27,14720.0,15079.55,13930.0,14784.95,14526.41250624064,8012,5057,116385617.0,1275.0,15.91,1149.55,64.95,Eicher Motors,14784.95,0.5040514451967404,15528.310000000001,15825.029000000002,
2015-04-28,14768.05,15250.0,14680.0,15165.15,15061.833702268954,3614,2741,54433467.0,537.0,14.86,570.0,397.1,Eicher Motors,15165.15,2.5715338908822716,15507.330000000002,15805.64,
2015-04-29,15200.0,15434.9,15146.0,15228.4,15254.30876068376,5616,2275,85668198.0,3017.0,53.72,288.9,28.4,Eicher Motors,15228.4,0.41707467450040614,15495.1525,15782.065,
2015-04-30,15200.0,15300.0,15095.0,15217.85,15205.17274074074,3375,2574,51317458.0,658.0,19.5,205.0,17.85,Eicher Motors,15217.85,-0.06927845341597738,15455.060000000001,15761.582,
2015-05-04,15420.0,15490.0,15303.35,15337.55,15359.747373686843,1999,1389,30704135.0,443.0,22.16,186.65,-82.45,Eicher Motors,15337.55,0.7865762903432438,15427.4275,15746.143999999998,
2015-05-05,15431.9,15711.0,15293.55,15552.05,15552.975877192983,3192,2033,49645099.0,785.0,24.59,417.45,120.15,Eicher Motors,15552.05,1.398528448155023,15403.61,15718.425,
2015-05-06,15548.45,15674.75,15000.0,15064.7,15330.516228070175,4560,3495,69907154.0,695.0,15.24,674.75,-483.75,Eicher Motors,15064.7,-3.133670480740469,15368.66,15686.151000000002,
2015-05-07,14941.15,15090.0,14498.6,14796.2,14749.930006377552,6272,3930,92511561.0,1282.0,20.44,591.4,-144.95,Eicher Motors,14796.2,-1.7823122929762958,15310.95,15654.615,
2015-05-08,15185.5,15865.0,14740.55,15789.0,15411.780144565982,15633,10965,240932359.0,1323.0,8.46,1124.45,603.5,Eicher Motors,15789.0,6.709830902529013,15275.35,15650.296999999999,
2015-05-11,15949.0,16962.1,15946.0,16865.3,16512.0238002341,23067,5929,380882853.0,7297.0,31.63,1016.1,916.3,Eicher Motors,16865.3,6.81677116980175,15301.6825,15671.337,
2015-05-12,16965.0,17269.1,16600.0,17121.0,16969.7627141878,14590,5158,247588838.0,1873.0,12.84,669.1,156.0,Eicher Motors,17121.0,1.5161307536776691,15347.414999999999,15701.503999999999,
2015-05-13,17349.0,18327.45,17349.0,18062.7,17916.19242933386,20236,7541,362552070.0,3133.0,15.48,978.45,713.7,Eicher Motors,18062.7,5.5002628351147775,15447.845000000001,15758.482,
2015-05-14,18000.0,18460.0,17706.75,18190.25,18123.91109635532,13554,5421,245651491.0,1513.0,11.16,753.25,190.25,Eicher Motors,18190.25,0.7061513505732808,15564.267500000002,15806.125999999998,
2015-05-15,18200.0,18788.9,18160.0,18707.0,18585.37631620305,12726,4569,236517499.0,1888.0,14.84,628.9,507.0,Eicher Motors,18707.0,2.840807575486859,15707.745,15855.733999999999,
2015-05-18,18700.0,19150.9,18305.45,18618.15,18667.124113033733,16066,5987,299906016.0,3616.0,22.51,845.45,-81.85,Eicher Motors,18618.15,-0.47495589886138445,15872.290000000003,15897.78,
2015-05-19,18600.0,18850.0,18189.0,18275.85,18573.823500145118,24119,3268,447982049.0,15545.0,64.45,661.0,-324.15,Eicher Motors,18275.85,-1.838528532641548,16047.9575,15945.470999999998,BUY
2015-05-20,18201.0,18590.0,18115.0,18510.45,18373.52564809708,9065,3106,166556010.0,942.0,10.39,475.0,309.45,Eicher Motors,18510.45,1.2836612250593182,16257.45,15994.677,
2015-05-21,18568.0,18568.0,18312.1,18428.3,18424.301863041288,3972,1503,73181327.0,786.0,19.79,255.9,-139.7,Eicher Motors,18428.3,-0.4438033651261941,16460.0,16043.322999999999,
2015-05-22,18216.0,18734.45,18216.0,18669.8,18594.084564860423,4872,1827,90590380.0,780.0,16.01,518.45,453.8,Eicher Motors,18669.8,1.3104844179875563,16654.7725,16102.872,
2015-05-25,18668.0,19525.0,18518.4,19173.0,19131.5506545944,16346,6101,312724327.0,1729.0,10.58,1006.6,505.0,Eicher Motors,19173.0,2.6952618667580808,16877.8825,16167.058,
2015-05-26,19284.0,19368.0,18795.35,18945.2,19107.25958702065,7458,2622,142501942.0,1518.0,20.35,572.65,-338.8,Eicher Motors,18945.2,-1.188129139936367,17085.895,16225.045,
2015-05-27,18817.5,18850.0,18058.0,18353.85,18399.1106102254,9095,3222,167339911.0,1949.0,21.43,792.0,-463.65,Eicher Motors,18353.85,-3.1213711124717713,17245.329999999998,16265.794000000002,
2015-05-28,18355.05,18600.0,17800.0,17972.6,18085.80419489317,7676,2683,138826633.0,1781.0,23.2,800.0,-382.45,Eicher Motors,17972.6,-2.077220855569817,17382.54,16307.66,
2015-05-29,18083.45,19200.0,17800.0,18713.8,18680.325742937508,40885,11753,763745118.0,9817.0,24.01,1400.0,630.35,Eicher Motors,18713.8,4.124055506715774,17557.3375,16365.871,
2015-06-01,18450.0,18930.0,18370.0,18785.25,18753.350288320853,11619,4151,217895177.0,1460.0,12.57,560.0,335.25,Eicher Motors,18785.25,0.3818038025414472,17729.7225,16422.862,
2015-06-02,18800.05,18960.0,17970.0,18138.5,18437.13426499204,11306,4279,208450240.0,2219.0,19.63,990.0,-661.55,Eicher Motors,18138.5,-3.442860755113719,17859.045000000002,16464.763,
2015-06-03,18100.0,18439.7,17944.1,18209.75,18175.85489698272,10241,3722,186138930.0,1092.0,10.66,495.6,109.75,Eicher Motors,18209.75,0.3928108719023049,18016.2975,16507.359,
2015-06-04,17501.25,17789.45,16905.0,17182.35,17220.745464724612,1302126,35063,22423580409.0,1006217.0,77.27,884.45,-318.9,Eicher Motors,17182.35,-5.642032427682975,18135.605,16530.966,
2015-06-05,17238.9,17450.0,17062.6,17390.05,17347.684830937855,9671,2882,167769460.0,3036.0,31.39,387.4,151.15,Eicher Motors,17390.05,1.2087985636423548,18215.657499999998,16561.903000000002,
2015-06-08,17450.0,17549.4,17219.6,17283.6,17392.04694614539,6369,2662,110769947.0,2363.0,37.1,329.8,-166.4,Eicher Motors,17283.6,-0.6121316499952623,18236.572500000002,16597.302,
2015-06-09,17280.1,17280.1,16651.9,17099.3,16961.408173562057,11892,3212,201705066.0,3940.0,33.13,628.2,-180.8,Eicher Motors,17099.3,-1.0663287740979799,18235.4875,16628.263,
2015-06-10,17190.0,17677.95,17150.05,17612.45,17453.053344055756,7461,2430,130217231.0,1711.0,22.93,527.9,422.45,Eicher Motors,17612.45,3.0010000409373516,18212.975,16668.817,
2015-06-11,17682.0,17740.0,17130.0,17234.35,17447.922067780728,6403,1985,111719045.0,1572.0,24.55,610.0,-447.65,Eicher Motors,17234.35,-2.1467768538732668,18165.18,16704.065,
2015-06-12,17100.0,17450.0,17100.0,17399.45,17322.48274306339,4433,1527,76790566.0,690.0,15.57,350.0,299.45,Eicher Motors,17399.45,0.9579705645992087,18099.802499999998,16731.66,
2015-06-15,17665.15,18120.05,17629.85,18043.7,17904.272280367903,6306,2247,112904341.0,965.0,15.3,490.2,378.55,Eicher Motors,18043.7,3.7027032463669896,18071.08,16774.73,
2015-06-16,18110.0,18500.0,18039.75,18462.8,18311.309394448286,10123,3260,185365385.0,1744.0,17.23,460.25,352.8,Eicher Motors,18462.8,2.3226943476116313,18080.427499999998,16823.418,
2015-06-17,18550.0,19485.0,18501.0,19297.45,19065.9559920254,13543,5326,258210242.0,2504.0,18.49,984.0,747.45,Eicher Motors,19297.45,4.520711918018949,18119.7775,16894.092999999997,
2015-06-18,19397.7,19675.8,19301.0,19482.2,19511.405044843046,8920,3405,174041733.0,1166.0,13.07,374.8,84.5,Eicher Motors,19482.2,0.9573803792729096,18172.4725,16964.729000000003,
2015-06-19,19689.95,20020.0,19200.0,19471.15,19660.807401303467,13349,4572,262452118.0,1429.0,10.7,820.0,-218.8,Eicher Motors,19471.15,-0.056718440422531824,18212.54,17024.132,
2015-06-22,19471.2,19640.0,19250.2,19397.3,19403.77828702377,6982,2429,135477180.0,1711.0,24.51,389.8,-73.9,Eicher Motors,19397.3,-0.37927908726501647,18223.754999999997,17085.305,
2015-06-23,19450.0,19469.25,19190.0,19275.75,19301.222766503382,4287,1495,82744342.0,1137.0,26.52,279.25,-174.25,Eicher Motors,19275.75,-0.6266336036458653,18240.282499999998,17146.693,
2015-06-24,19238.0,19452.0,19048.5,19113.6,19236.045652173914,5060,1810,97334391.0,1322.0,26.13,403.5,-124.4,Eicher Motors,19113.6,-0.8412124041866198,18278.27,17207.882999999998,
2015-06-25,19113.6,19580.0,19113.6,19505.25,19392.965539556702,6181,2038,119867920.0,1328.0,21.49,466.4,391.65,Eicher Motors,19505.25,2.049064540431944,18354.9025,17280.752,
2015-06-26,19582.9,19668.15,19421.0,19526.65,19548.307997833545,5539,1965,108278078.0,893.0,16.12,247.15,-56.25,Eicher Motors,19526.65,0.10971405134516665,18395.545,17354.536,
2015-06-29,19250.0,19389.5,19031.0,19301.65,19225.722842639596,3940,1400,75749348.0,896.0,22.74,358.5,51.65,Eicher Motors,19301.65,-1.152271382956116,18421.364999999998,17434.023999999998,
2015-06-30,19215.2,19675.0,19215.2,19578.15,19488.31523022432,5082,1890,99039618.0,1300.0,25.58,459.8,362.95,Eicher Motors,19578.15,1.432520017718697,18493.3475,17530.337,
2015-07-01,19750.0,20475.0,19692.3,20338.1,20153.015049735175,15482,5406,312008979.0,2513.0,16.23,782.7,588.1,Eicher Motors,20338.1,3.881623135995982,18599.765,17650.686999999998,
2015-07-02,20474.0,21340.0,20400.0,21238.65,20904.024290735622,15932,6163,333042915.0,2469.0,15.5,940.0,764.65,Eicher Motors,21238.65,4.427896411169208,18802.58,17787.914,
2015-07-03,21434.0,21580.65,20181.05,20253.8,20689.24287317621,26730,7534,553023462.0,6694.0,25.04,1399.6,-1180.2,Eicher Motors,20253.8,-4.63706497352705,18945.7675,17897.502999999997,
2015-07-06,20188.0,20530.7,19904.95,20359.5,20300.239433117848,8044,2967,163295126.0,957.0,11.9,625.75,171.5,Eicher Motors,20359.5,0.5218773760973239,19099.5625,18010.477,
2015-07-07,20302.15,20531.55,20200.0,20367.15,20378.80286810745,4951,1981,100895453.0,1141.0,23.05,331.55,65.0,Eicher Motors,20367.15,0.037574596625655765,19262.954999999998,18122.121,
2015-07-08,20231.5,20600.0,20129.0,20476.7,20383.018707050134,7858,2595,160169761.0,1468.0,18.68,471.0,245.2,Eicher Motors,20476.7,0.5378759423876112,19406.1675,18228.352000000003,
2015-07-09,20570.0,20701.0,20500.0,20650.0,20627.541564519724,4487,1326,92555779.0,1144.0,25.5,201.0,80.0,Eicher Motors,20650.0,0.8463277774250599,19576.95,18336.784,
2015-07-10,20797.0,20799.2,20578.55,20765.8,20703.813616071428,4480,1625,92753085.0,804.0,17.95,220.65,-31.2,Eicher Motors,20765.8,0.5607748184019323,19745.267499999998,18447.743000000002,
2015-07-13,20800.0,21230.0,20800.0,21171.05,21005.559912573928,7778,3237,163381245.0,2403.0,30.89,430.0,371.05,Eicher Motors,21171.05,1.9515260668984569,19901.635000000002,18564.413,
2015-07-14,21170.0,21171.0,20701.0,20761.7,20820.587556251223,5111,1755,106414023.0,1251.0,24.48,470.0,-408.3,Eicher Motors,20761.7,-1.9335365983264796,20016.579999999998,18668.606,
2015-07-15,20651.2,20900.0,20605.05,20734.35,20714.05252790545,4569,1419,94642506.0,1188.0,26.0,294.95,83.15,Eicher Motors,20734.35,-0.13173295057727907,20088.425,18781.999,
2015-07-16,21149.85,21187.9,20721.2,21071.3,20997.68342418736,4953,1711,104001526.0,1180.0,23.82,466.7,-78.55,Eicher Motors,21071.3,1.6250810852522557,20167.879999999997,18907.501,
2015-07-17,21100.0,21158.1,20922.1,21084.2,21060.68628808864,2888,1045,60823262.0,637.0,22.06,236.0,-15.8,Eicher Motors,21084.2,0.06122071253316097,20248.5325,19013.405,
2015-07-20,21000.0,21319.7,21000.0,21269.45,21146.4747873894,11641,1317,246166113.0,8748.0,75.15,319.7,269.45,Eicher Motors,21269.45,0.8786200092960605,20342.140000000003,19101.488,
2015-07-21,21338.85,21618.3,21251.75,21336.55,21433.04118041583,7455,2508,159783322.0,767.0,10.29,366.55,-2.3,Eicher Motors,21336.55,0.315475952598665,20445.18,19185.799,
2015-07-22,21409.85,21432.5,20755.0,21164.0,21110.333502366462,11832,4505,249777466.0,1304.0,11.02,677.5,-245.85,Eicher Motors,21164.0,-0.8087061872702028,20547.7,19247.825,
2015-07-23,20950.0,21037.45,20368.0,20528.85,20768.78217821782,16867,2497,350307049.0,11670.0,69.19,669.45,-421.15,Eicher Motors,20528.85,-3.0010867510867567,20598.879999999997,19294.597,
2015-07-24,20300.0,20589.8,20011.6,20097.1,20351.502320647127,7541,1502,153470679.0,4341.0,57.57,578.2,-202.9,Eicher Motors,20097.1,-2.1031377792716133,20627.402500000004,19322.399,
2015-07-27,19960.0,19960.0,19241.6,19343.75,19550.88162162162,7400,2269,144676524.0,2565.0,34.66,718.4,-616.25,Eicher Motors,19343.75,-3.7485507859342793,20629.5075,19336.911,
2015-07-28,19346.15,19640.0,19122.6,19481.9,19485.521707272397,5459,2080,106371463.0,1296.0,23.74,517.4,135.75,Eicher Motors,19481.9,0.7141841680129213,20624.695,19361.032000000003,
2015-07-29,19400.0,19704.95,19165.05,19265.65,19423.343970914968,4951,1720,96164976.0,1095.0,22.12,539.9,-134.35,Eicher Motors,19265.65,-1.1100046710023181,20571.072500000002,19376.136,
2015-07-30,19360.0,19538.1,18920.0,19057.65,19408.538472267424,21509,2169,417458254.0,16906.0,78.6,618.1,-302.35,Eicher Motors,19057.65,-1.0796417458014629,20462.0225,19388.723,
2015-07-31,19105.0,19257.0,18689.0,19070.05,19026.964765237204,12289,2743,233822370.0,6008.0,48.89,568.0,-34.95,Eicher Motors,19070.05,0.06506573475741906,20402.835,19396.728,
2015-08-03,19425.0,19499.0,19050.0,19105.2,19330.44651083433,23444,2857,453182988.0,16110.0,68.72,449.0,-319.8,Eicher Motors,19105.2,0.18432043964227152,20340.12,19395.372,
2015-08-04,19175.0,20280.0,18957.2,20158.35,19658.150859607944,15763,4329,309871432.0,5059.0,32.09,1322.8,983.35,Eicher Motors,20158.35,5.512373594623443,20329.68,19419.635,
2015-08-05,20450.15,20709.9,20072.2,20548.0,20496.34899169632,8430,2986,172784222.0,1715.0,20.34,637.7,97.85,Eicher Motors,20548.0,1.9329459008301741,20333.245000000003,19463.517999999996,
2015-08-06,20500.0,20670.15,20400.75,20544.1,20534.2323335028,3934,1462,80781670.0,707.0,17.97,269.4,44.1,Eicher Motors,20544.1,-0.018979949386810357,20327.95,19514.948,
2015-08-07,20550.0,20755.0,20433.7,20615.85,20543.952666267225,40056,1814,822908568.0,36247.0,90.49,321.3,65.85,Eicher Motors,20615.85,0.3492486894047353,20320.452500000003,19552.989,
2015-08-10,20670.0,20754.55,20275.0,20417.15,20555.4951595554,2789,1017,57329276.0,769.0,27.57,479.55,-252.85,Eicher Motors,20417.15,-0.9638215256707716,20282.7575,19585.627,
2015-08-11,20400.0,20520.0,19818.0,20165.0,20104.935282651073,5130,1738,103138318.0,984.0,19.18,702.0,-235.0,Eicher Motors,20165.0,-1.2349911716375783,20252.9225,19626.157000000003,
2015-08-12,20199.7,20199.7,19737.05,19871.85,19932.679188580012,3993,1173,79591188.0,933.0,23.37,462.65,-327.85,Eicher Motors,19871.85,-1.453756508802384,20209.7975,19659.399,
2015-08-13,19890.0,20254.4,19822.0,19895.25,20030.54794520548,3869,1407,77498190.0,956.0,24.71,432.4,5.25,Eicher Motors,19895.25,0.11775451203588361,20150.995000000003,19713.657,
2015-08-14,20046.4,20663.0,20021.75,20601.4,20434.63871991537,3781,1289,77263369.0,1249.0,33.03,641.25,555.0,Eicher Motors,20601.4,3.549339666503326,20126.855,19777.884000000002,
2015-08-17,20614.5,20749.4,20350.0,20671.2,20569.81238373638,3763,1442,77404204.0,868.0,23.07,399.4,56.7,Eicher Motors,20671.2,0.3388119254031263,20096.942499999997,19845.636000000002,
2015-08-18,20850.0,21037.5,20670.95,20950.6,20899.826530612245,4998,1676,104457333.0,1207.0,24.15,366.55,100.6,Eicher Motors,20950.6,1.3516389953171393,20077.644999999997,19922.662,
2015-08-19,20950.0,21362.65,20752.0,21243.25,21188.192137096772,4960,1630,105093433.0,1446.0,29.15,610.65,293.25,Eicher Motors,21243.25,1.3968573692400232,20081.6075,19995.278000000002,
2015-08-20,21240.0,21578.0,20980.0,21042.4,21294.007996633,4752,1854,101189126.0,822.0,17.3,598.0,-197.6,Eicher Motors,21042.4,-0.9454767985124568,20107.285,20071.439,
2015-08-21,20800.0,20847.25,20316.05,20482.05,20618.69315455187,14170,1801,292166882.0,10109.0,71.34,531.2,-317.95,Eicher Motors,20482.05,-2.6629566969547325,20126.532499999998,20133.091,SELL
2015-08-24,20000.0,20000.0,17805.15,18571.75,18935.922061497116,12651,3706,239558350.0,3085.0,24.39,2194.85,-1428.25,Eicher Motors,18571.75,-9.32670313762538,20087.9325,20143.652000000002,
2015-08-25,19099.0,19174.95,17910.8,18844.35,18645.04329147389,9078,3706,169259703.0,1482.0,16.33,1264.15,-254.65,Eicher Motors,18844.35,1.4678207492562656,20056.055,20151.283,
2015-08-26,18799.0,19192.05,18500.0,18581.65,18783.053056516725,5202,1617,97709442.0,1688.0,32.45,692.05,-217.35,Eicher Motors,18581.65,-1.3940517980190248,20021.855,20136.967,
2015-08-27,18725.0,19200.0,18725.0,18814.35,18941.189713896456,2936,1317,55611333.0,611.0,20.81,475.0,89.35,Eicher Motors,18814.35,1.252310747430907,20009.690000000002,20123.61,
2015-08-28,19250.0,19250.0,18550.0,18903.1,18883.9905543127,4023,1912,75970294.0,890.0,22.12,700.0,-346.9,Eicher Motors,18903.1,0.4717144094799952,20001.3425,20112.249,
2015-08-31,18911.4,19179.0,18800.0,18993.35,18954.79518592477,18529,1585,351213400.0,15404.0,83.13,379.0,81.95,Eicher Motors,18993.35,0.47743491808220906,19995.75,20104.17,
2015-09-01,18940.0,19113.6,18054.1,18258.9,18652.423157162728,5752,2482,107288738.0,1559.0,27.1,1059.5,-681.1,Eicher Motors,18258.9,-3.866879723692751,19900.7775,20083.833,
2015-09-02,18632.0,18715.0,18240.0,18342.9,18466.12566798828,5801,2286,107121995.0,1078.0,18.58,475.0,-289.1,Eicher Motors,18342.9,0.4600496196375481,19790.5225,20068.419,
2015-09-03,18600.0,18642.75,18309.5,18365.15,18446.263458646616,3325,1288,61333826.0,786.0,23.64,333.25,-234.85,Eicher Motors,18365.15,0.12130033964095066,19681.575,20045.617000000002,
2015-09-04,18350.0,18350.0,17778.6,18146.65,18036.902858086894,6053,2306,109177373.0,1216.0,20.09,571.4,-203.35,Eicher Motors,18146.65,-1.1897534188394898,19558.114999999998,20018.017,
2015-09-07,18150.0,18233.8,17334.95,17449.95,17684.37714825307,5295,1960,93638777.0,943.0,17.81,898.85,-700.05,Eicher Motors,17449.95,-3.839276119834789,19409.755,19980.983,
2015-09-08,17400.0,17438.0,16731.85,17257.55,17089.66027858278,10697,3484,182808096.0,1587.0,14.84,706.15,-142.45,Eicher Motors,17257.55,-1.102581955822235,19264.3825,19934.571,
2015-09-09,17700.0,18008.9,17350.25,17939.5,17777.42001615835,9902,3190,176032013.0,1381.0,13.95,658.65,239.5,Eicher Motors,17939.5,3.951603790804614,19167.765,19886.599,
2015-09-10,17939.5,18699.0,17457.95,18472.35,18127.472024415052,5898,2304,106915830.0,1128.0,19.13,1241.05,532.85,Eicher Motors,18472.35,2.970261155550591,19096.62,19831.273,
2015-09-11,18750.0,19010.2,18600.0,18892.2,18793.516527355623,5264,2156,98929071.0,1048.0,19.91,410.2,142.2,Eicher Motors,18892.2,2.272856458436534,19011.16,19804.041,
2015-09-14,18892.2,19076.85,18490.15,18813.1,18864.5779522678,9679,2376,182590250.0,4589.0,47.41,586.7,-79.1,Eicher Motors,18813.1,-0.4186913117583013,18918.254999999997,19773.113,
2015-09-15,18800.0,18950.2,18480.0,18557.6,18779.071202531642,3792,1261,71210238.0,647.0,17.06,470.2,-242.4,Eicher Motors,18557.6,-1.3580962201869995,18798.605000000003,19736.922,
2015-09-16,18650.0,18743.8,17700.0,17968.35,18144.977388027248,6899,2383,125182199.0,1661.0,24.08,1043.8,-681.65,Eicher Motors,17968.35,-3.1752489546062024,18634.86,19686.755,
2015-09-18,18200.0,18459.95,18104.05,18215.9,18284.758677234215,3659,1281,66903932.0,533.0,14.57,355.9,15.9,Eicher Motors,18215.9,1.3777002340226163,18493.535,19638.072999999997,
2015-09-21,18085.0,18550.0,18053.15,18459.55,18285.30820045558,4390,1599,80272503.0,946.0,21.55,496.85,374.55,Eicher Motors,18459.55,1.3375677292914334,18392.41,19591.948,
2015-09-22,18650.0,18755.55,18237.35,18337.9,18503.886573525928,4223,1514,78141913.0,959.0,22.71,518.2,-312.1,Eicher Motors,18337.9,-0.6590084807050922,18380.717500000002,19535.285,
2015-09-23,18050.05,18587.95,18050.05,18250.35,18334.26211226689,10671,1168,195644911.0,8041.0,75.35,537.9,200.3,Eicher Motors,18250.35,-0.4774265319366089,18351.017499999998,19485.058,
2015-09-24,18400.0,18400.0,17703.0,17761.8,17991.22666859289,6922,2375,124535271.0,2981.0,43.07,697.0,-638.2,Eicher Motors,17761.8,-2.67693496289112,18310.025,19425.607000000004,
2015-09-28,17921.55,17921.55,17202.65,17298.6,17552.790683726507,5002,1868,87799059.0,2360.0,47.18,718.9,-622.95,Eicher Motors,17298.6,-2.607843799614906,18234.2375,19350.153000000002,
2015-09-29,17270.0,17777.0,16882.05,17468.6,17316.505672864798,6346,2444,109890545.0,1235.0,19.46,894.95,198.6,Eicher Motors,17468.6,0.9827384875076506,18162.5125,19277.841,
2015-09-30,17650.65,17825.0,17182.8,17791.2,17577.76072890532,7573,2370,133116382.0,2501.0,33.03,642.2,140.55,Eicher Motors,17791.2,1.846742154494363,18102.405000000002,19208.275999999998,
2015-10-01,18000.0,18325.0,17635.9,18270.55,18055.492659053834,9808,3746,177088272.0,1704.0,17.37,689.1,270.55,Eicher Motors,18270.55,2.6943095462925504,18102.9875,19146.956000000002,
2015-10-05,18400.0,18795.0,18400.0,18763.6,18643.016101694917,5900,2110,109993795.0,1957.0,33.17,395.0,363.6,Eicher Motors,18763.6,2.698605132303067,18124.0225,19098.948,
2015-10-06,18855.0,18900.0,18601.0,18670.05,18709.26393411224,5221,1509,97681067.0,1015.0,19.44,299.0,-184.95,Eicher Motors,18670.05,-0.4985717026583347,18139.267499999998,19061.772,
2015-10-07,18589.5,18999.0,18546.1,18900.4,18799.94357823212,16483,2048,309879470.0,12426.0,75.39,452.9,310.9,Eicher Motors,18900.4,1.2337942319383233,18176.954999999998,19037.838,
2015-10-08,19000.0,19050.0,18625.1,18680.8,18809.81739747075,8461,1361,159149865.0,5825.0,68.85,424.9,-319.2,Eicher Motors,18680.8,-1.1618801718482286,18238.497499999998,19024.578999999998,
2015-10-09,18695.0,18835.5,18255.75,18319.75,18465.042693843825,7261,1532,134074675.0,4958.0,68.28,579.75,-375.25,Eicher Motors,18319.75,-1.9327330735300352,18291.6075,19001.336,
2015-10-12,18710.0,18710.0,17940.0,17981.1,18132.211739130435,4600,1416,83408174.0,1939.0,42.15,770.0,-728.9,Eicher Motors,17981.1,-1.8485514267389092,18293.6875,18975.645,
2015-10-13,18025.0,18180.0,17675.0,17816.25,17839.369039060628,4173,1757,74443687.0,1576.0,37.77,505.0,-208.75,Eicher Motors,17816.25,-0.9167959691008809,18260.8825,18950.817,
2015-10-14,17910.0,18273.6,17800.35,18169.0,18125.844376391982,3592,1277,65108033.0,1501.0,41.79,473.25,259.0,Eicher Motors,18169.0,1.9799340489721429,18224.7225,18932.796,
2015-10-15,18200.0,18456.1,18200.0,18318.8,18340.194444444445,3096,1498,56781242.0,839.0,27.1,256.1,118.8,Eicher Motors,18318.8,0.8244812592878015,18200.0075,18917.068,
2015-10-16,18319.0,18425.0,18198.0,18283.05,18277.768179991963,2489,1038,45493365.0,986.0,39.61,227.0,-35.95,Eicher Motors,18283.05,-0.19515470445662375,18186.28,18879.562,
2015-10-19,18380.0,18380.0,18121.0,18249.4,18227.254076489768,3373,1514,61480528.0,1272.0,37.71,259.0,-130.6,Eicher Motors,18249.4,-0.1840502541971767,18200.3325,18833.59,
2015-10-20,18270.25,18348.45,18050.0,18145.85,18198.982252806956,2761,1385,50247390.0,1272.0,46.07,298.45,-124.4,Eicher Motors,18145.85,-0.5674159150438007,18196.829999999998,18785.625,
2015-10-21,18201.0,18419.0,18037.4,18199.25,18201.62601975097,2329,1207,42391587.0,682.0,29.28,381.6,-1.75,Eicher Motors,18199.25,0.2942821636903181,18183.815,18737.292999999998,
2015-10-23,18300.0,18362.75,18110.0,18144.6,18260.080454928393,2374,1025,43349431.0,1280.0,53.92,252.75,-155.4,Eicher Motors,18144.6,-0.30028709974312395,18174.149999999998,18691.842,
2015-10-26,18040.1,18219.85,17868.0,17942.7,17980.29919593737,2363,989,42487447.0,596.0,25.22,351.85,-97.4,Eicher Motors,17942.7,-1.1127277537118396,18158.767499999998,18647.395999999997,
2015-10-27,17950.0,17955.0,17560.0,17688.25,17671.364864864863,2738,1330,48384197.0,936.0,34.19,395.0,-261.75,Eicher Motors,17688.25,-1.4181254772135832,18155.09,18603.724,
2015-10-28,17688.0,17700.0,17288.05,17385.4,17441.915604283528,3922,1820,68407193.0,1532.0,39.06,411.95,-302.6,Eicher Motors,17385.4,-1.712153548259432,18159.43,18553.527,
2015-10-29,17450.0,17524.05,17350.3,17445.2,17439.823782234955,2792,1293,48691988.0,783.0,28.04,173.75,-4.8,Eicher Motors,17445.2,0.3439667767206833,18158.260000000002,18490.403,
2015-10-30,17500.0,17860.0,17500.0,17761.9,17717.596726190477,2688,997,47624900.0,1026.0,38.17,360.0,261.9,Eicher Motors,17761.9,1.8153990782564966,18156.795,18432.217,
2015-11-02,17980.0,18049.9,17840.0,17971.35,17935.207519351272,5426,1640,97316436.0,2502.0,46.11,209.9,-8.65,Eicher Motors,17971.35,1.1792094314234225,18141.835,18372.631999999998,
2015-11-03,18300.0,18300.0,17952.9,18003.25,18027.561555075597,2315,923,41733805.0,699.0,30.19,347.1,-296.75,Eicher Motors,18003.25,0.17750475061695248,18103.8175,18307.832,
2015-11-04,18102.0,18180.0,17750.0,17805.3,17953.852671585064,4473,1466,80307583.0,1551.0,34.67,430.0,-296.7,Eicher Motors,17805.3,-1.0995236971102496,18060.58,18243.09,
2015-11-05,17760.7,17967.95,17550.05,17693.0,17858.1019219569,3434,764,61324722.0,466.0,13.57,417.9,-67.7,Eicher Motors,17693.0,-0.6307110804086413,18000.21,18187.308999999997,
2015-11-06,17790.0,17980.0,16448.15,16692.75,17072.25357372075,17139,6265,292601354.0,2739.0,15.98,1531.85,-1097.25,Eicher Motors,16692.75,-5.653365737862437,17900.807500000003,18149.729,
2015-11-09,16500.0,16500.0,15825.05,15933.4,16106.59874576946,20092,5566,323613782.0,7399.0,36.83,674.95,-566.6,Eicher Motors,15933.4,-4.548980844977613,17781.489999999998,18091.51,
2015-11-10,15950.0,16114.0,15630.0,15876.55,15896.798341968912,9650,2350,153404104.0,1572.0,16.29,484.0,-73.45,Eicher Motors,15876.55,-0.3567976703026332,17676.2625,18037.408,
2015-11-11,15990.0,16099.0,15901.0,16049.3,16009.343120805368,1192,395,19083137.0,525.0,44.04,198.0,59.3,Eicher Motors,16049.3,1.0880827383783043,17587.915,17982.107,
2015-11-13,16080.0,16080.0,15550.0,15616.25,15758.711938134364,4138,1690,65209550.0,1421.0,34.34,530.0,-463.75,Eicher Motors,15616.25,-2.6982485217423746,17460.2775,17916.37,
2015-11-16,15616.0,15689.75,15032.45,15294.8,15338.848542551632,6827,2377,104718319.0,1795.0,26.29,657.3,-321.2,Eicher Motors,15294.8,-2.0584327223245102,17309.0775,17842.398999999998,
2015-11-17,15434.7,15539.95,15310.05,15489.95,15442.485126425385,4034,1394,62294985.0,1368.0,33.91,229.9,55.25,Eicher Motors,15489.95,1.2759238433977638,17169.4225,17787.02,
2015-11-18,15600.0,15960.0,15485.15,15875.8,15816.23988522238,6970,2410,110239192.0,1276.0,18.31,474.85,275.8,Eicher Motors,15875.8,2.490969951484656,17050.7425,17737.678,
2015-11-19,15891.15,16200.0,15891.15,16165.6,16088.114611097648,4127,1395,66395649.0,1334.0,32.32,308.85,274.45,Eicher Motors,16165.6,1.82541982136335,16951.73,17693.686999999998,
2015-11-20,16220.4,16459.05,16004.0,16408.95,16340.624177631578,3648,1424,59610597.0,854.0,23.41,455.05,188.55,Eicher Motors,16408.95,1.5053570544860673,16862.215,17658.933,
2015-11-23,16498.55,16800.0,16245.95,16757.05,16517.43687600644,6210,2044,102573283.0,1526.0,24.57,554.05,258.5,Eicher Motors,16757.05,2.1214032585875398,16792.8375,17645.075,
2015-11-24,16789.95,16789.95,16602.0,16649.3,16683.93721973094,2899,1024,48366734.0,916.0,31.6,187.95,-140.65,Eicher Motors,16649.3,-0.6430129408219187,16728.167500000003,17632.91,
2015-11-26,16744.0,16744.0,16267.0,16514.3,16454.45567620928,5065,1985,83341818.0,1137.0,22.45,477.0,-229.7,Eicher Motors,16514.3,-0.8108449003861984,16669.47,17604.406000000003,
2015-11-27,16645.0,17053.95,16510.0,16567.95,16750.53443305573,6244,2181,104590337.0,1186.0,18.99,543.95,-77.05,Eicher Motors,16567.95,0.3248699611851702,16628.5975,17566.318,
2015-11-30,16651.0,16850.0,16538.25,16723.4,16634.3801980198,8585,1649,142806154.0,4957.0,57.74,311.75,72.4,Eicher Motors,16723.4,0.9382572979759196,16592.5075,17522.942,
2015-12-01,16890.0,16890.0,16191.0,16232.25,16422.59623769777,8027,2807,131824180.0,2089.0,26.02,699.0,-657.75,Eicher Motors,16232.25,-2.93690278292692,16516.025,17471.325,
2015-12-02,16400.0,16496.75,16098.9,16343.75,16286.078117862036,4378,1877,71300450.0,439.0,10.03,397.85,-56.25,Eicher Motors,16343.75,0.6869041568482448,16434.644999999997,17427.048,
2015-12-03,16448.0,16728.0,16253.4,16644.15,16588.28330550918,5990,2308,99363817.0,1697.0,28.33,474.6,196.15,Eicher Motors,16644.15,1.838011472275336,16366.689999999999,17400.564,
2015-12-04,16551.0,16680.0,16369.1,16415.2,16464.954365079364,3024,1105,49790022.0,653.0,21.59,310.9,-135.8,Eicher Motors,16415.2,-1.375558379370534,16297.185000000001,17364.55,
2015-12-07,16504.15,16504.15,16192.6,16227.75,16295.00746855346,2544,1006,41454499.0,829.0,32.59,311.55,-276.4,Eicher Motors,16227.75,-1.1419294312588368,16223.9225,17319.914,
2015-12-08,16299.8,16520.0,16159.1,16326.05,16404.866896816264,2607,1042,42767488.0,934.0,35.83,360.9,26.25,Eicher Motors,16326.05,0.6057524918734902,16205.5875,17279.677,
2015-12-09,16308.0,16383.0,15670.0,15723.85,15950.5038647343,4140,1516,66035086.0,11228.0,30.22,713.0,-584.15,Eicher Motors,15723.85,-3.6885835826792057,16195.11,17229.147,
2015-12-10,15810.9,16091.5,15753.2,16032.05,15957.981409759876,2582,1122,41203508.0,505.0,19.56,338.3,221.15,Eicher Motors,16032.05,1.960079751460353,16202.884999999998,17194.552,
2015-12-11,16020.05,16040.0,15465.45,15561.8,15727.407141575452,5573,1998,87648840.0,1707.0,30.63,574.55,-458.25,Eicher Motors,15561.8,-2.9331869598710036,16178.51,17159.816,
2015-12-14,15480.0,15480.0,15107.0,15365.2,15281.80430740626,6454,2387,98628765.0,1825.0,28.28,373.0,-114.8,Eicher Motors,15365.2,-1.263349998072194,16165.957499999999,17117.748,
2015-12-15,15400.0,15860.0,15299.95,15793.65,15679.146162221012,3674,1660,57605183.0,889.0,24.2,560.05,393.65,Eicher Motors,15793.65,2.7884440163486346,16190.9,17077.797000000002,
2015-12-16,16039.9,16266.0,15950.5,16048.4,16082.793269230768,3328,1568,53523536.0,734.0,22.06,315.5,8.5,Eicher Motors,16048.4,1.6129900308035294,16218.8225,17033.354,
2015-12-17,16180.3,16340.0,15993.45,16235.7,16130.295010213014,3427,1120,55278521.0,1462.0,42.66,346.55,55.4,Eicher Motors,16235.7,1.1670945390194642,16236.8175,16982.796000000002,
2015-12-18,16211.0,16277.5,15850.0,16175.9,16082.901258851298,2542,1283,40882735.0,562.0,22.11,427.5,-35.1,Eicher Motors,16175.9,-0.36832412523021274,16237.3325,16932.912999999997,
2015-12-21,16175.0,16304.0,15954.05,16030.45,16052.39720907052,4013,1073,64418270.0,2335.0,58.19,349.95,-144.55,Eicher Motors,16030.45,-0.8991771709765728,16218.407500000001,16875.514,
2015-12-22,16100.0,16188.8,16038.2,16084.45,16094.621212121212,1452,565,23369390.0,309.0,21.28,150.6,-15.55,Eicher Motors,16084.45,0.3368589153766699,16184.777500000002,16823.587,
2015-12-23,16175.1,16237.8,16028.7,16195.3,16169.029144768276,2093,797,33841778.0,838.0,40.04,209.1,20.2,Eicher Motors,16195.3,0.6891749484750687,16162.0775,16781.098,
2015-12-24,16274.55,16305.4,16117.05,16184.55,16227.474775784753,1784,658,28949815.0,517.0,28.98,188.35,-90.0,Eicher Motors,16184.55,-0.06637728229794693,16145.59,16745.167,
2015-12-28,16172.0,16625.0,16172.0,16575.1,16504.60334949317,2269,1043,37448945.0,574.0,25.3,453.0,403.1,Eicher Motors,16575.1,2.4131038552199335,16145.947499999998,16720.344,
2015-12-29,16649.0,16724.7,16521.1,16664.25,16649.68110918544,1731,823,28820598.0,535.0,30.91,203.6,15.25,Eicher Motors,16664.25,0.5378549752339534,16142.99,16690.249,
2015-12-30,16720.0,16720.0,16450.0,16527.35,16563.766929133857,1905,644,31553976.0,573.0,30.08,270.0,-192.65,Eicher Motors,16527.35,-0.8215191202724514,16157.745,16654.42,
2015-12-31,16640.65,16904.6,16551.0,16855.2,16784.937026046817,3033,1372,50908714.0,551.0,18.17,353.6,214.55,Eicher Motors,16855.2,1.9836815944479946,16183.317500000001,16625.862999999998,
2016-01-01,16900.0,17690.25,16770.9,17365.25,17344.25420802762,6951,2794,120559911.0,1108.0,15.94,919.35,465.25,Eicher Motors,17365.25,3.0260691062698797,16219.372500000001,16608.18,
2016-01-04,17698.0,17974.45,17444.0,17506.25,17691.44780385078,6648,2678,117612745.0,1280.0,19.25,530.45,-191.75,Eicher Motors,17506.25,0.8119664272037586,16273.925,16595.388,
2016-01-05,17530.0,17766.9,17125.0,17169.5,17329.252106581644,4391,1832,76092746.0,1308.0,29.79,641.9,-360.5,Eicher Motors,17169.5,-1.9235987147447342,16321.0125,16574.792999999998,
2016-01-06,17337.85,17630.6,17232.75,17550.15,17414.89040931461,8331,1634,145083452.0,5636.0,67.65,397.85,212.3,Eicher Motors,17550.15,2.2170127260549233,16382.217499999999,16562.904,
2016-01-07,17444.0,17444.0,16944.9,17066.3,17177.434538828147,3567,1498,61271909.0,1201.0,33.67,499.1,-377.7,Eicher Motors,17066.3,-2.756956493249363,16449.34,16545.376,
2016-01-08,17200.0,17448.75,17144.85,17222.85,17306.17426408747,5945,1303,102885206.0,3880.0,65.26,303.9,22.85,Eicher Motors,17222.85,0.9173048639716797,16508.88,16536.068,
2016-01-11,17200.0,17400.0,16899.0,17257.2,17237.981374172185,2416,1059,41646963.0,629.0,26.03,501.0,57.2,Eicher Motors,17257.2,0.19944434283525325,16593.65,16533.504,BUY
2016-01-12,17353.0,17388.95,17000.0,17048.95,17147.308887507766,1609,829,27590020.0,501.0,31.14,388.95,-304.05,Eicher Motors,17048.95,-1.206742692904994,16677.8375,16525.579,
2016-01-13,17215.05,17228.7,16651.0,17067.4,16911.098649517684,7775,1820,131483792.0,4494.0,57.8,577.7,-147.65,Eicher Motors,17067.4,0.10821780813481396,16741.525,16511.689,
2016-01-14,16888.0,17054.7,16763.1,16997.9,16933.89896128423,2118,1086,35865998.0,465.0,21.95,291.6,109.9,Eicher Motors,16997.9,-0.40720906523548095,16789.0,16492.22,
2016-01-15,16997.0,17160.7,16105.0,16297.8,16752.832758620687,2320,1385,38866572.0,744.0,32.07,1055.7,-699.2,Eicher Motors,16297.8,-4.118744080151093,16792.105000000003,16458.111,
2016-01-18,16299.95,16299.95,15300.0,15453.9,15704.570664807066,4302,1825,67561063.0,1659.0,38.56,999.95,-846.05,Eicher Motors,15453.9,-5.17799948459301,16756.004999999997,16411.083,
2016-01-19,15461.0,15898.95,14817.75,15794.0,15453.39860383944,5730,2643,88547974.0,1214.0,21.19,1081.2,333.0,Eicher Motors,15794.0,2.200738972039429,16744.1825,16373.103000000001,
2016-01-20,15500.0,15729.8,15053.0,15551.5,15335.134881905133,5123,2451,78561896.0,1127.0,22.0,676.8,51.5,Eicher Motors,15551.5,-1.5353931872863158,16717.534999999996,16350.278,
2016-01-21,15701.0,15919.7,15462.75,15556.0,15766.017728797317,6261,2040,98711037.0,2301.0,36.75,456.95,-145.0,Eicher Motors,15556.0,0.02893611548724362,16685.57,16342.73,
2016-01-22,15857.4,16580.0,15699.25,16464.95,16209.814115781126,6305,2364,102202878.0,1315.0,20.86,880.75,607.55,Eicher Motors,16464.95,5.84308305476986,16699.59,16354.498,
2016-01-25,16666.0,16765.0,16352.1,16426.1,16564.9656612529,2155,1022,35697501.0,492.0,22.83,412.9,-239.9,Eicher Motors,16426.1,-0.23595577271721124,16692.140000000003,16362.034,
2016-01-27,16400.0,16477.05,16121.0,16211.05,16286.08277027027,2368,795,38565444.0,688.0,29.05,356.05,-188.95,Eicher Motors,16211.05,-1.3091969487583732,16669.480000000003,16373.93,
2016-01-28,16230.0,16282.2,15913.05,15972.6,16036.13737818296,3181,1541,51010953.0,684.0,21.5,369.15,-257.4,Eicher Motors,15972.6,-1.4709102741648383,16641.7425,16387.486,
2016-01-29,16039.1,16663.45,15860.0,16546.75,16289.378535451377,5162,1923,84085772.0,780.0,15.11,803.45,507.65,Eicher Motors,16546.75,3.5945932409250814,16626.32,16408.622,
2016-02-01,16705.1,17138.0,16607.15,17057.05,16911.31086889776,6514,3035,110160279.0,968.0,14.86,530.85,351.95,Eicher Motors,17057.05,3.0839893030353283,16610.909999999996,16432.247000000003,
2016-02-02,17216.6,17377.95,17021.5,17197.15,17202.198888563908,3419,1558,58814318.0,592.0,17.32,356.45,-19.45,Eicher Motors,17197.15,0.8213612553167327,16595.454999999998,16452.878,
2016-02-03,17005.0,17217.9,16657.0,16773.6,16927.818337781166,5246,1894,88803335.0,1976.0,37.67,560.9,-231.4,Eicher Motors,16773.6,-2.4629080981441898,16575.659999999996,16460.171000000002,
2016-02-04,16999.95,17268.65,16750.0,16940.65,17001.134704465443,5397,2086,91755124.0,1769.0,32.78,518.65,-59.3,Eicher Motors,16940.65,0.9959102399008213,16545.185,16463.843,
2016-02-05,17100.0,18490.05,16924.15,18128.45,17927.123002482967,31414,13638,563162642.0,4009.0,12.76,1565.9,1028.45,Eicher Motors,18128.45,7.0115373377054535,16598.292500000003,16493.426,
2016-02-08,18350.0,18877.15,18242.0,18374.2,18519.261832301396,9529,3895,176470046.0,1389.0,14.58,635.15,24.2,Eicher Motors,18374.2,1.3556040367488587,16655.86,16530.624,
2016-02-09,18299.0,18362.45,17978.0,18168.8,18175.942338617046,4353,1828,79119877.0,996.0,22.88,384.45,-130.2,Eicher Motors,18168.8,-1.1178717985000808,16701.44,16562.641,
2016-02-10,18089.2,18235.95,17811.55,17897.9,17984.06921359464,4031,1478,72493783.0,669.0,16.6,424.4,-191.3,Eicher Motors,17897.9,-1.4910175685790894,16743.8875,16586.131,
2016-02-11,17745.2,18021.55,17558.0,17626.95,17705.554522613063,3980,1579,70468107.0,970.0,24.37,463.55,-118.25,Eicher Motors,17626.95,-1.5138647550830053,16771.864999999998,16614.025,
2016-02-12,17650.1,18230.35,17405.35,17993.2,17786.86197068404,7368,2887,131053599.0,1719.0,23.33,825.0,343.1,Eicher Motors,17993.2,2.07778430187866,16821.629999999997,16647.014000000003,
2016-02-15,18136.1,18885.0,18136.1,18754.05,18645.264675161896,4787,2034,89254882.0,1071.0,22.37,748.9,617.95,Eicher Motors,18754.05,4.228541893604243,16944.442499999997,16689.212,
2016-02-16,18860.0,18887.95,18641.0,18697.7,18745.730510913887,8338,2550,156301901.0,4083.0,48.97,246.95,-162.3,Eicher Motors,18697.7,-0.30046843215197905,17106.6325,16734.862,
2016-02-17,18698.0,19235.45,18490.0,18800.85,18874.452280405403,7104,3160,134084109.0,1076.0,15.15,745.45,102.85,Eicher Motors,18800.85,0.551672130796832,17256.975,16786.324,
2016-02-18,18888.0,18999.9,18524.6,18721.5,18712.674789672175,3447,1403,64502590.0,948.0,27.5,475.3,-166.5,Eicher Motors,18721.5,-0.42205538579371815,17415.475,16834.233,
2016-02-19,18678.8,18885.05,18243.75,18625.4,18697.556513139305,14156,2570,264682610.0,10394.0,73.42,641.3,-53.4,Eicher Motors,18625.4,-0.5133135699596614,17568.945,16892.264000000003,
2016-02-22,18690.35,18999.0,18669.7,18927.1,18873.75809935205,1852,912,34954200.0,543.0,29.32,329.3,236.75,Eicher Motors,18927.1,1.6198309834956515,17692.0525,16950.165,
2016-02-23,19005.0,19195.05,18900.6,18968.7,18992.19318181818,3168,1327,60167268.0,806.0,25.44,294.45,-36.3,Eicher Motors,18968.7,0.21979067052007029,17819.1825,17018.303,
2016-02-24,18900.0,19441.15,18765.0,19100.6,19110.651370851367,3465,1514,66218407.0,583.0,16.83,676.15,200.6,Eicher Motors,19100.6,0.6953560338873954,17963.66,17093.011,
2016-02-25,19084.85,19146.3,18630.1,18875.65,18890.34685759745,2514,1208,47490332.0,952.0,37.87,516.2,-209.2,Eicher Motors,18875.65,-1.177711694920558,18108.8125,17154.650999999998,
2016-02-26,19019.0,19149.0,18794.95,18857.3,18889.942813572245,2623,1022,49548320.0,573.0,21.85,354.05,-161.7,Eicher Motors,18857.3,-0.09721519523832045,18224.340000000004,17210.829,
2016-02-29,18888.0,19400.0,18500.0,18894.8,19010.34892718959,5686,2389,108092844.0,957.0,16.83,900.0,6.8,Eicher Motors,18894.8,0.19886197918048687,18316.2275,17264.011,
2016-03-01,18988.0,19363.0,18884.0,19183.0,19202.5840152236,5255,2339,100909579.0,1108.0,21.08,479.0,195.0,Eicher Motors,19183.0,1.525287380655005,18415.52,17324.153,
2016-03-02,19400.1,19989.0,19200.0,19274.65,19309.568906326633,4078,1875,78744422.0,980.0,24.03,789.0,-125.45,Eicher Motors,19274.65,0.4777667726633128,18540.572500000002,17389.037,
2016-03-03,19300.1,19400.0,19260.1,19323.25,19321.06382022472,2225,777,42989367.0,964.0,43.33,139.9,23.15,Eicher Motors,19323.25,0.2521446563231944,18659.7025,17453.813000000002,
2016-03-04,19270.0,19388.85,19130.0,19245.8,19255.023098591548,1775,770,34177666.0,466.0,26.25,258.85,-24.2,Eicher Motors,19245.8,-0.4008124927225021,18715.57,17514.823,
2016-03-08,19174.1,19950.0,19151.0,19860.95,19606.028907563024,5950,2456,116655872.0,1768.0,29.71,799.0,686.85,Eicher Motors,19860.95,3.196281786155941,18789.907499999998,17588.351000000002,
2016-03-09,19735.0,20274.4,19735.0,19934.15,19870.545540026495,23397,2004,464911154.0,19989.0,85.43,539.4,199.15,Eicher Motors,19934.15,0.36856243029663727,18878.175,17655.532,
2016-03-10,19930.0,19999.9,19700.0,19790.05,19875.64131916053,3669,818,72923728.0,2265.0,61.73,299.9,-139.95,Eicher Motors,19790.05,-0.7228800826722059,18972.782499999998,17718.048,
2016-03-11,19799.0,20113.5,19761.0,19996.85,19996.959475106138,2591,1089,51812122.0,760.0,29.33,352.5,197.85,Eicher Motors,19996.85,1.0449695680404991,19091.277500000004,17787.438000000002,
2016-03-14,20080.0,20263.3,19801.0,19827.6,19953.00243582537,5337,1607,106489174.0,3373.0,63.2,462.3,-252.4,Eicher Motors,19827.6,-0.8463833053705905,19182.9975,17846.886000000002,
2016-03-15,19830.05,19830.05,19493.4,19551.85,19626.054650047936,2086,771,40939950.0,849.0,40.7,336.65,-278.2,Eicher Motors,19551.85,-1.3907381629647553,19222.8875,17890.618000000002,
2016-03-16,19589.8,19589.8,18640.0,18702.65,18874.381184350736,6569,2590,123985810.0,2071.0,31.53,949.8,-887.15,Eicher Motors,18702.65,-4.343323010354505,19223.135000000002,17914.546000000002,
2016-03-17,18800.0,18800.0,17990.3,18017.7,18262.278956788545,7822,2977,142847546.0,1805.0,23.08,809.7,-782.3,Eicher Motors,18017.7,-3.6623152334027576,19183.9775,17931.51,
2016-03-18,18118.0,18488.0,17906.8,18403.1,18225.479957323576,6561,2761,119577374.0,1141.0,17.39,581.2,285.1,Eicher Motors,18403.1,2.1390077534868324,19168.057500000003,17948.569000000003,
2016-03-21,18475.25,18584.65,18179.9,18372.45,18374.137701804368,5265,2276,96739835.0,1582.0,30.05,404.75,-102.8,Eicher Motors,18372.45,-0.16654802723452544,19155.41,17974.692,
2016-03-22,18499.85,18499.85,18001.0,18227.45,18250.12025316456,3792,1482,69204456.0,1356.0,35.76,498.85,-272.4,Eicher Motors,18227.45,-0.7892251713843335,19120.427499999998,17994.784,
2016-03-23,18318.0,18704.15,18018.0,18541.1,18407.346783764537,4213,1813,77550152.0,1210.0,28.72,686.15,223.1,Eicher Motors,18541.1,1.7207563317962693,19099.0475,18020.462000000003,
2016-03-28,18581.25,18649.9,18325.1,18408.4,18479.85389901404,3347,1267,61852071.0,1149.0,34.33,324.8,-172.85,Eicher Motors,18408.4,-0.7157072665591402,19064.4375,18047.650999999998,
2016-03-29,18599.95,18748.95,18200.0,18627.85,18570.968297349,7318,1416,135902346.0,4373.0,59.76,548.95,27.9,Eicher Motors,18627.85,1.1921188153234175,19052.0475,18078.86,
2016-03-30,18879.85,18879.85,18568.55,18708.85,18697.149911295088,3382,1442,63233761.0,1102.0,32.58,311.3,-171.0,Eicher Motors,18708.85,0.4348327906870564,19044.625,18113.079,
2016-03-31,18621.05,19367.55,18579.0,19139.85,18935.82894736842,4180,1549,79151765.0,1488.0,35.6,788.55,518.8,Eicher Motors,19139.85,2.3037225697998487,19056.8775,18169.92,
2016-04-01,19149.7,19449.9,18950.0,19238.5,19238.383719548423,8415,4166,161890999.0,894.0,10.62,499.9,88.8,Eicher Motors,19238.5,0.515416787487899,19059.6525,18245.612,
2016-04-04,19315.1,19561.0,19290.05,19489.1,19428.40601313795,3958,1568,76897631.0,1133.0,28.63,270.95,174.0,Eicher Motors,19489.1,1.3025963562647735,19070.375,18319.514,
2016-04-05,19400.0,19405.1,18690.0,18746.6,19030.27031408308,4935,2216,93914384.0,1344.0,27.23,715.1,-653.4,Eicher Motors,18746.6,-3.809821900446919,19041.542500000003,18383.415999999997,
2016-04-06,18725.0,19250.0,18664.5,19173.2,19022.69378457533,3073,1305,58456738.0,670.0,21.8,585.5,448.2,Eicher Motors,19173.2,2.275612644426195,19037.9125,18455.76,
2016-04-07,19270.0,19270.0,18709.55,18869.65,18989.98831092928,1711,839,32491870.0,319.0,18.64,560.45,-400.35,Eicher Motors,18869.65,-1.5831994659211812,18988.3475,18503.854,
2016-04-08,18868.0,19300.0,18825.0,19178.2,19055.701857282504,3069,1119,58481949.0,1045.0,34.05,475.0,310.2,Eicher Motors,19178.2,1.6351654641183044,18950.55,18558.896,
2016-04-11,19199.0,19400.0,19011.0,19360.9,19237.56,3100,1380,59636436.0,618.0,19.94,389.0,161.9,Eicher Motors,19360.9,0.9526441480431025,18929.0925,18621.893,
2016-04-12,18750.0,19590.0,18750.0,19528.85,19481.4901659496,3254,1582,63392769.0,576.0,17.7,840.0,778.85,Eicher Motors,19528.85,0.8674700039770666,18905.6925,18693.018,
2016-04-13,19619.0,19959.95,19619.0,19896.85,19885.10077751196,3344,1568,66495777.0,1049.0,31.37,340.95,277.85,Eicher Motors,19896.85,1.8843915540341705,18909.155,18760.02,
2016-04-18,19896.0,20597.0,19896.0,20252.9,20184.72087985336,6001,1487,121128510.0,3824.0,63.72,701.0,356.9,Eicher Motors,20252.9,1.7894792391760728,18944.2075,18823.936999999998,
2016-04-20,20255.0,20570.0,20250.0,20499.3,20426.8203477141,3106,1547,63445704.0,770.0,24.79,320.0,244.3,Eicher Motors,20499.3,1.2166158920450698,19034.04,18889.98,
2016-04-21,20520.0,20705.75,20131.15,20312.7,20542.467367498903,2283,1072,46898453.0,490.0,21.46,574.6,-207.3,Eicher Motors,20312.7,-0.9102749849994818,19148.79,18960.762,
2016-04-22,20230.0,20364.0,20100.0,20164.65,20285.95910861099,4622,673,93761703.0,3470.0,75.08,264.0,-65.35,Eicher Motors,20164.65,-0.7288543620493582,19236.8675,19025.242,
2016-04-25,20100.65,20160.0,19919.95,19939.45,19990.422746781114,1398,595,27946611.0,559.0,39.99,240.05,-161.2,Eicher Motors,19939.45,-1.116805895465578,19315.2175,19061.462,
2016-04-26,19950.0,20330.35,19854.75,20167.4,20080.1124668435,1885,902,37851012.0,311.0,16.5,475.6,217.4,Eicher Motors,20167.4,1.1432110715190236,19412.215,19097.326,
2016-04-27,20200.0,20200.0,20060.35,20127.2,20120.138849929877,1426,513,28691318.0,549.0,38.5,139.65,-72.8,Eicher Motors,20127.2,-0.19933159455358673,19491.52,19136.494,
2016-04-28,20280.0,20314.95,20084.3,20250.8,20192.991585473872,2258,940,45595775.0,1019.0,45.13,230.65,-29.2,Eicher Motors,20250.8,0.614094359871209,19583.64,19183.552,
2016-04-29,20250.0,20307.9,19932.9,20032.65,20073.96867551924,2937,1034,58957246.0,1031.0,35.1,375.0,-217.35,Eicher Motors,20032.65,-1.0772413929326152,19653.879999999997,19231.666,
2016-05-02,19979.0,20150.0,19821.1,19874.75,19958.281954887218,2926,1272,58397933.0,717.0,24.5,328.9,-104.25,Eicher Motors,19874.75,-0.7882132418826293,19712.175,19269.297,
2016-05-03,20000.0,20286.0,19818.0,19969.4,20037.138289036546,2408,868,48249429.0,747.0,31.02,468.0,-30.6,Eicher Motors,19969.4,0.47623240543905876,19753.6525,19293.604000000003,
2016-05-04,19965.0,20100.9,19619.4,19746.5,19803.074211502782,2156,1026,42695428.0,596.0,27.64,481.5,-218.5,Eicher Motors,19746.5,-1.116207797930846,19779.052499999998,19314.58,
2016-05-05,19888.0,19999.0,19208.0,19687.45,19722.238535830136,27128,8412,535024887.0,5372.0,19.8,791.0,-200.55,Eicher Motors,19687.45,-0.2990403362621241,19788.97,19332.311999999998,
2016-05-06,19799.9,20337.75,19631.0,20216.8,20085.880706431188,9003,3497,180833184.0,1225.0,13.61,706.75,416.9,Eicher Motors,20216.8,2.6887687333809085,19862.48,19362.218,
2016-05-09,20300.05,20500.0,20300.0,20475.45,20420.55218068536,2568,961,52439978.0,874.0,34.03,200.0,175.4,Eicher Motors,20475.45,1.279381504491317,19927.592500000002,19399.218999999997,
2016-05-10,20450.0,20466.95,20099.95,20255.9,20236.603971962617,1712,901,34645066.0,333.0,19.45,367.0,-194.1,Eicher Motors,20255.9,-1.0722597061358807,19996.905000000002,19425.795,
2016-05-11,20199.95,20199.95,19884.05,19981.45,20031.962254655256,1987,917,39803509.0,268.0,13.49,315.9,-218.5,Eicher Motors,19981.45,-1.3549138769444968,20037.067499999997,19446.05,
2016-05-12,20099.85,20245.0,19715.0,19749.55,19997.908952574184,3943,1625,78851755.0,953.0,24.17,530.0,-350.3,Eicher Motors,19749.55,-1.1605764346431346,20056.500000000004,19459.029000000002,
2016-05-13,18900.0,19624.15,18826.0,18995.75,19057.365668295744,44606,10495,850072853.0,5344.0,11.98,798.15,95.75,Eicher Motors,18995.75,-3.81679582572767,20029.845,19461.431,
2016-05-16,19050.0,19211.0,18870.0,19067.15,19017.612851081023,4949,2116,94118166.0,1130.0,22.83,341.0,17.15,Eicher Motors,19067.15,0.37587355066266426,19988.36,19465.628,
2016-05-17,19105.1,19105.1,18585.0,18611.35,18832.348668796592,4695,1833,88417877.0,1607.0,34.23,520.1,-493.75,Eicher Motors,18611.35,-2.3904988422496443,19906.2825,19459.959000000003,
2016-05-18,18550.0,18807.2,18349.2,18720.15,18509.58943507914,15542,1924,287676039.0,11686.0,75.19,458.0,170.15,Eicher Motors,18720.15,0.5845895112391197,19817.325,19450.702,
2016-05-19,18607.6,18697.9,18101.5,18223.2,18386.60434891277,4001,1732,73564804.0,1712.0,42.79,596.4,-384.4,Eicher Motors,18223.2,-2.6546261648544567,19712.85,19429.673,
2016-05-20,18230.0,18350.0,18121.4,18286.95,18269.91810595769,5153,2083,94144888.0,2658.0,51.58,228.6,56.95,Eicher Motors,18286.95,0.349828789674711,19618.965000000004,19408.947,
2016-05-23,18389.4,18435.25,18200.0,18257.1,18328.983992467045,3186,992,58396143.0,1475.0,46.3,235.25,-132.3,Eicher Motors,18257.1,-0.1632311566445055,19534.8475,19389.173,
2016-05-24,18270.0,18284.9,18025.1,18175.65,18165.970293609673,2895,1001,52590484.0,1254.0,43.32,259.8,-94.35,Eicher Motors,18175.65,-0.4461278078117359,19435.260000000002,19355.467,
2016-05-25,18280.05,18549.0,18275.0,18525.4,18423.234561991383,4178,1509,76972274.0,1468.0,35.14,274.0,245.35,Eicher Motors,18525.4,1.9242778112474657,19355.17,19327.292,
2016-05-26,18520.0,18662.65,18325.55,18421.1,18531.323057953145,4055,1707,75144515.0,1565.0,38.59,337.1,-98.9,Eicher Motors,18421.1,-0.5630107851922417,19263.685,19299.912999999997,SELL
2016-05-27,18421.1,18794.95,18421.1,18751.3,18634.140028288544,2828,1040,52697348.0,772.0,27.3,373.85,330.2,Eicher Motors,18751.3,1.7925096764036974,19199.6175,19275.002,
2016-05-30,18800.0,18800.0,18600.0,18720.95,18709.571029082774,1788,802,33452713.0,563.0,31.49,200.0,-79.05,Eicher Motors,18720.95,-0.1618554446891629,19141.927499999998,19252.869,
2016-05-31,18852.0,18950.0,18410.0,18524.2,18609.92153170119,3186,1368,59291210.0,972.0,30.51,540.0,-327.8,Eicher Motors,18524.2,-1.0509616232082242,19069.667500000003,19232.316000000003,
2016-06-01,18437.55,18814.9,18437.5,18692.15,18704.85933014354,5225,2175,97732890.0,757.0,14.49,377.4,254.6,Eicher Motors,18692.15,0.9066518392157219,19016.95,19232.106,
2016-06-02,18734.3,18900.0,18687.2,18767.3,18812.72679738562,2295,1067,43175208.0,673.0,29.32,212.8,33.0,Eicher Motors,18767.3,0.4020404287361057,18970.942499999997,19247.098,
2016-06-03,18767.3,18898.0,18623.25,18781.5,18795.256103896103,1925,768,36180868.0,766.0,39.79,274.75,14.2,Eicher Motors,18781.5,0.0756635211245138,18899.177499999998,19254.665999999997,
2016-06-06,18795.0,19065.0,18760.0,18955.35,18970.727091633464,2510,1054,47616525.0,935.0,37.25,305.0,160.35,Eicher Motors,18955.35,0.9256449165402136,18823.1725,19266.324,
2016-06-07,19100.0,19190.6,18725.1,18805.7,18899.242371905584,1737,728,32827984.0,494.0,28.44,465.5,-294.3,Eicher Motors,18805.7,-0.7894868730991433,18750.6625,19277.889000000003,
2016-06-08,18858.4,18907.0,18690.05,18799.65,18795.228771929826,1425,620,26783201.0,546.0,38.32,216.95,-58.75,Eicher Motors,18799.65,-0.032171097060995635,18691.572500000002,19283.06,
2016-06-09,18859.95,18886.95,18565.0,18608.65,18712.521806853583,1284,578,24026878.0,407.0,31.7,321.95,-251.3,Eicher Motors,18608.65,-1.0159763612620498,18634.5275,19287.065,
2016-06-10,18550.0,18725.55,18443.4,18620.65,18589.639715123583,2387,914,44373470.0,500.0,20.95,282.15,70.65,Eicher Motors,18620.65,0.06448613951037796,18615.7725,19286.921,
2016-06-13,18575.0,18575.0,18279.9,18416.85,18400.818364073777,2494,1090,45891641.0,775.0,31.07,295.1,-158.15,Eicher Motors,18416.85,-1.094483812326652,18583.2575,19281.081,
2016-06-14,18450.0,18844.6,18350.0,18761.3,18571.588941053727,1917,787,35601736.0,559.0,29.16,494.6,311.3,Eicher Motors,18761.3,1.8702981237290972,18590.754999999997,19273.51,
2016-06-15,18750.0,18750.0,18561.7,18634.65,18633.740813008128,3075,791,57298753.0,1892.0,61.53,188.3,-115.35,Eicher Motors,18634.65,-0.6750598306087374,18586.480000000003,19261.433,
2016-06-16,18600.0,18885.0,18525.0,18783.4,18750.398870636553,1948,858,36525777.0,500.0,25.67,360.0,183.4,Eicher Motors,18783.4,0.7982441312286426,18614.489999999998,19247.319000000003,
2016-06-17,18850.0,18879.65,18685.0,18744.85,18739.163250883394,1415,663,26515916.0,428.0,30.25,194.65,-105.15,Eicher Motors,18744.85,-0.2052344091059255,18637.385000000002,19247.284,
2016-06-20,18799.7,18800.0,18612.15,18654.95,18672.961054766733,2465,981,46028849.0,1087.0,44.1,187.85,-144.75,Eicher Motors,18654.95,-0.4795983963595263,18657.277500000004,19236.918999999998,
2016-06-21,18663.55,18850.0,18634.0,18730.5,18753.306964164974,1479,506,27736141.0,330.0,22.31,216.0,66.95,Eicher Motors,18730.5,0.40498634410706114,18685.02,19234.136000000002,
2016-06-22,18675.05,18809.6,18667.35,18771.5,18735.141758769823,2081,909,38987830.0,629.0,30.23,142.25,96.45,Eicher Motors,18771.5,0.21889431675610194,18697.325,19226.002,
2016-06-23,18757.5,18790.0,18610.0,18660.25,18680.26653696498,2056,627,38406628.0,942.0,45.82,180.0,-97.25,Eicher Motors,18660.25,-0.5926537570252743,18709.2825,19211.988999999998,
2016-06-24,18500.0,18696.15,18006.0,18623.8,18244.063243581717,3194,1280,58271538.0,737.0,23.07,690.15,123.8,Eicher Motors,18623.8,-0.19533500355033429,18702.9075,19193.888,
2016-06-27,18664.0,18733.45,18451.05,18701.4,18672.783008658007,1848,825,34507303.0,611.0,33.06,282.4,37.4,Eicher Motors,18701.4,0.41667114122789783,18701.93,19169.979000000003,
2016-06-28,18757.1,19248.0,18757.05,19188.5,19055.58964741185,3999,1677,76203303.0,1423.0,35.58,490.95,431.4,Eicher Motors,19188.5,2.6046178360978223,18735.144999999997,19148.691000000003,
2016-06-29,19277.75,19330.0,19044.75,19110.45,19170.714189643575,1487,712,28506852.0,265.0,17.82,285.25,-167.3,Eicher Motors,19110.45,-0.4067540453917662,18756.06,19120.914,
2016-06-30,19228.35,19311.0,19100.0,19223.7,19235.734055354995,1662,776,31969790.0,575.0,34.6,211.0,-4.65,Eicher Motors,19223.7,0.5926077093945992,18778.88,19099.134,
2016-07-01,19299.0,19462.15,19020.05,19156.55,19298.93429697766,3805,1506,73432445.0,623.0,16.37,442.1,-142.45,Eicher Motors,19156.55,-0.3493084057699658,18797.6325,19078.971999999998,
2016-07-04,19362.75,19627.95,19251.05,19463.6,19470.332107843136,3264,1096,63551164.0,596.0,18.26,376.9,100.85,Eicher Motors,19463.6,1.602846023944804,18823.045000000002,19069.455,
2016-07-05,19744.85,19744.85,19337.25,19419.3,19396.651819322455,1594,459,30918263.0,540.0,33.88,407.6,-325.55,Eicher Motors,19419.3,-0.22760434863026147,18853.725,19054.493000000002,
2016-07-07,19600.0,19629.2,19309.2,19576.95,19503.03324808184,2737,844,53379802.0,813.0,29.7,320.0,-23.05,Eicher Motors,19576.95,0.8118212293955152,18892.590000000004,19043.488,
2016-07-08,19520.0,19580.0,19397.0,19451.8,19451.59830268741,1414,403,27504560.0,485.0,34.3,183.0,-68.2,Eicher Motors,19451.8,-0.6392722053231048,18934.7475,19027.508,
2016-07-11,19637.45,19649.85,19481.75,19550.0,19557.495882891126,1093,448,21376343.0,285.0,26.08,168.1,-87.45,Eicher Motors,19550.0,0.5048375985770015,18981.215000000004,19017.855,
2016-07-12,19550.25,19751.25,19536.4,19668.6,19615.09513546798,3248,868,63709829.0,1213.0,37.35,214.85,118.35,Eicher Motors,19668.6,0.6066496163682711,19043.802499999998,19013.732,BUY
2016-07-13,19688.8,19688.8,19414.05,19526.3,19519.223184941737,3347,941,65330840.0,955.0,28.53,274.75,-162.5,Eicher Motors,19526.3,-0.7234881994651388,19082.052499999998,19004.87,
2016-07-14,19552.0,19596.75,19470.0,19509.5,19516.388578522656,1611,505,31440902.0,450.0,27.93,126.75,-42.5,Eicher Motors,19509.5,-0.08603780542140171,19125.795,19000.13,
2016-07-15,19594.65,19850.0,19539.0,19774.2,19625.877123574584,17188,1099,337329576.0,14366.0,83.58,311.0,179.55,Eicher Motors,19774.2,1.3567749045336974,19175.335,19001.865,
2016-07-18,19777.0,19999.0,19777.0,19900.8,19938.74176448315,2641,1009,52658217.0,828.0,31.35,222.0,123.8,Eicher Motors,19900.8,0.6402281761082484,19233.1325,18995.545,
2016-07-19,19919.0,19966.1,19525.05,19696.0,19705.138221153848,1664,770,32789350.0,706.0,42.43,441.05,-223.0,Eicher Motors,19696.0,-1.0291043576137637,19285.184999999998,18979.956000000002,
2016-07-20,19800.0,19901.9,19703.35,19857.75,19821.06121372032,1895,448,37560911.0,749.0,39.53,198.55,57.75,Eicher Motors,19857.75,0.821232737611699,19341.547499999997,18971.993000000002,
2016-07-21,19857.0,19900.0,19635.75,19684.9,19762.016,1500,596,29643024.0,349.0,23.27,264.25,-172.1,Eicher Motors,19684.9,-0.8704410116956773,19387.2175,18966.061999999998,
2016-07-22,19788.0,19880.0,19630.5,19832.1,19766.28256794752,2134,1115,42181247.0,866.0,40.58,249.5,44.1,Eicher Motors,19832.1,0.7477812942915385,19445.809999999998,18967.713,
2016-07-25,19900.0,19992.0,19768.55,19938.35,19914.64139941691,3087,560,61476498.0,2081.0,67.41,223.45,38.35,Eicher Motors,19938.35,0.5357476011113249,19511.5375,18986.565,
2016-07-26,19939.0,20150.0,19856.2,20122.2,20042.542843909217,2159,677,43271850.0,1312.0,60.77,293.8,183.2,Eicher Motors,20122.2,0.922092349667869,19582.5775,19007.665999999997,
2016-07-27,20120.0,20448.0,20100.0,20335.35,20233.973819009676,3514,1164,71102184.0,1804.0,51.34,348.0,215.35,Eicher Motors,20335.35,1.059277812565207,19639.920000000002,19042.145999999997,
2016-07-28,20640.0,21199.0,20500.0,21075.2,20855.47608580974,11374,4216,237210185.0,2237.0,19.67,699.0,435.2,Eicher Motors,21075.2,3.6382457149741754,19738.1575,19089.247,
2016-07-29,21555.0,22567.0,21526.05,22465.8,22102.05065030225,21836,7668,482620378.0,4463.0,20.44,1040.95,910.8,Eicher Motors,22465.8,6.598276647433954,19900.2625,19174.099,
2016-08-01,22555.0,22945.0,22198.15,22297.75,22527.00776699029,9270,2937,208825362.0,1899.0,20.49,746.85,-257.25,Eicher Motors,22297.75,-0.7480258882390123,20057.322500000002,19254.315,
2016-08-02,22495.0,22850.0,21803.2,21839.75,22188.69924390927,3571,1088,79235845.0,790.0,22.12,1046.8,-655.25,Eicher Motors,21839.75,-2.0540189032525746,20176.129999999997,19325.967999999997,
2016-08-03,21987.0,22129.3,21250.0,21382.15,21713.429723502304,4340,1122,94236285.0,1144.0,26.36,879.3,-604.85,Eicher Motors,21382.15,-2.0952620794651877,20274.2725,19390.098,
2016-08-04,21700.0,21700.0,20980.55,21423.85,21324.66782106782,3465,1099,73889974.0,722.0,20.84,719.45,-276.15,Eicher Motors,21423.85,0.19502248370719677,20366.6175,19448.067,
2016-08-05,21506.0,22413.3,21502.0,22258.3,22037.78535624776,5586,1731,123103069.0,939.0,16.81,911.3,752.3,Eicher Motors,22258.3,3.8949581891210006,20506.942499999997,19524.811,
2016-08-08,22399.95,22498.8,22089.95,22440.65,22318.73121019108,2355,886,52560612.0,608.0,25.82,408.85,40.7,Eicher Motors,22440.65,0.8192449558142467,20651.475,19598.598,
2016-08-09,22340.05,22340.05,21797.9,22064.3,22110.77125506073,1976,786,43690884.0,331.0,16.75,542.15,-275.75,Eicher Motors,22064.3,-1.6770904586097202,20771.260000000002,19665.465,
2016-08-10,22065.0,22065.95,21596.0,21724.2,21829.832318760375,1807,682,39446507.0,275.0,15.22,469.95,-340.8,Eicher Motors,21724.2,-1.541403987436718,20881.155000000002,19729.465,
2016-08-11,21700.05,22450.0,21542.85,22281.7,22086.09423347398,3555,1244,78516065.0,549.0,15.44,907.15,581.65,Eicher Motors,22281.7,2.566262509091244,21019.765,19801.255999999998,
2016-08-12,22280.0,22550.0,22011.6,22263.3,22346.016298811544,2945,922,65809018.0,1073.0,36.43,538.4,-16.7,Eicher Motors,22263.3,-0.08257897736708708,21144.22,19871.176,
2016-08-16,22409.55,22639.95,22151.0,22450.5,22394.79725609756,1968,904,44072961.0,396.0,20.12,488.95,40.95,Eicher Motors,22450.5,0.8408456967295974,21271.705,19944.556,
2016-08-17,22450.0,22500.0,22150.0,22275.2,22333.774768824303,1514,562,33813335.0,597.0,39.43,350.0,-174.8,Eicher Motors,22275.2,-0.7808289347675967,21400.665,20010.953,
2016-08-18,22426.0,22450.25,22100.0,22190.05,22310.72682323857,809,362,18049378.0,227.0,28.06,350.25,-235.95,Eicher Motors,22190.05,-0.3822636833788362,21517.280000000002,20078.64,
2016-08-19,22200.0,22370.0,21682.5,21759.35,21977.0283446712,2646,861,58151217.0,913.0,34.5,687.5,-440.65,Eicher Motors,21759.35,-1.940960024876015,21621.0025,20137.834,
2016-08-22,21760.0,21925.0,21572.0,21798.25,21669.00552727273,6875,831,148974413.0,5497.0,79.96,353.0,38.25,Eicher Motors,21798.25,0.1787737225606545,21719.31,20201.626,
2016-08-23,21725.0,22059.0,21639.75,22003.05,21925.368555758683,10940,635,239863532.0,9910.0,90.59,419.25,278.05,Eicher Motors,22003.05,0.9395249618662005,21822.545,20269.274,
2016-08-24,22054.1,22224.85,21950.0,22121.8,22100.460402684563,2235,782,49394529.0,972.0,43.49,274.85,67.7,Eicher Motors,22121.8,0.5396979055176443,21922.525,20343.373,
2016-08-25,22194.6,22350.0,22005.35,22116.35,22257.595080046856,2561,971,57001701.0,1185.0,46.27,344.65,-78.25,Eicher Motors,22116.35,-0.024636331582428284,22011.575,20410.474,
2016-08-26,22222.0,22348.95,22128.45,22327.4,22289.542234332424,1468,511,32721048.0,386.0,26.29,220.5,105.4,Eicher Motors,22327.4,0.9542713874577169,22074.184999999998,20484.328999999998,
2016-08-29,22250.0,22451.35,22145.0,22310.6,22252.484523057483,1583,507,35225683.0,576.0,36.39,306.35,60.6,Eicher Motors,22310.6,-0.0752438707597114,22066.425,20554.873,
2016-08-30,22330.0,23100.0,22300.0,23043.55,22864.468409586058,5049,1802,115442701.0,1510.0,29.91,800.0,713.55,Eicher Motors,23043.55,3.285209720939819,22103.715,20640.846999999998,
2016-08-31,23100.0,23390.95,22600.0,22732.7,23000.075180874486,6358,2074,146234478.0,1587.0,24.96,790.95,-367.3,Eicher Motors,22732.7,-1.3489674984973998,22148.3625,20722.402,
2016-09-01,22816.9,22970.0,22650.0,22786.4,22792.804362644853,2934,1147,66874088.0,491.0,16.73,320.0,-30.5,Eicher Motors,22786.4,0.23622358980674996,22218.575,20803.52,
2016-09-02,22800.0,23028.65,22735.2,22801.35,22878.705072463767,1380,498,31572613.0,423.0,30.65,293.45,1.35,Eicher Motors,22801.35,0.06560931081696086,22287.45,20884.117,
2016-09-06,22943.05,23062.95,22899.25,22971.0,22979.60271756713,3091,1218,71029952.0,755.0,24.43,163.7,27.95,Eicher Motors,22971.0,0.7440348926708307,22323.085,20970.332,
2016-09-07,23050.0,23090.0,22825.05,22973.9,22946.842011570985,2247,750,51561554.0,532.0,23.68,264.95,-76.1,Eicher Motors,22973.9,0.012624613643286153,22349.747499999998,21057.334,
2016-09-08,23000.0,23445.0,22858.1,23349.85,23139.68654801988,6237,1347,144322225.0,2835.0,45.45,586.9,349.85,Eicher Motors,23349.85,1.6364222008453,22414.025,21150.303,
2016-09-09,23400.0,23557.8,22900.05,22949.75,23169.59382113821,3075,946,71246501.0,685.0,22.28,657.75,-450.25,Eicher Motors,22949.75,-1.713501371529147,22475.302499999998,21225.528,
2016-09-12,22799.9,22817.95,22407.0,22744.65,22691.157284203346,2931,983,66507782.0,494.0,16.85,410.95,-55.25,Eicher Motors,22744.65,-0.8936916524145078,22498.45,21298.212000000003,
2016-09-14,22744.65,22899.95,22358.05,22596.2,22510.878851836216,2369,863,53328272.0,546.0,23.05,541.9,-148.45,Eicher Motors,22596.2,-0.6526809601378858,22515.094999999998,21365.662,
2016-09-15,22689.7,22689.7,22296.55,22491.3,22422.89885583524,4370,1435,97988068.0,668.0,15.29,393.15,-198.4,Eicher Motors,22491.3,-0.4642373496428709,22517.135,21432.357000000004,
2016-09-16,22550.0,23199.9,22550.0,23056.35,22916.41873915558,5187,1305,118867464.0,1055.0,20.34,649.9,506.35,Eicher Motors,23056.35,2.5123047578397006,22556.1925,21504.211999999996,
2016-09-19,23110.0,23300.75,23011.5,23082.15,23149.557077625566,1533,577,35488271.0,542.0,35.36,289.25,-27.85,Eicher Motors,23082.15,0.11189975863483692,22600.797499999997,21577.469000000005,
2016-09-20,23223.0,23470.0,23132.6,23343.8,23292.61559679037,3988,1313,92890951.0,833.0,20.89,337.4,120.8,Eicher Motors,23343.8,1.1335599153458276,22680.02,21652.805999999997,
2016-09-21,23343.8,24199.9,23340.0,24118.75,23878.571234207968,5145,2074,122855249.0,1002.0,19.48,859.9,774.95,Eicher Motors,24118.75,3.319725151860453,22796.045000000002,21746.145,
2016-09-22,24400.0,24886.9,24288.0,24777.65,24584.190332326285,4303,1688,105785771.0,1043.0,24.24,598.9,377.65,Eicher Motors,24777.65,2.731899455817577,22934.775,21850.698000000004,
2016-09-23,24725.0,25000.0,24550.0,24863.55,24824.84724594364,9368,1466,232559169.0,6910.0,73.76,450.0,138.55,Eicher Motors,24863.55,0.34668340217896,23071.8625,21954.597,
2016-09-26,24750.0,24978.0,24560.0,24660.35,24740.962526766594,1868,801,46216118.0,525.0,28.1,418.0,-89.65,Eicher Motors,24660.35,-0.8172606084006495,23199.0625,22057.278,
2016-09-27,24674.0,24805.45,24492.05,24614.55,24675.14933333333,1875,684,46265905.0,733.0,39.09,313.4,-59.45,Eicher Motors,24614.55,-0.18572323588269546,23313.420000000002,22159.379,
2016-09-28,24624.0,26000.0,24624.0,25741.8,25232.03688977248,4527,1518,114225431.0,882.0,19.48,1376.0,1117.8,Eicher Motors,25741.8,4.57960840234739,23484.98,22278.731,
2016-09-29,26000.0,26601.95,24480.0,24859.75,25575.641979010492,6670,2676,170589532.0,1522.0,22.82,2121.95,-1140.25,Eicher Motors,24859.75,-3.4265280594208636,23575.79,22377.91,
2016-09-30,25280.0,25534.65,24761.0,24917.4,25072.62694640223,6101,2177,152968097.0,657.0,10.77,773.65,-362.6,Eicher Motors,24917.4,0.23190096441034758,23685.025,22482.338,
2016-10-03,25125.0,25900.0,25125.0,25773.15,25530.78687008784,4326,1884,110446184.0,531.0,12.27,775.0,648.15,Eicher Motors,25773.15,3.4343470827614464,23834.3625,22600.646,
2016-10-04,25950.0,26080.95,25582.05,25825.45,25840.980513728962,3387,1217,87523401.0,636.0,18.78,498.9,-124.55,Eicher Motors,25825.45,0.20292436120536994,23985.567499999997,22723.457000000002,
2016-10-05,25925.0,26332.95,25633.5,26260.65,26046.556858467407,3667,1320,95512724.0,703.0,19.17,699.45,335.65,Eicher Motors,26260.65,1.68515940670928,24150.05,22852.028,
2016-10-06,26400.0,26513.95,26000.0,26217.2,26313.991820040897,3423,1406,90072794.0,975.0,28.48,513.95,-182.8,Eicher Motors,26217.2,-0.16545668138451264,24312.215000000004,22977.605,
2016-10-07,26216.0,26270.0,25742.4,25804.25,25927.047954393023,2982,890,77314457.0,992.0,33.27,527.6,-411.75,Eicher Motors,25804.25,-1.5751109958347942,24434.935,23091.245999999996,
2016-10-10,25820.0,26100.0,25750.0,25835.1,25859.354567728384,2857,826,73880176.0,1044.0,36.54,350.0,15.1,Eicher Motors,25835.1,0.11955394944631603,24579.2025,23201.241,
2016-10-13,25749.0,25938.0,25600.0,25804.85,25720.46240601504,2394,803,61574787.0,527.0,22.01,338.0,55.85,Eicher Motors,25804.85,-0.11708876683271807,24732.2125,23295.834000000003,
2016-10-14,25925.0,26000.0,25321.05,25397.05,25486.84588593818,2297,865,58543285.0,803.0,34.96,678.95,-527.95,Eicher Motors,25397.05,-1.5803230788010714,24872.255,23354.459,
2016-10-17,25500.0,25500.0,24583.55,24645.45,24820.946986607145,3584,1349,88958274.0,963.0,26.87,916.45,-854.55,Eicher Motors,24645.45,-2.959398827816606,24979.9625,23401.413000000004,
2016-10-18,24729.05,25208.65,24710.0,25083.4,24978.083264291632,2414,1002,60297093.0,549.0,22.74,498.65,354.35,Eicher Motors,25083.4,1.7770014343418294,25081.315,23466.286,
2016-10-19,25167.9,25290.0,24900.0,25007.25,25072.415151515153,2310,840,57917279.0,477.0,20.65,390.0,-160.65,Eicher Motors,25007.25,-0.3035872329907541,25177.57,23538.787999999997,
2016-10-20,25078.55,25229.6,24830.45,24965.95,24963.12162162162,2516,816,62807214.0,823.0,32.71,399.15,-112.6,Eicher Motors,24965.95,-0.16515210588928797,25258.677499999998,23609.63,
2016-10-21,25077.25,25250.0,24820.05,25109.4,24970.20946989192,1943,676,48517117.0,658.0,33.87,429.95,32.15,Eicher Motors,25109.4,0.5745825814759797,25308.21,23666.652000000002,
2016-10-24,25290.0,25296.1,24805.15,24893.85,25045.198029556646,1015,397,25420876.0,229.0,22.56,490.95,-396.15,Eicher Motors,24893.85,-0.8584434514564365,25314.02,23715.716,
2016-10-25,25500.0,25500.0,24610.0,24663.0,24701.767711962835,1722,568,42536444.0,311.0,18.06,890.0,-837.0,Eicher Motors,24663.0,-0.9273374749184993,25303.9925,23767.69,
2016-10-26,24500.0,24812.65,24160.0,24431.3,24385.94011202068,2321,812,56599767.0,806.0,34.73,652.65,-68.7,Eicher Motors,24431.3,-0.939463974374577,25292.54,23821.832000000002,
2016-10-27,24400.0,24773.9,24072.0,24531.6,24296.868120805368,2980,1107,72404667.0,798.0,26.78,701.9,131.6,Eicher Motors,24531.6,0.41053893980262934,25288.392499999998,23866.83,
2016-10-28,24699.0,24815.75,23700.0,24025.65,24179.818007855774,9929,4361,240081413.0,1254.0,12.63,1115.75,-673.35,Eicher Motors,24025.65,-2.062441911656787,25202.585,23902.077,
2016-10-30,24300.0,24300.0,23940.0,24021.8,24088.890302066768,629,289,15151912.0,201.0,31.96,360.0,-278.2,Eicher Motors,24021.8,-0.016024540439085744,25160.6875,23933.503000000004,
2016-11-01,24200.0,25500.0,24200.0,25309.3,25040.795286348628,8783,3100,219933305.0,1378.0,15.69,1300.0,1109.3,Eicher Motors,25309.3,5.359714925609249,25180.282499999998,23994.185,
2016-11-02,25198.0,25198.0,24760.0,24799.9,24936.524007267064,3853,1250,96080427.0,997.0,25.88,438.0,-398.1,Eicher Motors,24799.9,-2.012698889341069,25131.620000000003,24046.382,
2016-11-03,24921.7,25119.65,24425.0,24568.2,24841.9306518724,2163,768,53733096.0,628.0,29.03,694.65,-353.5,Eicher Motors,24568.2,-0.9342779607982354,25068.7575,24102.558999999997,
2016-11-04,24500.0,24757.65,23800.0,23951.95,24101.87822580645,3720,1208,89658987.0,956.0,25.7,957.65,-548.05,Eicher Motors,23951.95,-2.508323768123022,24953.322500000002,24145.632999999998,
2016-11-07,24340.35,24573.2,23995.0,24034.85,24219.562814070352,2587,969,62656009.0,548.0,21.18,578.2,-305.5,Eicher Motors,24034.85,0.34610960694221315,24844.204999999998,24186.269,
2016-11-08,24200.0,24517.95,23900.0,24237.05,24129.21647597254,2185,949,52722338.0,592.0,27.09,617.95,37.05,Eicher Motors,24237.05,0.8412783936658785,24765.844999999998,24228.574,
2016-11-09,23700.0,23836.0,21900.0,23409.15,23155.9574507618,10764,3706,249250726.0,2454.0,22.8,1936.0,-290.85,Eicher Motors,23409.15,-3.4158447500830302,24644.5475,24254.43,
2016-11-10,24000.0,24000.0,22900.0,23070.35,23496.60958904109,4672,1766,109776160.0,1254.0,26.84,1100.0,-929.65,Eicher Motors,23070.35,-1.4472973175019277,24507.822500000002,24269.289,
2016-11-11,22999.95,22999.95,21626.55,21745.4,22131.33565536205,5455,2207,120726436.0,1835.0,33.64,1373.4,-1254.55,Eicher Motors,21745.4,-5.7430858222783705,24325.239999999998,24257.985,
2016-11-15,21848.4,21848.4,19570.9,20284.35,20669.215462296168,24162,3082,499409584.0,17456.0,72.25,2277.5,-1564.05,Eicher Motors,20284.35,-6.718892271468924,24107.185,24202.801,SELL
2016-11-16,20302.45,21750.05,20004.0,21093.65,20903.050270215153,9807,4226,204996214.0,1343.0,13.69,1746.05,791.2,Eicher Motors,21093.65,3.9897753686955806,23907.697500000002,24170.02,
2016-11-17,21200.0,21326.0,20660.0,21026.95,20869.58738074588,4612,1596,96250537.0,1708.0,37.03,666.0,-173.05,Eicher Motors,21026.95,-0.31620890647185984,23708.682500000003,24134.830999999995,
2016-11-18,21264.0,21911.95,20900.0,21805.2,21549.700842105263,4750,1746,102361079.0,1167.0,24.57,1011.95,541.2,Eicher Motors,21805.2,3.7012025044050656,23550.644999999997,24114.908000000003,
2016-11-21,21862.3,21862.3,20132.6,20357.95,20855.041889619322,6541,2480,136412829.0,1875.0,28.67,1729.7,-1504.35,Eicher Motors,20357.95,-6.63717828774788,23313.072500000002,24062.647,
2016-11-22,20611.0,20777.0,20200.0,20656.35,20499.904082215246,3503,1439,71811164.0,673.0,19.21,577.0,45.35,Eicher Motors,20656.35,1.465766445049721,23101.197500000002,24016.295999999995,
2016-11-23,20845.55,21500.0,20653.7,20910.55,21100.48524995584,5661,2072,119449847.0,969.0,17.12,846.3,65.0,Eicher Motors,20910.55,1.2306143147264637,22913.575,23967.51,
2016-11-24,20849.0,20849.0,20172.25,20353.25,20400.80220588235,4080,1540,83235273.0,729.0,17.87,676.75,-495.75,Eicher Motors,20353.25,-2.665161844140873,22709.6725,23915.58,
2016-11-25,20599.0,20655.6,19975.4,20144.5,20172.259429622813,6522,2126,131563476.0,1564.0,23.98,680.2,-454.5,Eicher Motors,20144.5,-1.0256347266407118,22490.3175,23863.576999999997,
2016-11-28,20250.0,20664.3,20008.25,20226.4,20301.570689097374,6182,1952,125504310.0,1518.0,24.56,656.05,-23.6,Eicher Motors,20226.4,0.4065625853210575,22300.355,23816.181,
2016-11-29,20429.0,21870.0,20391.0,21343.4,21106.24471937236,9942,3485,209838285.0,2167.0,21.8,1479.0,914.4,Eicher Motors,21343.4,5.522485464541393,22166.435,23793.222999999998,
2016-11-30,22500.0,22500.0,21112.1,21675.4,21466.450277728003,5581,2259,119804259.0,1478.0,26.48,1387.9,-824.6,Eicher Motors,21675.4,1.555515990891787,21984.74,23765.604,
2016-12-01,21590.0,22433.9,21590.0,22179.15,22193.131154092072,12512,3737,277680457.0,2436.0,19.47,843.9,589.15,Eicher Motors,22179.15,2.324063223746742,21853.7025,23747.543999999998,
2016-12-02,22209.0,22940.4,22155.0,22699.05,22681.41403093901,10149,4182,230193671.0,2109.0,20.78,785.4,490.05,Eicher Motors,22699.05,2.3440934391083523,21760.245000000003,23734.649000000005,
2016-12-05,22898.0,23170.0,22576.05,22741.9,22831.859996195548,5257,1831,120027088.0,1256.0,23.89,593.95,-156.1,Eicher Motors,22741.9,0.18877442007485534,21699.7425,23707.112,
2016-12-06,23000.0,23000.0,22351.6,22463.1,22606.802973041067,3969,1222,89726401.0,668.0,16.83,648.4,-536.9,Eicher Motors,22463.1,-1.2259309908143279,21621.155,23660.821,
2016-12-07,22647.0,23460.0,22480.7,23316.2,23117.37987650856,7126,2473,164734449.0,1600.0,22.45,979.3,669.2,Eicher Motors,23316.2,3.797783921186304,21575.1125,23629.874,
2016-12-08,23499.0,23779.9,23075.05,23257.2,23347.74099694812,4915,1840,114754147.0,1076.0,21.89,704.85,-241.8,Eicher Motors,23257.2,-0.25304294867946053,21567.515,23601.811,
2016-12-09,23423.0,23639.0,22800.0,22849.0,23040.836992177643,3963,1437,91310837.0,1623.0,40.95,839.0,-574.0,Eicher Motors,22849.0,-1.7551553927385943,21556.447500000002,23566.5,
2016-12-12,22617.45,23049.2,22050.0,22215.15,22485.837269585252,3472,1223,78070827.0,1049.0,30.21,999.2,-402.3,Eicher Motors,22215.15,-2.774082016718449,21579.935,23495.966999999997,
2016-12-13,22180.1,22485.95,22019.3,22286.7,22247.427566807317,2844,1029,63271684.0,598.0,21.03,466.65,106.6,Eicher Motors,22286.7,0.32207750116475253,21680.0525,23444.506,
2016-12-14,22485.0,22485.05,21710.0,21806.1,21973.041217501584,3154,1248,69302972.0,595.0,18.86,775.05,-678.9,Eicher Motors,21806.1,-2.156443080402226,21715.675,23382.28,
2016-12-15,21561.05,22055.5,21450.0,21495.75,21661.54324894515,2844,1288,61605429.0,643.0,22.61,605.5,-65.3,Eicher Motors,21495.75,-1.4232256111821884,21739.114999999998,23296.731999999996,
2016-12-16,21456.0,21925.0,21456.0,21757.45,21751.773510734805,3307,1175,71933115.0,1052.0,31.81,469.0,301.45,Eicher Motors,21757.45,1.2174499610388079,21736.7275,23215.371999999996,
2016-12-19,21741.0,21741.0,21499.85,21543.7,21561.98895705521,1630,595,35146042.0,591.0,36.26,241.15,-197.3,Eicher Motors,21543.7,-0.9824221128854727,21796.015000000003,23121.033000000003,
2016-12-20,21665.05,21697.7,21055.85,21160.3,21501.6385715934,17334,899,372709403.0,15662.0,90.35,641.85,-504.75,Eicher Motors,21160.3,-1.7796385950417104,21821.2125,23019.895,
2016-12-21,21250.0,21600.0,21205.2,21328.55,21408.38178472861,2174,717,46541822.0,607.0,27.92,394.8,78.55,Eicher Motors,21328.55,0.795121052158998,21842.1125,22930.381,
2016-12-22,21294.75,21528.15,21160.0,21301.4,21340.231031128405,2056,894,43875515.0,566.0,27.53,368.15,6.65,Eicher Motors,21301.4,-0.1272941667389338,21889.52,22839.707000000002,
2016-12-23,21314.0,21438.5,20800.0,20919.55,20981.63333333333,6810,1161,142884923.0,4553.0,66.86,638.5,-394.45,Eicher Motors,20919.55,-1.7926051808801358,21928.2725,22742.000999999997,
2016-12-26,20897.0,20897.0,20210.0,20275.5,20412.79709005112,2543,1060,51909743.0,744.0,29.26,687.0,-621.5,Eicher Motors,20275.5,-3.078699111596561,21930.7275,22639.57,
2016-12-27,20373.45,20810.0,20306.15,20565.1,20569.255342749388,13523,1255,278158040.0,10581.0,78.24,503.85,191.65,Eicher Motors,20565.1,1.4283248255283487,21891.8125,22557.963,
2016-12-28,21148.8,21148.8,20725.1,20885.25,20893.97463002114,2838,1117,59297100.0,822.0,28.96,423.7,-263.55,Eicher Motors,20885.25,1.5567636432596954,21852.305,22474.0,
2016-12-29,20852.0,21600.05,20647.8,21477.85,21123.128396143733,4564,1711,96405958.0,690.0,15.12,952.25,625.85,Eicher Motors,21477.85,2.8374091763325726,21817.24,22403.412,
2016-12-30,21620.0,21882.9,21601.05,21812.1,21641.724654231697,15762,1229,341116864.0,13323.0,84.53,281.85,192.1,Eicher Motors,21812.1,1.5562544668111578,21772.892499999998,22340.335,
2017-01-02,22222.0,22851.0,22222.0,22510.6,22484.404688105384,5162,2103,116064497.0,972.0,18.83,629.0,288.6,Eicher Motors,22510.6,3.202350988671432,21761.3275,22288.359,
2017-01-03,22617.55,22617.55,22320.0,22497.55,22501.697189483228,3309,1494,74458116.0,946.0,28.59,297.55,-120.0,Eicher Motors,22497.55,-0.05797268842233638,21763.049999999996,22240.433000000005,
2017-01-04,22555.9,22603.95,22107.85,22177.8,22302.89982788296,2905,1134,64789924.0,720.0,24.78,496.1,-378.1,Eicher Motors,22177.8,-1.421265871172639,21706.13,22190.729,
2017-01-05,22359.05,22488.0,22253.0,22324.75,22328.735531392493,2851,1094,63659225.0,489.0,17.15,235.0,-34.3,Eicher Motors,22324.75,0.6625995364734072,21659.5075,22148.597999999998,
2017-01-06,22400.0,22900.0,22362.95,22714.6,22633.825621890548,4020,1430,90987979.0,1163.0,28.93,537.05,314.6,Eicher Motors,22714.6,1.7462681552984805,21652.7875,22112.257999999998,
2017-01-09,22918.05,23139.15,22847.65,22979.15,23015.571008526906,3401,1341,78275957.0,1141.0,33.55,291.5,61.1,Eicher Motors,22979.15,1.1646694196684182,21690.9875,22091.327999999998,
2017-01-10,23150.0,23170.0,22702.5,22986.3,22956.89148773006,2608,1118,59871573.0,802.0,30.75,467.5,-163.7,Eicher Motors,22986.3,0.03111516309348694,21725.9675,22070.618,
2017-01-11,23120.0,23350.0,22931.5,23174.0,23000.037801508475,66955,1262,1539967531.0,971.0,1.45,418.5,54.0,Eicher Motors,23174.0,0.8165733502129457,21794.3625,22027.911999999997,
2017-01-12,23250.0,23340.3,22765.4,22816.0,22908.8250501002,9980,1559,228630074.0,7222.0,72.36,574.9,-434.0,Eicher Motors,22816.0,-1.5448347285751285,21860.375,21988.234,
2017-01-13,22956.9,22956.9,22668.3,22773.1,22797.763752393108,7835,680,178620479.0,6810.0,86.92,288.6,-183.8,Eicher Motors,22773.1,-0.18802594670407347,21911.157499999998,21952.332000000002,
2017-01-16,22658.2,22684.9,22300.0,22327.25,22413.712495524524,2793,876,62601499.0,1117.0,39.99,384.9,-330.95,Eicher Motors,22327.25,-1.9577923075909665,21950.335,21919.838000000003,BUY
2017-01-17,22328.05,22525.5,22156.05,22285.4,22333.206896551725,2059,787,45984073.0,498.0,24.19,369.45,-42.65,Eicher Motors,22285.4,-0.18743911587857376,22006.59,21884.849,
2017-01-18,22404.85,22703.95,22372.0,22441.8,22506.32906360424,2264,749,50954329.0,447.0,19.74,331.95,36.95,Eicher Motors,22441.8,0.7018047690416029,22062.2525,21848.944,
2017-01-19,22449.95,23101.0,22200.0,22845.15,22628.35580635581,3367,1134,76189674.0,996.0,29.58,901.0,395.2,Eicher Motors,22845.15,1.7973157233377002,22139.44,21837.664,
2017-01-20,22830.0,23086.3,22600.0,22744.4,22865.553411932837,2799,920,64000684.0,543.0,19.4,486.3,-85.6,Eicher Motors,22744.4,-0.4410126438215589,22230.6825,21831.145,
2017-01-23,22800.0,22900.0,22570.0,22727.95,22717.749662618084,1482,450,33667705.0,287.0,19.37,330.0,-72.05,Eicher Motors,22727.95,-0.07232549550658662,22353.305,21850.796000000002,
2017-01-24,22800.0,23100.0,22765.0,23006.9,22955.35222276502,2047,706,46989606.0,577.0,28.19,335.0,206.9,Eicher Motors,23006.9,1.2273434251659276,22475.395,21905.246999999996,
2017-01-25,23006.0,23148.0,22871.45,23011.85,23004.208988764043,1780,733,40947492.0,589.0,33.09,276.55,5.85,Eicher Motors,23011.85,0.021515284545059465,22581.725,21943.611,
2017-01-27,23115.05,23605.0,23115.05,23465.6,23473.922411371423,17799,3364,417812345.0,10986.0,61.72,489.95,350.55,Eicher Motors,23465.6,1.9718101760614726,22681.1125,21992.384000000005,
2017-01-30,23499.0,23699.95,23166.25,23301.45,23396.080129240712,3095,1116,72410868.0,916.0,29.6,533.7,-197.55,Eicher Motors,23301.45,-0.6995346379380818,22755.579999999998,22022.308999999997,
2017-01-31,23342.0,23383.0,22406.0,23037.45,23016.35181451613,2976,1269,68496663.0,553.0,18.58,977.0,-304.55,Eicher Motors,23037.45,-1.1329767031665439,22781.9225,22075.898999999998,
2017-02-01,23216.7,24199.0,23088.8,24007.95,23671.399488431576,8601,3156,203597707.0,1963.0,22.82,1110.2,791.25,Eicher Motors,24007.95,4.212705833327912,22857.4425,22142.931,
2017-02-02,24300.0,24350.0,23600.0,23757.05,23866.139059304704,5379,2112,128375962.0,1309.0,24.34,750.0,-542.95,Eicher Motors,23757.05,-1.045070487067834,22936.405,22199.861,
2017-02-03,23800.0,23800.0,23342.0,23382.65,23441.23539302228,2379,1083,55766699.0,1008.0,42.37,458.0,-417.35,Eicher Motors,23382.65,-1.5759532433530121,22989.3,22260.449,
2017-02-06,23572.55,23896.45,23549.9,23745.5,23718.84602311353,2942,720,69780845.0,1936.0,65.81,346.55,172.95,Eicher Motors,23745.5,1.551791606169517,23040.845,22332.468999999997,
2017-02-07,23700.15,23850.0,23550.0,23717.9,23675.480732177264,1038,439,24575149.0,337.0,32.47,300.0,17.75,Eicher Motors,23717.9,-0.11623254932512372,23077.782499999998,22402.299,
2017-02-08,23735.0,24020.0,23555.45,23867.9,23829.00904159132,3871,1068,92242094.0,1853.0,47.87,464.55,132.9,Eicher Motors,23867.9,0.6324337314854933,23121.8625,22452.789,
2017-02-09,24038.35,24090.0,23505.6,23857.0,23798.447805709417,2347,864,55854957.0,521.0,22.2,584.4,-181.35,Eicher Motors,23857.0,-0.04566803112130424,23156.0125,22496.421000000002,
2017-02-10,23860.0,24070.0,23798.85,23982.85,23992.64503631961,2065,800,49544812.0,716.0,34.67,271.15,122.85,Eicher Motors,23982.85,0.5275181288510566,23214.355,22532.495,
2017-02-13,24250.0,24877.0,24100.55,24779.0,24505.372838330957,6303,2615,154457365.0,2089.0,33.14,776.45,529.0,Eicher Motors,24779.0,3.3196638431212344,23314.65,22574.093999999997,
2017-02-14,24858.15,25448.95,24641.0,25320.0,25233.54097605893,6516,2384,164421753.0,1824.0,27.99,807.95,461.85,Eicher Motors,25320.0,2.1833003753178204,23464.2875,22625.656000000003,
2017-02-15,25324.85,25532.95,24524.05,24718.8,24968.989148580968,3594,1705,89738547.0,1014.0,28.21,1008.9,-606.05,Eicher Motors,24718.8,-2.374407582938387,23585.9575,22670.77,
2017-02-16,24669.75,25400.0,24669.75,25262.9,25134.715955056177,2225,985,55924743.0,379.0,17.03,730.25,593.15,Eicher Motors,25262.9,2.201158632296085,23727.0125,22709.703999999998,
2017-02-17,25425.0,25425.0,24776.2,25040.85,25009.38821954485,3735,1855,93410065.0,851.0,22.78,648.8,-384.15,Eicher Motors,25040.85,-0.8789568893515898,23836.797499999997,22745.377,
2017-02-20,25040.85,25283.35,24875.0,25116.5,25107.080363912053,1319,679,33116239.0,203.0,15.39,408.35,75.65,Eicher Motors,25116.5,0.3021063582106853,23955.402500000004,22790.727000000003,
2017-02-21,25259.7,25365.45,25012.45,25234.45,25217.081774452163,1871,760,47181160.0,700.0,37.41,353.0,-25.25,Eicher Motors,25234.45,0.46961160989786865,24080.7275,22851.113,
2017-02-22,25235.0,25235.0,24948.3,25032.7,25050.99679075738,1558,680,39029453.0,274.0,17.59,286.7,-202.3,Eicher Motors,25032.7,-0.7995022677331987,24182.017499999998,22906.033,
2017-02-23,25124.8,25300.0,24727.0,24889.6,24992.24995056357,5057,1823,126385808.0,345.0,6.82,573.0,-235.2,Eicher Motors,24889.6,-0.5716522788193124,24275.905,22967.703,
2017-02-27,24885.0,24994.0,24179.4,24333.65,24483.5440293529,2998,1313,73401665.0,986.0,32.89,814.6,-551.35,Eicher Motors,24333.65,-2.233663859603996,24319.307500000003,23024.461,
2017-02-28,24430.0,24507.0,24060.0,24169.05,24203.380510440835,2586,1220,62589942.0,451.0,17.44,447.0,-260.95,Eicher Motors,24169.05,-0.6764295533140396,24362.6875,23072.693000000003,
2017-03-01,24279.95,24400.0,23600.0,23712.0,24067.97838839148,6478,2463,155912364.0,2207.0,34.07,800.0,-567.95,Eicher Motors,23712.0,-1.8910548821736817,24396.415,23116.058999999997,
2017-03-02,24019.95,24024.0,23307.15,23449.2,23710.74018126888,2648,1269,62786040.0,731.0,27.61,716.85,-570.75,Eicher Motors,23449.2,-1.108299595141693,24368.4775,23161.837000000003,
2017-03-03,23779.95,23779.95,22990.0,23080.75,23137.38325471698,3392,1182,78482004.0,1660.0,48.94,789.95,-699.2,Eicher Motors,23080.75,-1.571268955870564,24334.6625,23196.881,
2017-03-06,23500.0,23589.9,23018.35,23076.2,23260.13498349835,3030,1296,70478209.0,673.0,22.21,571.55,-423.8,Eicher Motors,23076.2,-0.019713397528242638,24319.34,23232.376999999997,
2017-03-07,23233.55,23325.9,23101.05,23217.8,23211.233896185116,1599,635,37114763.0,437.0,27.33,224.85,-15.75,Eicher Motors,23217.8,0.6136192267357732,24292.954999999998,23278.342,
2017-03-08,23100.0,23599.0,23100.0,23475.45,23382.19283425575,3433,1336,80271068.0,1583.0,46.11,499.0,375.45,Eicher Motors,23475.45,1.1097089302173346,24280.8325,23342.341,
2017-03-09,23423.45,23598.95,23308.3,23404.4,23453.879392212722,1053,447,24696935.0,402.0,38.18,290.65,-19.05,Eicher Motors,23404.4,-0.3026566050917001,24257.6575,23399.127,
2017-03-10,23495.0,23566.85,23220.6,23393.25,23368.1,990,454,23134419.0,386.0,38.99,346.25,-101.75,Eicher Motors,23393.25,-0.04764061458529811,24234.47,23449.287,
2017-03-14,23951.25,24200.0,23631.8,23963.25,23887.044588414636,2624,1252,62679605.0,982.0,37.42,568.2,12.0,Eicher Motors,23963.25,2.436600301368985,24233.49,23498.995,
2017-03-15,23900.9,24299.0,23900.85,24099.0,24175.312616822426,2140,813,51735169.0,763.0,35.65,398.15,198.1,Eicher Motors,24099.0,0.5664924415511141,24199.49,23544.733000000004,
2017-03-16,24264.95,24560.0,24200.05,24514.5,24387.365920262153,1831,781,44653267.0,685.0,37.41,359.95,249.55,Eicher Motors,24514.5,1.724137931034475,24159.215000000004,23584.811,
2017-03-17,24550.0,24710.0,24283.0,24601.75,24542.00118110236,2540,995,62336683.0,831.0,32.72,427.0,51.75,Eicher Motors,24601.75,0.3559118072977263,24153.3625,23626.895,
2017-03-20,24700.0,25139.95,24600.0,25033.0,24830.556655986016,6866,1238,170486602.0,4450.0,64.81,539.95,333.0,Eicher Motors,25033.0,1.7529240806040125,24141.8675,23683.999000000003,
2017-03-21,25000.0,25132.3,24732.05,24902.05,24932.149689440997,1610,745,40140761.0,480.0,29.81,400.25,-97.95,Eicher Motors,24902.05,-0.5231094954659898,24134.927499999998,23735.545,
2017-03-22,24880.0,24880.0,24500.0,24541.7,24569.629088599555,3149,703,77369762.0,1020.0,32.39,380.0,-338.3,Eicher Motors,24541.7,-1.4470696187663168,24106.187500000004,23772.087000000003,
2017-03-23,24888.0,24888.0,24196.55,24361.6,24342.754803293687,3279,1316,79819893.0,1303.0,39.74,691.45,-526.4,Eicher Motors,24361.6,-0.7338529930689508,24062.545000000002,23799.736,
2017-03-24,24365.45,24651.55,24300.0,24365.95,24512.636205092433,2867,488,70277728.0,2073.0,72.31,351.55,0.5,Eicher Motors,24365.95,0.01785597005123929,24029.2075,23827.328999999998,
2017-03-27,24296.2,24322.05,24028.35,24168.0,24179.875894988065,2514,840,60788208.0,839.0,33.37,293.7,-128.2,Eicher Motors,24168.0,-0.8124041951986349,23993.127500000002,23847.209,
2017-03-28,24240.6,25500.0,24234.45,24936.8,24488.55984648597,8338,1146,204185612.0,6428.0,77.09,1265.55,696.2,Eicher Motors,24936.8,3.1810658722277285,24023.285,23889.625,
2017-03-29,24955.0,25354.75,24427.25,25056.25,24902.37681704261,7980,2851,198720967.0,1595.0,19.99,927.5,101.25,Eicher Motors,25056.25,0.4790109396554554,24067.645,23935.287999999997,
2017-03-30,25000.0,25750.0,24913.2,25638.15,25324.90600393701,4064,1778,102920418.0,1184.0,29.13,836.8,638.15,Eicher Motors,25638.15,2.3223746570216974,24163.952500000003,24001.506,
2017-03-31,25779.0,25797.85,25180.0,25554.15,25512.82848794741,6845,1677,174635311.0,969.0,14.16,617.85,-224.85,Eicher Motors,25554.15,-0.32763674446089075,24269.2,24066.881,
2017-04-03,25899.0,25899.0,25338.7,25493.45,25521.837347165616,2699,1009,68883439.0,670.0,24.82,560.3,-405.55,Eicher Motors,25493.45,-0.23753480354463674,24389.835,24127.914,
2017-04-05,25493.45,25800.0,25420.0,25676.5,25640.11972274732,3174,1221,81381740.0,1030.0,32.45,380.0,183.05,Eicher Motors,25676.5,0.7180275717880491,24519.85,24184.541,
2017-04-06,25699.0,25699.0,25395.0,25552.2,25514.439907993095,1739,722,44369611.0,447.0,25.7,304.0,-146.8,Eicher Motors,25552.2,-0.4841002473078504,24636.57,24240.696999999996,
2017-04-07,25550.0,25988.9,25438.95,25778.3,25801.624045801527,2620,1147,67600255.0,890.0,33.97,549.95,228.3,Eicher Motors,25778.3,0.884855315784927,24751.7125,24301.703999999998,
2017-04-10,25739.55,25747.55,25449.35,25564.55,25605.19342359768,1034,479,26475770.0,411.0,39.75,298.2,-175.0,Eicher Motors,25564.55,-0.8291857880465381,24859.719999999998,24352.857000000004,
2017-04-11,25565.0,25929.9,25452.05,25819.2,25732.532881355928,1475,654,37955486.0,374.0,25.36,477.85,254.2,Eicher Motors,25819.2,0.9961059357586954,24981.017499999998,24409.004,
2017-04-12,26055.0,26480.0,26055.0,26357.7,26273.046558253507,13467,2738,353819118.0,6256.0,46.45,425.0,302.7,Eicher Motors,26357.7,2.0856571853504313,25100.739999999998,24466.845999999998,
2017-04-13,26355.0,26410.0,26055.0,26104.6,26237.305418719207,1624,659,42609384.0,625.0,38.49,355.0,-250.4,Eicher Motors,26104.6,-0.9602507047276609,25201.019999999997,24522.909,
2017-04-17,26164.1,26350.1,26007.85,26107.9,26206.141414141413,1584,601,41510528.0,574.0,36.24,342.25,-56.2,Eicher Motors,26107.9,0.012641450165884471,25280.69,24584.318,
2017-04-18,26125.0,26300.0,25452.3,25566.2,25805.751483420598,2865,1259,73933478.0,848.0,29.6,847.7,-558.8,Eicher Motors,25566.2,-2.074850907196679,25328.9125,24615.483000000004,
2017-04-19,25565.0,25700.0,25316.45,25430.45,25507.64733840304,2104,978,53668090.0,713.0,33.89,383.55,-134.55,Eicher Motors,25430.45,-0.5309744897560087,25348.784999999996,24648.951,
2017-04-20,25510.3,25609.8,25350.05,25502.1,25460.940507436568,1143,525,29101855.0,317.0,27.73,259.75,-8.2,Eicher Motors,25502.1,0.281748848329455,25378.7875,24691.34,
2017-04-21,25500.0,25800.0,25500.0,25551.25,25628.86575990538,1691,731,43338412.0,355.0,20.99,300.0,51.25,Eicher Motors,25551.25,0.1927292262206004,25429.265,24727.455,
2017-04-24,25690.0,26150.0,25490.0,26091.15,25869.705687203794,2110,906,54585079.0,836.0,39.62,660.0,401.15,Eicher Motors,26091.15,2.113008169854713,25515.7425,24774.92,
2017-04-25,26220.3,26220.3,25700.0,26089.65,25953.0640113798,2109,914,54735012.0,618.0,29.3,520.3,-130.65,Eicher Motors,26089.65,-0.005749075836058992,25601.927499999998,24819.355,
2017-04-26,26101.15,26270.0,25900.0,26027.4,26206.354492305625,74405,1318,1949883806.0,71960.0,96.71,370.0,-73.75,Eicher Motors,26027.4,-0.23860036451236466,25694.8975,24862.763000000003,
2017-04-27,25803.3,26251.0,25803.3,25974.8,26075.46128391793,1511,784,39400022.0,282.0,18.66,447.7,171.5,Eicher Motors,25974.8,-0.20209471556899006,25746.7975,24902.602,
2017-04-28,25988.35,26250.0,25954.8,26022.25,26088.546312178387,1166,504,30419245.0,234.0,20.07,295.2,33.9,Eicher Motors,26022.25,0.18267705622372343,25795.0975,24927.466999999997,
2017-05-02,26289.95,26700.15,25336.8,25767.25,25785.86495902961,15499,2761,399655121.0,1757.0,11.34,1363.35,-522.7,Eicher Motors,25767.25,-0.9799306362824112,25801.552499999998,24936.411999999997,
2017-05-03,25916.7,26050.0,25669.2,25900.05,25905.51724137931,1247,572,32304180.0,314.0,25.18,380.8,-16.65,Eicher Motors,25900.05,0.5153828988347486,25818.8475,24960.036999999997,
2017-05-04,26061.7,26098.9,25598.8,25764.6,25813.440512507623,1639,716,42308229.0,542.0,33.07,500.1,-297.1,Eicher Motors,25764.6,-0.5229719633745855,25832.405,24970.071,
2017-05-05,25980.0,26150.1,25522.7,25837.45,25910.486376811597,5175,2113,134086767.0,1719.0,33.22,627.4,-142.55,Eicher Motors,25837.45,0.28275230354828373,25840.4525,24986.002999999997,
2017-05-08,26999.0,26999.0,26173.25,26910.3,26690.53583138173,8540,3073,227937176.0,3291.0,38.54,825.75,-88.7,Eicher Motors,26910.3,4.1523060518743105,25908.3575,25021.879,
2017-05-09,27010.0,27300.0,26810.1,27113.05,27024.36239847109,4186,1625,113123981.0,963.0,23.01,489.9,103.05,Eicher Motors,27113.05,0.753428984440907,25975.095,25059.451,
2017-05-10,27115.0,27988.7,27115.0,27851.75,27656.901812996537,4909,2164,135767731.0,1102.0,22.45,873.7,736.75,Eicher Motors,27851.75,2.724518267033771,26089.455,25115.832000000002,
2017-05-11,27851.0,29983.0,27850.0,29402.1,29194.740104911776,10485,4365,306106850.0,1053.0,10.04,2133.0,1551.1,Eicher Motors,29402.1,5.566436579389089,26268.6,25206.082,
2017-05-12,29502.2,29776.95,28880.0,29169.6,29319.346014754807,6913,2500,202684639.0,1551.0,22.44,896.95,-332.6,Eicher Motors,29169.6,-0.7907598436846297,26409.195,25302.801,
2017-05-15,29450.0,29461.0,28863.0,28937.05,29076.909142857145,1750,746,50884591.0,329.0,18.8,598.0,-512.95,Eicher Motors,28937.05,-0.7972341067412625,26550.817499999997,25398.161,
2017-05-16,28950.0,29429.95,28771.2,29307.45,29090.282828282827,2970,1048,86398140.0,920.0,30.98,658.75,357.45,Eicher Motors,29307.45,1.2800199052771521,26710.795000000002,25510.07,
2017-05-17,29310.0,29310.0,29009.95,29116.15,29133.38003220612,1242,501,36183658.0,505.0,40.66,300.05,-193.85,Eicher Motors,29116.15,-0.6527350554210609,26888.2925,25623.409,
2017-05-18,28908.55,28951.6,28200.0,28349.2,28535.00644814616,1861,809,53103647.0,591.0,31.76,751.6,-559.35,Eicher Motors,28349.2,-2.6341051272232074,27034.23,25728.778,
2017-05-19,28351.3,28600.0,27750.0,27903.55,28017.269188795923,2749,1169,77019473.0,792.0,28.81,850.0,-447.75,Eicher Motors,27903.55,-1.5720020318033767,27154.3025,25825.325,
2017-05-22,28000.0,28241.9,27108.0,27223.65,27479.864356139824,3347,1251,91975106.0,1474.0,44.04,1133.9,-776.35,Eicher Motors,27223.65,-2.436607528432755,27237.922499999997,25905.442000000003,
2017-05-23,27100.0,27880.0,27100.0,27589.35,27609.712978369385,6010,2241,165934375.0,930.0,15.47,780.0,489.35,Eicher Motors,27589.35,1.3433172994804066,27312.8325,25987.72,
2017-05-24,27530.0,27780.85,27340.95,27411.8,27499.1050955414,1256,632,34538876.0,390.0,31.05,439.9,-118.2,Eicher Motors,27411.8,-0.6435454260430129,27378.940000000002,26067.868,
2017-05-25,27511.05,28100.0,27374.4,27954.05,27631.71923474664,1934,850,53439745.0,618.0,31.95,725.6,443.0,Eicher Motors,27954.05,1.978162689060925,27475.2725,26159.084,
2017-05-26,27954.05,28619.95,27917.75,28348.45,28409.69246622395,4367,1167,124065127.0,2069.0,47.38,702.2,394.4,Eicher Motors,28348.45,1.4108867945789694,27593.954999999998,26246.787999999997,
2017-05-29,28348.45,28483.9,28060.05,28177.7,28294.61114570361,3212,1368,90882291.0,404.0,12.58,423.85,-170.75,Eicher Motors,28177.7,-0.6023257003469284,27701.7275,26328.361999999997,
2017-05-30,28200.0,28442.1,27844.5,28336.25,28157.652413793105,2175,833,61242894.0,351.0,16.14,597.6,136.25,Eicher Motors,28336.25,0.5626789979309876,27830.1775,26404.797,
2017-05-31,28406.0,28575.0,28252.05,28431.15,28396.415652173917,1725,849,48983817.0,341.0,19.77,322.95,25.15,Eicher Motors,28431.15,0.33490670078080154,27956.732499999995,26481.385,
2017-06-01,28575.0,29000.0,28545.05,28756.1,28765.326341866225,6055,2006,174174051.0,395.0,6.52,454.95,181.1,Eicher Motors,28756.1,1.1429365326411256,28106.307499999995,26555.846999999998,
2017-06-02,28761.1,29284.95,28761.1,29179.95,29159.218876518215,3952,1704,115237233.0,1061.0,26.85,523.85,418.85,Eicher Motors,29179.95,1.4739481362215479,28273.432500000003,26641.405,
2017-06-05,29225.4,29400.0,29195.0,29323.8,29299.390686661405,1267,454,37122328.0,562.0,44.36,205.0,98.4,Eicher Motors,29323.8,0.49297548487916565,28394.107499999995,26737.047,
2017-06-06,29340.55,29340.55,29006.5,29224.6,29141.40356987375,2297,944,66937804.0,625.0,27.21,334.05,-115.95,Eicher Motors,29224.6,-0.33829176300479435,28499.685000000005,26834.307,
2017-06-07,29241.1,29748.05,29232.0,29621.05,29517.19985465116,4128,1532,121847001.0,1870.0,45.3,516.05,379.95,Eicher Motors,29621.05,1.3565626219007365,28588.15,26939.409000000003,
2017-06-08,29769.75,29925.0,29450.0,29613.8,29657.52335509794,1991,844,59048129.0,588.0,29.53,475.0,-155.95,Eicher Motors,29613.8,-0.024475837284632096,28598.734999999997,27048.325,
2017-06-09,29615.0,29810.0,29399.0,29748.5,29636.019565217393,1380,548,40897707.0,148.0,10.72,411.0,133.5,Eicher Motors,29748.5,0.4548555065543747,28627.68,27144.558999999997,
2017-06-12,29745.0,29750.0,29222.05,29311.7,29472.756605691055,1968,667,58002385.0,509.0,25.86,527.95,-433.3,Eicher Motors,29311.7,-1.468309326520667,28646.4125,27229.668,
2017-06-13,29550.0,29647.05,29001.0,29179.75,29183.79295019895,62328,1138,1818967447.0,60336.0,96.8,646.05,-370.25,Eicher Motors,29179.75,-0.4501615395899994,28640.027499999997,27300.5,
2017-06-14,29179.75,29269.7,28869.25,29024.1,29137.663506677,21941,944,639309475.0,19641.0,89.52,400.45,-155.65,Eicher Motors,29024.1,-0.5334178668425893,28635.424999999996,27369.898999999998,
2017-06-15,29025.0,29026.0,28522.05,28804.5,28784.88794926004,1892,812,54461008.0,421.0,22.25,503.95,-220.5,Eicher Motors,28804.5,-0.7566126081428814,28658.189999999995,27436.12,
2017-06-16,28814.1,28883.65,28610.0,28722.65,28730.596026490064,1963,692,56398160.0,736.0,37.49,273.65,-91.45,Eicher Motors,28722.65,-0.28415698935929656,28699.145,27497.043,
2017-06-19,28999.9,28999.9,28405.0,28465.0,28577.27565982405,1364,546,38979404.0,374.0,27.42,594.9,-534.9,Eicher Motors,28465.0,-0.8970272589750694,28761.2125,27555.299000000003,
2017-06-20,28450.0,28539.95,27802.0,27878.35,28095.03278134505,2959,1171,83133202.0,1025.0,34.64,737.95,-571.65,Eicher Motors,27878.35,-2.0609520463727438,28775.662499999995,27597.3,
2017-06-21,27879.0,27879.1,27322.0,27561.95,27545.849212303077,5332,1973,146874468.0,1413.0,26.5,557.1,-317.05,Eicher Motors,27561.95,-1.1349308692946258,28783.170000000002,27637.248,
2017-06-22,28123.0,28123.0,27525.0,27652.85,27787.45268292683,2050,746,56964278.0,334.0,16.29,598.0,-470.15,Eicher Motors,27652.85,0.3298024994603077,28768.109999999997,27673.921000000002,
2017-06-23,27836.25,27836.25,27100.0,27172.4,27326.0881302104,2519,1062,68834416.0,946.0,37.55,736.25,-663.85,Eicher Motors,27172.4,-1.737433935380972,28709.307500000003,27690.215,
2017-06-27,27200.0,27359.95,26561.05,26669.0,26771.28017944535,2452,994,65643179.0,1034.0,42.17,798.9,-531.0,Eicher Motors,26669.0,-1.8526151536117585,28633.872499999998,27701.502999999997,
2017-06-28,26750.0,27357.0,26388.0,27227.6,26838.623339535287,138666,1441,3721604544.0,136069.0,98.13,969.0,477.6,Eicher Motors,27227.6,2.0945667254115286,28578.439999999995,27723.897,
2017-06-29,27400.0,27550.0,27000.0,27436.2,27022.95441494592,76275,1941,2061175848.0,73799.0,96.75,550.0,36.2,Eicher Motors,27436.2,0.7661343636604201,28528.692499999997,27761.297,
2017-06-30,27213.45,27300.0,26953.0,27013.7,27004.533508436805,25128,769,678569918.0,24191.0,96.27,347.0,-199.75,Eicher Motors,27013.7,-1.5399362885530787,28441.572500000002,27792.961999999996,
2017-07-03,27300.0,27809.95,27153.05,27752.1,27583.2909046574,4101,1543,113119076.0,1164.0,28.38,656.9,452.1,Eicher Motors,27752.1,2.7334278532744394,28370.18,27837.962000000003,
2017-07-04,27800.0,27950.0,27500.0,27841.95,27802.285121107263,2890,981,80348604.0,993.0,34.36,450.0,41.95,Eicher Motors,27841.95,0.3237592830812819,28296.0875,27883.776,
2017-07-05,27980.0,28172.65,27826.95,28048.2,28012.274067649607,1153,523,32298152.0,273.0,23.68,345.7,68.2,Eicher Motors,28048.2,0.7407886301067368,28237.267499999998,27922.916999999998,
2017-07-06,28475.4,28475.4,27560.65,27701.55,27910.771900826447,1815,653,50658051.0,856.0,47.16,914.75,-773.85,Eicher Motors,27701.55,-1.2359081866216037,28141.2925,27955.155,
2017-07-07,27500.0,28090.0,27500.0,27856.6,27963.934228650138,5808,696,162414530.0,4760.0,81.96,590.0,356.6,Eicher Motors,27856.6,0.5597159725719392,28053.432500000003,27991.738999999998,
2017-07-10,27800.0,28040.8,27600.0,27928.75,27872.057872087847,6739,3374,187829798.0,3848.0,57.1,440.8,128.75,Eicher Motors,27928.75,0.25900504727784934,27962.445,28030.818000000003,SELL
2017-07-11,28028.0,28250.0,27884.6,28125.1,28113.860430586486,1347,631,37869370.0,451.0,33.48,365.4,97.1,Eicher Motors,28125.1,0.7030389831266914,27903.115,28072.875,
2017-07-12,28180.0,28298.95,28161.05,28248.05,28251.257015147752,4027,875,113767812.0,2380.0,59.1,137.9,68.05,Eicher Motors,28248.05,0.4371540012302111,27856.53,28122.491,
2017-07-13,28371.0,28371.0,28003.15,28053.5,28164.31284357821,2001,664,56356790.0,642.0,32.08,367.85,-317.5,Eicher Motors,28053.5,-0.688720106343621,27808.0,28165.56,
2017-07-14,28054.2,28091.1,27629.25,27894.3,27849.37277908146,2983,1026,83074679.0,760.0,25.48,461.85,-159.9,Eicher Motors,27894.3,-0.5674871228188993,27762.49,28208.154,
2017-07-17,27910.0,28200.0,27900.45,28050.95,28030.274096385543,7304,554,204733122.0,6387.0,87.45,299.55,140.95,Eicher Motors,28050.95,0.561584266319648,27728.905,28252.424,
2017-07-18,28060.0,28650.0,28052.4,28568.1,28249.839104449293,10541,1114,297781554.0,8576.0,81.36,597.6,508.1,Eicher Motors,28568.1,1.843609574720273,27734.060000000005,28285.58,
2017-07-19,28665.25,29250.0,28665.25,29181.0,29077.070838252657,2541,1157,73884837.0,916.0,36.05,584.75,515.75,Eicher Motors,29181.0,2.145399939092907,27799.192500000005,28326.939,
2017-07-20,29201.0,29301.95,28905.0,29200.6,29122.844931506846,1825,732,53149192.0,546.0,29.92,396.95,-0.4,Eicher Motors,29200.6,0.06716699222095723,27881.125,28353.915999999997,
2017-07-21,29200.0,29383.0,28755.65,28858.25,29000.19521178637,1629,645,47241318.0,535.0,32.84,627.35,-341.75,Eicher Motors,28858.25,-1.1724074162859588,27941.395,28343.039,
2017-07-24,29100.0,29100.0,28687.5,28843.1,28893.957796014067,853,330,24646546.0,310.0,36.34,412.5,-256.9,Eicher Motors,28843.1,-0.05249798584461285,28024.93,28336.509,
2017-07-25,28848.95,28854.65,28118.25,28376.6,28463.040999057488,2122,1021,60398573.0,603.0,28.42,736.4,-472.35,Eicher Motors,28376.6,-1.6173712257004258,28110.309999999998,28325.3,
2017-07-26,28999.0,29061.6,28424.0,28959.25,28886.402055234423,1557,652,44976128.0,484.0,31.09,637.6,-39.75,Eicher Motors,28959.25,2.0532762910285385,28196.892499999998,28318.336,
2017-07-27,29081.8,30115.75,28700.0,29061.65,29245.733563374208,16229,1612,474629010.0,964.0,5.94,1415.75,-20.15,Eicher Motors,29061.65,0.35360031768778555,28278.165,28317.246,
2017-07-28,28989.0,29401.0,28664.4,29332.55,29174.746532759444,2091,701,61004395.0,561.0,26.83,736.6,343.55,Eicher Motors,29332.55,0.9321562953239049,28394.107500000002,28336.913000000004,BUY
2017-07-31,29489.0,30160.0,29416.0,30040.6,29869.936861652735,3231,1235,96509766.0,723.0,22.38,744.0,551.6,Eicher Motors,30040.6,2.4138712795171102,28508.5325,28379.654,
2017-08-01,30100.0,31532.35,30100.0,31437.05,30954.655205878276,7213,3208,223275928.0,2017.0,27.96,1432.35,1337.05,Eicher Motors,31437.05,4.648542306079118,28688.2875,28463.922,
2017-08-02,31601.1,31745.0,31014.25,31172.65,31385.174047829936,2258,962,70867723.0,466.0,20.64,730.75,-428.45,Eicher Motors,31172.65,-0.8410458360437745,28844.51,28535.588000000003,
2017-08-03,31198.0,31393.95,30632.0,30703.3,30839.19119226638,1862,763,57422574.0,584.0,31.36,761.95,-494.7,Eicher Motors,30703.3,-1.505646776902192,28994.597500000003,28601.417999999998,
2017-08-04,30704.0,31810.0,30533.2,31590.75,31179.74193548387,3317,1265,103423204.0,784.0,23.64,1276.8,886.75,Eicher Motors,31590.75,2.8904059172792484,29181.305,28674.152,
2017-08-07,31800.0,32200.0,31540.0,32007.65,31984.57938085771,3521,1391,112617704.0,669.0,19.0,660.0,207.65,Eicher Motors,32007.65,1.3196900991587768,29385.25,28747.336,
2017-08-08,32099.0,32464.95,31503.0,32135.6,32070.037288135594,4720,1948,151370576.0,853.0,18.07,961.95,36.6,Eicher Motors,32135.6,0.39974818519945554,29585.775,28826.494,
2017-08-09,32298.0,32350.0,31246.8,31520.55,31925.926750564697,6198,2320,197876894.0,1287.0,20.76,1103.2,-777.45,Eicher Motors,31520.55,-1.9139210097213089,29749.4,28890.18,
2017-08-10,31497.9,31500.0,29855.05,30192.75,30501.842561315905,6809,2765,207687046.0,1188.0,17.45,1644.95,-1305.15,Eicher Motors,30192.75,-4.212489947034548,29856.3625,28925.411999999997,
2017-08-11,29899.95,30089.2,29151.0,29615.8,29651.40320650873,4179,1522,123913214.0,1772.0,42.4,938.2,-284.15,Eicher Motors,29615.8,-1.9108892035339609,29942.4375,28942.606,
2017-08-14,29848.0,30923.65,29848.0,30401.95,30459.045711798,2297,1083,69964428.0,562.0,24.47,1075.65,553.95,Eicher Motors,30401.95,2.654495235651244,30059.9875,28967.046000000002,
2017-08-16,30363.0,31400.0,30135.65,30589.9,30516.63864684777,1951,886,59537962.0,397.0,20.35,1264.35,226.9,Eicher Motors,30589.9,0.6182169235855017,30161.077499999996,28992.368000000002,
2017-08-17,30789.95,31065.9,30600.0,30847.65,30867.03536345776,1527,753,47133963.0,370.0,24.23,465.9,57.7,Eicher Motors,30847.65,0.8425983739731135,30244.409999999996,29024.828999999998,
2017-08-18,31370.0,31550.0,30566.1,31454.2,31185.339834958737,2666,1073,83140116.0,735.0,27.57,983.9,84.2,Eicher Motors,31454.2,1.9662761993215039,30357.089999999997,29061.492,
2017-08-21,31788.95,32024.95,31401.0,31523.4,31854.999770220587,8704,1112,277265918.0,6379.0,73.29,623.95,-265.55,Eicher Motors,31523.4,0.22000241621151773,30490.347499999996,29099.684000000005,
2017-08-22,31733.3,31838.75,30922.8,30997.8,31308.135104578854,1769,708,55384091.0,482.0,27.25,915.95,-735.5,Eicher Motors,30997.8,-1.667332838462865,30598.0825,29124.67,
2017-08-23,30900.0,31204.75,30260.0,30651.65,30608.99409216227,2539,993,77716236.0,750.0,29.54,944.75,-248.35,Eicher Motors,30651.65,-1.116692152346288,30711.835000000003,29151.468999999997,
2017-08-24,30678.7,30939.0,30525.0,30806.75,30756.656279508967,2118,803,65142598.0,322.0,15.2,414.0,128.05,Eicher Motors,30806.75,0.5060086488003046,30804.210000000003,29184.009,
2017-08-28,30806.0,31894.9,30806.0,31277.0,31448.890793650797,3150,1295,99064006.0,918.0,29.14,1088.9,471.0,Eicher Motors,31277.0,1.5264511835880068,30914.9775,29229.067000000003,
2017-08-29,31277.0,31319.85,30724.75,30846.45,30944.95919828203,1397,612,43230108.0,551.0,39.44,595.1,-430.55,Eicher Motors,30846.45,-1.3765706429644808,30990.672499999997,29269.906000000003,
2017-08-30,31099.8,31384.55,30911.0,30973.7,31164.991701244813,1205,518,37553815.0,341.0,28.3,473.55,-126.1,Eicher Motors,30973.7,0.4125272113971068,31037.327499999996,29314.926999999996,
2017-08-31,30980.0,31500.0,30600.0,31404.25,30973.666768339175,6557,1189,203094333.0,4505.0,68.71,900.0,424.25,Eicher Motors,31404.25,1.3900502684535576,31035.6875,29373.711999999996,
2017-09-01,31548.0,31976.95,31334.9,31713.8,31735.493432203388,4720,1562,149791529.0,581.0,12.31,642.05,165.8,Eicher Motors,31713.8,0.9856946113981468,31062.745000000003,29450.421000000002,
2017-09-04,31950.0,31950.0,31432.05,31685.15,31659.701266857377,2447,803,77471289.0,844.0,34.49,517.95,-264.85,Eicher Motors,31685.15,-0.09033922141149509,31111.8375,29532.885,
2017-09-05,31505.25,31995.9,31505.25,31883.8,31858.449029583568,5307,581,169072789.0,4254.0,80.16,490.65,378.55,Eicher Motors,31883.8,0.6269498487461833,31126.489999999998,29617.504,
2017-09-06,31691.1,32167.95,31674.0,32040.9,31917.29451038576,2696,843,86049026.0,1491.0,55.3,493.95,349.8,Eicher Motors,32040.9,0.4927267138797875,31128.152499999997,29714.874000000003,
2017-09-07,32449.8,33261.95,32364.8,32786.4,32835.61962365592,7440,2905,244297010.0,1668.0,22.42,897.15,336.6,Eicher Motors,32786.4,2.3267136690916956,31160.692499999997,29837.222,
2017-09-08,33390.0,33483.95,32500.0,32628.7,33032.52258064516,5890,2659,194561558.0,1399.0,23.75,983.95,-761.3,Eicher Motors,32628.7,-0.48099211868335434,31216.1,29945.244,
2017-09-11,32625.05,32769.6,32410.0,32466.75,32574.541656888054,4261,894,138800122.0,2927.0,68.69,359.6,-158.3,Eicher Motors,32466.75,-0.4963421772856469,31329.8,30045.855,
2017-09-12,32551.25,32677.55,32333.0,32582.3,32530.73482565648,2323,946,75568897.0,623.0,26.82,344.55,31.05,Eicher Motors,32582.3,0.3559025772521096,31478.125,30157.227000000003,
2017-09-13,32600.0,32600.0,32100.0,32210.9,32348.696696696697,999,511,32316348.0,437.0,43.74,500.0,-389.1,Eicher Motors,32210.9,-1.1398826970471676,31568.572500000002,30246.403,
2017-09-14,32499.0,32499.0,31890.0,32059.4,32069.060009601537,2083,815,66799852.0,522.0,25.06,609.0,-439.6,Eicher Motors,32059.4,-0.47033768072298754,31642.047500000004,30330.752,
2017-09-15,32062.0,32071.95,31678.05,31956.2,31849.58080260304,1844,731,58730627.0,403.0,21.85,393.9,-105.8,Eicher Motors,31956.2,-0.3219024685427674,31697.475,30408.912,
2017-09-18,32184.5,32796.95,32146.05,32763.85,32615.808492922562,2402,773,78343172.0,733.0,30.52,650.9,579.35,Eicher Motors,32763.85,2.527365581639862,31762.9575,30510.158000000003,
2017-09-19,32978.0,32978.0,32305.0,32354.85,32526.33607611211,3889,513,126494921.0,2987.0,76.81,673.0,-623.15,Eicher Motors,32354.85,-1.2483270433724991,31804.53,30600.123,
2017-09-20,32500.0,32629.15,32244.3,32388.0,32409.08080808081,1089,454,35293489.0,271.0,24.89,384.85,-112.0,Eicher Motors,32388.0,0.1024575913657566,31874.039999999997,30689.307999999997,
2017-09-21,32366.3,32568.6,31699.95,31832.0,31994.33113311331,1818,732,58165694.0,618.0,33.99,868.65,-534.3,Eicher Motors,31832.0,-1.716685192046441,31933.057499999995,30763.446,
2017-09-22,31948.0,31948.0,31300.3,31522.8,31497.15992532669,1607,629,50615936.0,579.0,36.03,647.7,-425.2,Eicher Motors,31522.8,-0.9713495853229448,31968.859999999997,30828.941000000003,
2017-09-25,31900.0,31900.0,30599.9,30970.45,31052.812627886586,3421,1186,106231672.0,1381.0,40.37,1300.1,-929.55,Eicher Motors,30970.45,-1.752223787227014,31953.532499999994,30887.28,
2017-09-26,30880.0,31092.8,30534.0,30823.85,30783.474166121647,1529,727,47067932.0,354.0,23.15,558.8,-56.15,Eicher Motors,30823.85,-0.473354439473761,31952.402500000004,30945.871,
2017-09-27,30911.0,31102.9,30361.9,30466.7,30581.98839050132,1895,706,57952868.0,549.0,28.97,741.0,-444.3,Eicher Motors,30466.7,-1.1586806969278607,31927.0525,30994.186,
2017-09-28,30521.9,30600.9,29949.85,30168.45,30019.002669632922,8990,1054,269870834.0,1456.0,16.2,651.05,-353.45,Eicher Motors,30168.45,-0.9789376598056232,31865.2625,31026.193,
2017-09-29,30488.0,31264.15,30408.75,31179.95,31038.759464627154,2615,938,81166356.0,427.0,16.33,855.4,691.95,Eicher Motors,31179.95,3.3528404674419754,31838.57,31066.172,
2017-10-03,31505.1,31974.4,30918.0,31157.75,31182.62887263339,4648,1204,144936859.0,2852.0,61.36,1056.4,-347.35,Eicher Motors,31157.75,-0.07119960102566214,31812.2,31105.315,
2017-10-04,31399.0,31399.0,30815.2,30903.4,31001.57535641548,982,423,30443547.0,225.0,22.91,583.8,-495.6,Eicher Motors,30903.4,-0.8163298055860801,31763.180000000004,31146.218000000004,
2017-10-05,31100.0,31189.95,30646.35,30787.55,30849.333333333332,1221,603,37667036.0,383.0,31.37,543.6,-312.45,Eicher Motors,30787.55,-0.37487784515620737,31700.5125,31185.107000000004,
2017-10-06,30870.0,31699.0,30840.0,31538.2,31303.825268817203,2232,883,69870138.0,1016.0,45.52,859.0,668.2,Eicher Motors,31538.2,2.438160879966089,31638.1025,31248.339,
2017-10-09,31599.15,31928.95,31335.6,31794.85,31739.868407578084,1953,789,61987963.0,510.0,26.11,593.35,195.7,Eicher Motors,31794.85,0.8137750410613043,31596.410000000003,31305.050999999996,
2017-10-10,31922.05,32066.0,31553.6,31605.65,31930.772063298846,6572,679,209849034.0,5631.0,85.68,512.4,-316.4,Eicher Motors,31605.65,-0.5950649240364259,31553.355000000003,31355.931,
2017-10-11,31605.65,31749.0,30300.0,31251.15,31273.2656641604,2793,1081,87346231.0,516.0,18.47,1449.0,-354.5,Eicher Motors,31251.15,-1.1216348975578772,31486.797499999997,31394.303,
2017-10-12,31101.0,31445.9,31069.1,31285.35,31293.24633821571,751,357,23501228.0,232.0,30.89,376.8,184.35,Eicher Motors,31285.35,0.10943597275618888,31440.52,31419.198000000004,
2017-10-13,31211.0,31596.15,31211.0,31368.2,31369.0,867,410,27196923.0,220.0,25.37,385.15,157.2,Eicher Motors,31368.2,0.2648204351237915,31405.96,31417.821,SELL
2017-10-16,31500.0,31920.0,31500.0,31736.2,31740.7529228371,1283,552,40723386.0,230.0,17.93,420.0,236.2,Eicher Motors,31736.2,1.173162629669533,31394.96,31429.091999999997,
2017-10-17,31628.15,31900.0,31332.0,31829.25,31652.9410745234,1154,432,36527494.0,287.0,24.87,568.0,201.1,Eicher Motors,31829.25,0.29319830351459686,31348.230000000003,31451.611,
2017-10-18,31830.0,31830.0,31350.05,31477.5,31511.927272727273,1045,427,32929964.0,353.0,33.78,479.95,-352.5,Eicher Motors,31477.5,-1.1051155776526267,31304.3625,31449.346,
2017-10-19,31600.0,31693.25,31251.0,31486.3,31533.109375,256,124,8072476.0,99.0,38.67,442.25,-113.7,Eicher Motors,31486.3,0.027956476848545186,31259.277500000004,31438.918999999998,
2017-10-23,31500.0,31633.55,30895.05,31140.85,31169.53371868979,1557,646,48530964.0,260.0,16.7,738.5,-359.15,Eicher Motors,31140.85,-1.09714383716093,31224.72,31419.024000000005,
2017-10-24,31001.15,31712.0,31001.15,31466.1,31356.63113604488,1426,472,44714556.0,412.0,28.89,710.85,464.95,Eicher Motors,31466.1,1.0444480481425433,31221.885,31417.935,
2017-10-25,31400.0,31847.05,31345.8,31696.45,31623.035152636447,1081,458,34184501.0,382.0,35.34,501.25,296.45,Eicher Motors,31696.45,0.7320576747674501,31258.185000000005,31448.009,
2017-10-26,31696.0,31800.0,31357.0,31494.7,31541.940968122784,1694,703,53432048.0,253.0,14.94,443.0,-201.3,Eicher Motors,31494.7,-0.6365066119391916,31291.727499999997,31485.587000000003,
2017-10-27,31400.0,31914.0,31400.0,31782.85,31777.946826758147,1166,464,37053086.0,268.0,22.98,514.0,382.85,Eicher Motors,31782.85,0.9149158429830884,31357.534999999996,31513.205,
2017-10-30,32000.0,32500.0,31950.0,32360.75,32321.914110429447,2282,805,73758608.0,726.0,31.81,550.0,360.75,Eicher Motors,32360.75,1.8182762087100457,31467.15,31548.621999999996,
2017-10-31,32290.0,32762.9,32239.65,32287.5,32420.985767790266,1335,518,43282016.0,493.0,36.93,523.25,-2.5,Eicher Motors,32287.5,-0.22635445717420488,31522.527499999997,31577.418999999998,
2017-11-01,32351.0,32510.9,30880.9,30929.75,31190.914654554148,12549,2594,391414788.0,7476.0,59.57,1630.0,-1421.25,Eicher Motors,30929.75,-4.205187766163377,31511.127499999995,31566.93,
2017-11-02,30935.0,31415.75,30935.0,31151.5,31191.334905660377,1272,623,39675378.0,372.0,29.25,480.75,216.5,Eicher Motors,31151.5,0.7169472756811901,31523.532499999994,31559.492,
2017-11-03,31153.0,31424.0,30750.0,31168.85,31043.406185567008,1455,706,45168156.0,367.0,25.22,674.0,15.85,Eicher Motors,31168.85,0.05569555238109647,31542.597500000003,31562.913000000004,
2017-11-06,31235.0,31418.0,30931.25,31097.85,31185.685385169185,1389,532,43316917.0,506.0,36.43,486.75,-137.15,Eicher Motors,31097.85,-0.22779152904262023,31520.579999999998,31571.836999999996,
2017-11-07,31200.0,31250.0,30954.3,31146.6,31089.924731182797,1674,741,52044534.0,613.0,36.62,295.7,-53.4,Eicher Motors,31146.6,0.15676324890627757,31488.1675,31578.634,
2017-11-08,31160.0,31300.0,31042.1,31120.55,31149.102564102563,936,355,29155560.0,381.0,40.71,257.9,-39.45,Eicher Motors,31120.55,-0.08363673723617016,31463.9125,31575.505,
2017-11-09,31109.55,31231.3,30610.2,30819.75,30864.487143849892,1439,744,44413997.0,527.0,36.62,621.1,-289.8,Eicher Motors,30819.75,-0.9665638942756405,31442.342500000006,31574.971,
2017-11-10,30900.0,30939.95,30374.25,30478.65,30545.39067944251,2296,941,70132217.0,751.0,32.71,565.7,-421.35,Eicher Motors,30478.65,-1.106757841968209,31402.007499999996,31565.07,
2017-11-13,30700.0,31050.0,30490.0,30561.85,30632.151291512917,1355,582,41506565.0,610.0,45.02,560.0,-138.15,Eicher Motors,30561.85,0.2729779698247725,31361.690000000002,31548.222,
2017-11-14,30565.0,30960.0,29648.0,30083.2,30177.854137725735,5039,2406,152066207.0,798.0,15.84,1312.0,-481.8,Eicher Motors,30083.2,-1.5661682784255504,31279.04,31515.61,
2017-11-15,30151.0,30635.0,30046.95,30476.15,30377.741391941392,2730,1069,82931234.0,750.0,27.47,588.05,325.15,Eicher Motors,30476.15,1.3062107754494123,31211.385000000002,31491.43,
2017-11-16,30456.0,30731.15,30398.55,30483.95,30545.087809917357,968,487,29567645.0,258.0,26.65,332.6,27.95,Eicher Motors,30483.95,0.025593783991739727,31161.707499999997,31463.433000000005,
2017-11-17,30580.0,30780.0,30519.15,30637.6,30685.789932236203,1033,444,31698421.0,412.0,39.88,260.85,57.6,Eicher Motors,30637.6,0.5040357302777299,31119.2725,31435.367,
2017-11-20,30603.3,30775.8,30450.0,30650.25,30611.55128205128,312,189,9550804.0,109.0,34.94,325.8,46.95,Eicher Motors,30650.25,0.04128913491918684,31094.7425,31392.644,
2017-11-21,30320.0,31499.0,30259.35,30397.25,30535.414120126447,949,419,28978108.0,389.0,40.99,1239.65,77.25,Eicher Motors,30397.25,-0.8254418805719421,31041.3,31348.015,
2017-11-22,30400.0,30610.95,30151.0,30198.05,30243.033347228007,7197,230,217659111.0,142.0,1.97,459.95,-201.95,Eicher Motors,30198.05,-0.6553224387074508,30966.379999999997,31302.641,
2017-11-23,30151.0,30680.0,30151.0,30635.95,30532.4416,1875,550,57248328.0,1058.0,56.43,529.0,484.95,Eicher Motors,30635.95,1.4500936318735835,30923.442499999997,31263.714,
2017-11-24,30536.5,31026.0,30536.5,30808.2,30848.73222875468,7484,389,230871912.0,6936.0,92.68,489.5,271.7,Eicher Motors,30808.2,0.5622479472645603,30874.710000000003,31235.66,
2017-11-27,30805.9,31072.65,30763.1,30831.35,30922.327868852455,671,348,20748882.0,290.0,43.22,309.55,25.45,Eicher Motors,30831.35,0.07514233223622213,30798.24,31211.099,
2017-11-28,30760.0,30830.9,30425.05,30512.05,30593.895791583167,998,436,30532708.0,406.0,40.68,405.85,-247.95,Eicher Motors,30512.05,-1.0356341840367045,30709.467500000006,31182.216,
2017-11-29,30859.0,30859.0,30140.0,30234.8,30547.976212578324,8618,557,263262459.0,7524.0,87.31,719.0,-624.2,Eicher Motors,30234.8,-0.9086573992897917,30674.72,31131.635,
2017-11-30,30200.0,30239.95,29900.0,29981.05,30079.41158059468,1278,616,38441488.0,637.0,49.84,339.95,-218.95,Eicher Motors,29981.05,-0.8392646883723431,30616.197500000002,31084.159,
2017-12-01,30206.0,30363.95,29166.8,29302.5,29797.722781930446,3077,1240,91687593.0,938.0,30.48,1197.15,-903.5,Eicher Motors,29302.5,-2.2632629611037625,30522.879999999997,31022.449,
2017-12-04,29303.0,29717.05,29221.1,29399.1,29411.572916666664,960,487,28235110.0,349.0,36.35,495.95,96.1,Eicher Motors,29399.1,0.3296647043767642,30437.942499999997,30973.791,
2017-12-05,29398.0,29398.0,28521.55,28920.05,28824.21965065502,2290,1069,66007463.0,889.0,38.82,876.45,-477.95,Eicher Motors,28920.05,-1.6294716504926976,30326.615,30921.736,
2017-12-06,29550.55,29550.55,28150.0,28204.75,28442.52380952381,2058,944,58534714.0,782.0,38.0,1400.55,-1345.8,Eicher Motors,28204.75,-2.4733705508807824,30180.825,30866.422000000002,
2017-12-07,28500.0,28975.0,28100.0,28857.05,28676.413526328924,4007,1437,114906389.0,1762.0,43.97,875.0,357.05,Eicher Motors,28857.05,2.3127310116203725,30082.689999999995,30827.086,
2017-12-08,28704.15,29224.95,28502.35,29005.05,28935.415862068963,1450,639,41956353.0,456.0,31.45,722.6,300.9,Eicher Motors,29005.05,0.5128729374624275,30009.010000000002,30797.853,
2017-12-11,29344.65,29650.0,29200.05,29242.8,29409.963382157122,1502,606,44173765.0,537.0,35.75,449.95,-101.85,Eicher Motors,29242.8,0.8196848479833596,29943.057499999995,30779.34,
2017-12-12,29216.65,29216.65,28515.05,28610.1,28725.3748960931,1203,598,34556626.0,501.0,41.65,701.6,-606.55,Eicher Motors,28610.1,-2.1636095038778835,29869.402500000004,30727.943000000003,
2017-12-13,29198.75,29198.75,28268.0,28689.5,28738.851228070173,1425,612,40952863.0,481.0,33.75,930.75,-509.25,Eicher Motors,28689.5,0.2775243707641817,29780.07,30678.578,
2017-12-14,28763.15,28914.65,28500.05,28702.95,28616.43155031732,3309,435,94691772.0,2777.0,83.92,414.6,-60.2,Eicher Motors,28702.95,0.046881263179909816,29691.02,30634.569,
2017-12-15,29150.0,29579.95,28925.3,29503.35,29374.18959731544,1192,517,35014034.0,615.0,51.59,654.65,353.35,Eicher Motors,29503.35,2.7885635448620993,29634.307500000003,30608.885,
2017-12-18,29800.0,29999.0,28855.1,29909.5,29722.45849546044,1542,662,45832031.0,504.0,32.68,1143.9,109.5,Eicher Motors,29909.5,1.3766233326045985,29597.27,30576.311,
2017-12-19,30000.0,31000.0,30000.0,30794.95,30632.95842227378,21550,4929,660140254.0,11771.0,54.62,1000.0,794.95,Eicher Motors,30794.95,2.9604306324077623,29617.155000000006,30556.313000000002,
2017-12-20,31100.0,31100.0,30020.0,30254.75,30869.25794581334,27719,1041,855664961.0,25534.0,92.12,1080.0,-845.25,Eicher Motors,30254.75,-1.7541837216816458,29619.99,30529.295,
2017-12-21,30260.0,30480.85,30064.45,30221.4,30266.5219858156,705,334,21337898.0,197.0,27.94,416.4,-38.6,Eicher Motors,30221.4,-0.11023062494318614,29599.2625,30508.7,
2017-12-22,30364.25,30699.85,30050.0,30247.85,30334.87551020408,1960,861,59456356.0,398.0,20.31,649.85,-116.4,Eicher Motors,30247.85,0.0875207634325248,29571.245000000003,30487.95,
2017-12-26,30250.75,30462.85,29977.05,30121.0,30123.79152426521,1463,582,44071107.0,519.0,35.48,485.8,-129.75,Eicher Motors,30121.0,-0.41936864934201123,29535.7275,30463.006,
2017-12-27,30324.65,30324.65,30100.0,30164.0,30184.02545454545,550,270,16601214.0,136.0,24.73,224.65,-160.65,Eicher Motors,30164.0,0.1427575445702267,29518.325,30431.562,
2017-12-28,30000.1,30289.5,29700.0,29951.75,30082.7963963964,1110,597,33391904.0,403.0,36.31,589.5,-48.35,Eicher Motors,29951.75,-0.7036533616231244,29504.172500000004,30394.012000000002,
2017-12-29,29939.3,30380.0,29939.3,30290.55,30140.519575315197,1507,500,45421763.0,439.0,29.13,440.7,351.25,Eicher Motors,30290.55,1.1311526037710573,29519.6475,30370.273,
2018-01-01,30472.0,30472.0,29857.2,29901.3,30082.833568406204,709,308,21328729.0,270.0,38.08,614.8,-570.7,Eicher Motors,29901.3,-1.2850542495926986,29549.5875,30338.572999999997,
2018-01-02,30350.0,30350.0,28600.0,28697.45,29047.45673076923,5200,2583,151046775.0,1811.0,34.83,1750.0,-1652.55,Eicher Motors,28697.45,-4.026079133683147,29514.504999999997,30289.705,
2018-01-03,28961.95,28997.9,28551.0,28794.6,28765.67921146953,3906,1325,112358743.0,1442.0,36.92,446.9,-167.35,Eicher Motors,28794.6,0.338531820771526,29508.232499999995,30236.275,
2018-01-04,28801.0,28962.45,28412.9,28574.7,28607.315484804632,2073,851,59302965.0,794.0,38.3,549.55,-226.3,Eicher Motors,28574.7,-0.7636848575774513,29526.73,30173.84,
2018-01-05,28715.6,29300.0,28715.55,29250.85,28849.396735097696,8086,747,233276222.0,4115.0,50.89,584.45,535.25,Eicher Motors,29250.85,2.3662540639096674,29546.420000000002,30128.963,
2018-01-08,29450.0,29450.0,29075.0,29131.3,29185.901606425705,1494,682,43603737.0,415.0,27.78,375.0,-318.7,Eicher Motors,29131.3,-0.40870607178936647,29552.732500000002,30075.932,
2018-01-09,29135.0,29199.95,28509.25,28594.0,28668.69368575624,3405,1261,97616902.0,1223.0,35.92,690.7,-541.0,Eicher Motors,28594.0,-1.8444079048995365,29520.292500000003,30000.597,
2018-01-10,28998.0,28998.0,28050.0,28100.25,28228.756731662023,3231,1360,91207113.0,1048.0,32.44,948.0,-897.75,Eicher Motors,28100.25,-1.72676085892145,29494.8,29916.852000000003,
2018-01-11,28399.0,28450.0,27835.25,28382.95,28055.19925351708,3483,1120,97716259.0,1753.0,50.33,614.75,-16.05,Eicher Motors,28382.95,1.0060408715224956,29479.472499999996,29865.916,
2018-01-12,28750.0,28750.0,28200.0,28514.4,28514.620233463036,2570,1115,73282574.0,611.0,23.77,550.0,-235.6,Eicher Motors,28514.4,0.46313015384236156,29470.045000000002,29813.174,
2018-01-15,28651.0,28783.7,27889.75,27991.15,28095.193601044728,3063,1403,86055578.0,1447.0,47.24,893.95,-659.85,Eicher Motors,27991.15,-1.8350377353197,29394.435000000005,29749.62,
2018-01-16,27990.0,28149.9,27700.0,27906.55,27870.743144654087,3975,1065,110786204.0,1957.0,49.23,449.9,-83.45,Eicher Motors,27906.55,-0.30223838606131537,29294.2875,29685.794000000005,
2018-01-17,27907.0,28260.0,27710.0,28193.9,27906.937262357413,1578,744,44037147.0,402.0,25.48,550.0,286.9,Eicher Motors,28193.9,1.0296865789572784,29164.234999999997,29626.74,
2018-01-18,28289.35,28440.0,27801.0,27926.35,28114.29045853001,5932,2121,166773971.0,2234.0,37.66,639.0,-363.0,Eicher Motors,27926.35,-0.9489641376326241,29047.814999999995,29562.856,
2018-01-19,28069.85,28148.9,27760.05,27987.45,28022.263791267305,9390,1097,263129057.0,7780.0,82.85,388.85,-82.4,Eicher Motors,27987.45,0.2187897809774686,28936.117500000004,29506.21,
2018-01-22,28015.05,28015.05,27543.55,27652.0,27743.95347313237,1526,754,42337273.0,689.0,45.15,471.5,-363.05,Eicher Motors,27652.0,-1.1985729317962157,28806.325,29449.677000000003,
2018-01-23,27718.05,27725.1,27075.0,27112.9,27293.8511060692,3526,1640,96238119.0,1397.0,39.62,650.1,-605.15,Eicher Motors,27112.9,-1.949587733256175,28655.919999999995,29380.697999999997,
2018-01-24,27099.8,27099.8,26300.0,26400.85,26716.24432320849,6782,2035,181189569.0,4402.0,64.91,799.8,-698.95,Eicher Motors,26400.85,-2.6262406455967557,28467.7625,29307.051,
2018-01-25,26490.0,26724.55,26226.65,26524.95,26368.77753229912,20821,1368,549024317.0,18996.0,91.23,497.9,34.95,Eicher Motors,26524.95,0.4700606230481297,28296.422499999997,29228.027000000002,
2018-01-29,26600.0,27824.15,26000.0,27463.45,27284.44249466445,4217,1901,115058494.0,1675.0,39.72,1824.15,863.45,Eicher Motors,27463.45,3.538178205802467,28155.067499999997,29167.617,
2018-01-30,27500.0,27500.0,26552.15,26653.1,26938.88303601481,71304,1493,1920850116.0,68529.0,96.11,947.85,-846.9,Eicher Motors,26653.1,-2.950648953427204,27992.6575,29087.927000000003,
2018-01-31,26700.0,27394.7,26550.5,26948.9,26965.4881477398,3628,1585,97830791.0,699.0,19.27,844.2,248.9,Eicher Motors,26948.9,1.1098146181870217,27905.23,29013.9,
2018-02-01,26940.0,28199.95,26701.25,27995.35,27447.119689355874,4378,2316,120163490.0,1178.0,26.91,1498.7,1055.35,Eicher Motors,27995.35,3.8830898478230846,27865.267500000005,28965.862,
2018-02-02,28000.0,28495.0,27244.0,27738.8,28033.207846410685,3594,1674,100751349.0,676.0,18.81,1251.0,-261.2,Eicher Motors,27738.8,-0.9164021882205442,27823.472499999996,28916.677000000003,
2018-02-05,27489.6,27788.95,27300.0,27575.95,27575.236842105263,1444,600,39818642.0,341.0,23.61,488.95,86.35,Eicher Motors,27575.95,-0.5870837959825126,27739.7275,28855.477000000003,
2018-02-06,26849.95,28006.0,26112.1,27567.95,27162.81519919652,2987,1291,81135329.0,610.0,20.42,1893.9,718.0,Eicher Motors,27567.95,-0.029010786573080427,27661.559999999998,28790.672000000002,
2018-02-07,27999.0,28440.0,27135.95,27997.6,27968.67058034217,14905,2196,416873035.0,993.0,6.66,1304.05,-1.4,Eicher Motors,27997.6,1.5585126931817461,27631.739999999998,28733.997000000003,
2018-02-08,28198.0,28326.05,27858.05,28116.75,28139.13005272408,3983,1493,112078155.0,1082.0,27.17,468.0,-81.25,Eicher Motors,28116.75,0.4255721919021793,27632.564999999995,28686.091,
2018-02-09,27700.0,27959.75,27585.05,27743.1,27757.71422261484,2264,989,62843465.0,674.0,29.77,374.7,43.1,Eicher Motors,27743.1,-1.328923150790906,27600.5725,28636.256999999998,
2018-02-12,27950.4,28016.4,27729.5,27873.65,27881.81539888683,1078,440,30056597.0,401.0,37.2,286.9,-76.75,Eicher Motors,27873.65,0.470567456412585,27568.534999999996,28594.109000000004,
2018-02-14,27820.0,28200.0,27740.75,28020.75,28029.63169642857,1792,700,50229100.0,540.0,30.13,459.25,200.75,Eicher Motors,28020.75,0.5277385631232256,27570.015000000003,28568.474000000002,
2018-02-15,28140.0,28400.0,28113.4,28322.4,28309.520469619576,13117,837,371335980.0,859.0,6.55,286.6,182.4,Eicher Motors,28322.4,1.076523647653982,27590.807500000003,28546.94,
2018-02-16,28355.0,28402.95,27197.0,27350.1,27629.942897930046,2802,1173,77419100.0,827.0,29.51,1205.95,-1004.9,Eicher Motors,27350.1,-3.432971782052374,27548.6175,28515.541,
2018-02-19,27352.0,27567.0,26715.55,27083.1,27111.4301430143,1818,832,49288580.0,436.0,23.98,851.45,-268.9,Eicher Motors,27083.1,-0.9762304342580075,27506.454999999998,28493.107999999997,
2018-02-20,27125.0,27400.1,26810.25,26924.6,27140.078571428567,1260,568,34196499.0,234.0,18.57,589.85,-200.4,Eicher Motors,26924.6,-0.5852358112623746,27453.3125,28454.459,
2018-02-21,27084.95,27498.95,27017.5,27379.35,27271.8981018981,2002,894,54598340.0,723.0,36.11,481.45,294.4,Eicher Motors,27379.35,1.68897588079302,27439.68,28421.945,
2018-02-22,27173.1,27210.0,26602.0,26805.45,26994.1717325228,1316,596,35524330.0,513.0,38.98,608.0,-367.65,Eicher Motors,26805.45,-2.0961052764218224,27424.307500000003,28373.198000000004,
2018-02-23,27025.0,27166.95,26546.05,26717.35,26692.329469188528,1639,808,43748728.0,558.0,34.05,620.9,-307.65,Eicher Motors,26717.35,-0.3286645066581717,27440.1325,28335.342999999997,
2018-02-26,27000.0,27290.0,26749.25,27181.05,27105.410364886306,1891,839,51256331.0,772.0,40.82,540.75,181.05,Eicher Motors,27181.05,1.7355763202563157,27472.9375,28305.174,
2018-02-27,27274.05,27337.15,27050.0,27141.65,27155.897959183676,1323,536,35927253.0,388.0,29.33,287.15,-132.4,Eicher Motors,27141.65,-0.14495392929999573,27456.847499999996,28273.947999999997,
2018-02-28,26860.1,27555.0,26577.0,27421.45,27294.72102747909,1674,705,45691363.0,692.0,41.34,978.0,561.35,Eicher Motors,27421.45,1.0308879526484072,27495.265000000003,28232.31,
2018-03-01,27356.0,27960.5,27280.9,27734.85,27724.374860956617,1798,990,49848426.0,458.0,25.47,679.6,378.85,Eicher Motors,27734.85,1.1429009042191351,27534.5625,28188.816999999995,
2018-03-05,27682.75,27796.75,27450.0,27563.3,27560.490906177387,12481,509,343982487.0,410.0,3.28,346.75,-119.45,Eicher Motors,27563.3,-0.6185358853572298,27512.96,28124.183999999997,
2018-03-06,27754.8,27777.95,27300.0,27421.1,27463.162197514717,1529,625,41991175.0,642.0,41.99,477.95,-333.7,Eicher Motors,27421.1,-0.5159033932801926,27497.075,28067.511000000002,
2018-03-07,27400.1,27627.2,27341.95,27450.15,27471.735028712057,1219,519,33488045.0,436.0,35.77,285.25,50.05,Eicher Motors,27450.15,0.10594031603401444,27490.784999999996,28012.086,
2018-03-08,27538.0,27790.0,27450.0,27702.3,27518.668368187056,6073,557,167120873.0,5236.0,86.22,340.0,164.3,Eicher Motors,27702.3,0.9185742154414367,27497.502500000002,27961.175,
2018-03-09,27998.0,28024.15,27672.0,27875.0,27916.9057497988,11183,574,312194757.0,10338.0,92.44,352.15,-123.0,Eicher Motors,27875.0,0.6234139403587413,27491.372499999998,27916.255,
2018-03-12,27895.0,28378.7,27895.0,28323.3,28218.296084049663,1047,425,29544556.0,438.0,41.83,483.7,428.3,Eicher Motors,28323.3,1.6082511210762318,27501.7,27879.441000000003,
2018-03-13,28040.0,28839.0,28040.0,28794.7,28666.93058161351,1599,608,45838422.0,654.0,40.9,799.0,754.7,Eicher Motors,28794.7,1.6643540830341141,27554.28,27856.3,
2018-03-14,28960.0,29040.2,28638.95,28796.15,28885.87404255319,1175,444,33940902.0,409.0,34.81,401.25,-163.85,Eicher Motors,28796.15,0.005035648921514202,27600.405,27826.411999999997,
2018-03-15,28800.0,28900.0,28601.05,28655.35,28766.414834600368,4867,525,140006141.0,4034.0,82.88,298.95,-144.65,Eicher Motors,28655.35,-0.48895425256502145,27632.135,27801.493000000002,
2018-03-16,28750.0,28789.0,27900.0,28048.0,28348.944917376062,1997,824,56612843.0,698.0,34.95,889.0,-702.0,Eicher Motors,28048.0,-2.119499500093347,27618.415,27788.504,
2018-03-19,28175.65,28289.15,27300.0,27421.25,27618.81090909091,1100,480,30380692.0,520.0,47.27,989.15,-754.4,Eicher Motors,27421.25,-2.234562179121502,27621.972499999996,27761.037,
2018-03-20,27450.0,28341.3,27337.95,28286.4,28099.67596972564,2114,952,59402715.0,891.0,42.15,1003.35,836.4,Eicher Motors,28286.4,3.1550348725897015,27682.1375,27755.271,
2018-03-21,28700.0,28700.0,27811.55,27954.5,27982.31650943396,2120,882,59322511.0,872.0,41.13,888.45,-745.5,Eicher Motors,27954.5,-1.173355393404607,27733.632499999996,27729.343999999997,BUY
2018-03-22,28150.0,28466.1,27881.25,28008.6,28207.691075514875,1311,537,36980283.0,503.0,38.37,584.85,-141.4,Eicher Motors,28008.6,0.19352876996547863,27765.094999999994,27706.89,
2018-03-23,27500.0,28002.0,27322.55,27919.3,27758.76039279869,3055,1037,84803013.0,1532.0,50.15,679.45,419.3,Eicher Motors,27919.3,-0.318830644873358,27820.7875,27693.396,
2018-03-26,27800.0,27995.0,27626.15,27840.85,27854.070949185043,2086,626,58103592.0,1189.0,57.0,368.85,40.85,Eicher Motors,27840.85,-0.2809884201967816,27876.9625,27688.208,
2018-03-27,28025.3,28533.9,28025.3,28412.6,28345.26928374656,1452,595,41157331.0,535.0,36.85,508.6,387.3,Eicher Motors,28412.6,2.0536370118010128,27938.539999999997,27688.801,
2018-03-28,28088.05,28669.7,28016.3,28336.95,28285.964991023335,1114,526,31510565.0,518.0,46.5,653.4,248.9,Eicher Motors,28336.95,-0.26625511216853415,27998.305,27685.252,
2018-04-02,28350.0,28787.0,28022.15,28301.4,28542.139136769256,5491,562,156724886.0,4706.0,85.7,764.85,-48.6,Eicher Motors,28301.4,-0.12545457432786566,28042.3025,27691.457,
2018-04-03,28051.25,28170.0,27800.0,28051.95,27966.122051282047,975,457,27266969.0,247.0,25.33,370.0,0.7,Eicher Motors,28051.95,-0.8814051601687578,28058.1575,27694.365,
2018-04-04,28500.0,29257.3,28400.0,28944.4,28931.801506424457,4514,2143,130598152.0,1107.0,24.52,857.3,444.4,Eicher Motors,28944.4,3.181418760549626,28127.2125,27709.375,
2018-04-05,29092.0,29750.0,29092.0,29667.0,29396.853312788902,3245,1470,95392789.0,936.0,28.84,658.0,575.0,Eicher Motors,29667.0,2.4965105512637864,28239.5075,27744.188,
2018-04-06,29655.0,29995.0,29595.05,29793.85,29794.510727190605,8856,938,263860187.0,7587.0,85.67,399.95,138.85,Eicher Motors,29793.85,0.4275794653992637,28356.692499999997,27780.316000000003,
2018-04-09,29796.0,30125.0,29740.0,29849.3,29849.40647341103,20422,1232,609584579.0,19410.0,95.04,385.0,53.3,Eicher Motors,29849.3,0.18611223457190018,28464.042500000003,27824.262,
2018-04-10,29849.0,30171.75,29662.05,29980.75,29975.439550949915,1158,606,34711559.0,312.0,26.94,509.7,131.75,Eicher Motors,29980.75,0.4403788363546157,28569.330000000005,27881.619,
2018-04-11,30050.0,30825.0,29924.3,30689.4,30465.00293255132,3069,1402,93497094.0,1171.0,38.16,900.7,639.4,Eicher Motors,30689.4,2.3636833634915755,28687.635,27967.39,
2018-04-12,30552.0,30899.95,30401.0,30671.8,30719.8838612368,1989,848,61101849.0,732.0,36.8,498.95,119.8,Eicher Motors,30671.8,-0.05734879143939331,28781.49,28050.327,
2018-04-13,30675.0,31498.95,30675.0,31341.55,31125.02437785678,1969,968,61285173.0,854.0,43.37,823.95,666.55,Eicher Motors,31341.55,2.183601875338259,28908.760000000002,28127.889,
2018-04-16,31400.0,31400.0,31001.8,31300.1,31193.692520775625,1444,566,45043692.0,469.0,32.48,398.2,-99.9,Eicher Motors,31300.1,-0.13225255292096394,29040.997500000005,28220.828999999998,
2018-04-17,31300.1,31473.0,30802.0,31039.9,31121.076382942283,5839,466,181715965.0,342.0,5.86,671.0,-260.2,Eicher Motors,31039.9,-0.8313072482196482,29190.5925,28302.648999999998,
2018-04-18,31117.05,31349.3,30829.3,30870.35,31010.507197549767,3265,530,101249306.0,272.0,8.33,520.0,-246.7,Eicher Motors,30870.35,-0.5462324298725285,29363.047500000004,28360.148999999998,
2018-04-19,31051.25,31199.9,30568.2,30902.65,30819.30657127716,3774,995,116312063.0,1976.0,52.36,631.7,-148.6,Eicher Motors,30902.65,0.10463114282799335,29493.860000000004,28423.425999999996,
2018-04-20,30815.05,31250.0,30696.3,31155.0,30914.84640522876,1224,651,37839772.0,407.0,33.25,553.7,339.95,Eicher Motors,31155.0,0.8165966349164222,29653.885000000002,28495.006999999998,
2018-04-23,31150.0,31337.0,30566.4,30934.2,30967.832625482624,5180,621,160413373.0,4247.0,81.99,770.6,-215.8,Eicher Motors,30934.2,-0.7087144920558508,29800.165,28562.332000000002,
2018-04-24,30999.0,31400.0,30836.0,31149.45,31092.970588235294,612,337,19028898.0,139.0,22.71,564.0,150.45,Eicher Motors,31149.45,0.6958317978160045,29961.672499999997,28625.369,
2018-04-25,31188.0,31188.0,30675.0,30739.3,30887.7793764988,834,422,25760408.0,214.0,25.66,513.0,-448.7,Eicher Motors,30739.3,-1.3167166675495112,30106.595,28677.82,
2018-04-26,30869.6,31344.0,30821.15,31188.1,31052.965408805034,636,329,19749686.0,223.0,35.06,522.85,318.5,Eicher Motors,31188.1,1.4600202346832791,30245.370000000003,28746.72,
2018-04-27,31020.0,32209.5,31019.85,31557.55,31831.209077001527,1961,1044,62421001.0,791.0,40.34,1189.65,537.55,Eicher Motors,31557.55,1.1845864287981733,30406.4,28820.397999999997,
2018-04-30,31700.0,31889.35,31111.0,31214.95,31542.34539473684,608,336,19177746.0,205.0,33.72,778.35,-485.05,Eicher Motors,31214.95,-1.0856356085944485,30552.077499999996,28884.281999999996,
2018-05-02,31331.0,31421.65,30320.0,30479.0,30768.56256517205,1918,840,59014103.0,651.0,33.94,1101.65,-852.0,Eicher Motors,30479.0,-2.357684378799263,30673.43,28927.414,
2018-05-03,30699.0,30699.0,29602.75,29905.1,29920.509990485247,1051,505,31446456.0,423.0,40.25,1096.25,-793.9,Eicher Motors,29905.1,-1.882935791856688,30721.464999999997,28978.514,
2018-05-04,29958.3,30048.8,29179.2,29217.3,29446.29647283127,1049,441,30889165.0,438.0,41.75,869.6,-741.0,Eicher Motors,29217.3,-2.2999421503355544,30698.98,29021.198000000004,
2018-05-07,29324.7,29900.0,29111.1,29806.3,29625.80320366133,874,463,25892952.0,253.0,28.95,788.9,481.6,Eicher Motors,29806.3,2.0159289188254936,30699.6025,29078.832,
2018-05-08,29987.0,30475.05,29935.4,30435.25,30273.798646362095,1182,601,35783630.0,410.0,34.69,539.65,448.25,Eicher Motors,30435.25,2.110124369680233,30728.9,29139.95,
2018-05-09,30400.05,30750.0,30000.0,30305.45,30543.826702997278,3670,1379,112095844.0,752.0,20.49,750.0,-94.6,Eicher Motors,30305.45,-0.42647916478425474,30745.135,29209.95,
2018-05-10,30750.0,31159.55,30100.0,30688.6,30557.992090784042,2908,1265,88862641.0,729.0,25.07,1059.55,-61.4,Eicher Motors,30688.6,1.2642940461204066,30745.095,29289.375,
2018-05-11,30655.0,31105.0,30632.8,30861.15,30888.351672862453,1345,593,41544833.0,336.0,24.98,472.2,206.15,Eicher Motors,30861.15,0.5622609047007732,30754.5625,29362.977000000003,
2018-05-14,30836.0,30924.5,30350.05,30471.95,30614.995341614904,1288,535,39432114.0,513.0,39.83,574.45,-364.05,Eicher Motors,30471.95,-1.261132524225439,30711.082499999997,29429.583000000002,
2018-05-15,30454.05,30984.8,30229.4,30742.8,30677.986707566462,978,521,30003071.0,196.0,20.04,755.4,288.75,Eicher Motors,30742.8,0.8888502376775964,30683.2175,29496.01,
2018-05-16,30588.2,30951.5,30370.35,30549.95,30663.70241691843,662,300,20299371.0,208.0,31.42,581.15,-38.25,Eicher Motors,30549.95,-0.6273013518612425,30658.719999999994,29552.312,
2018-05-17,30591.55,30899.0,30388.05,30494.8,30650.179675994106,679,291,20811472.0,242.0,35.64,510.95,-96.75,Eicher Motors,30494.8,-0.18052402704423764,30639.942499999997,29610.942000000003,
2018-05-18,30705.25,30725.0,29772.75,30131.25,30341.407928388744,782,363,23726981.0,291.0,37.21,952.25,-574.0,Eicher Motors,30131.25,-1.1921704684077272,30601.372499999998,29665.145,
2018-05-21,29986.8,30174.75,29341.0,29444.65,29811.09726443769,987,504,29423553.0,250.0,25.33,833.75,-542.15,Eicher Motors,29444.65,-2.278697365691762,30515.855,29705.035,
2018-05-22,29401.0,29971.3,29401.0,29918.0,29805.446920052425,763,399,22741556.0,233.0,30.54,570.3,517.0,Eicher Motors,29918.0,1.607592550768988,30465.045000000002,29749.349,
2018-05-23,29730.0,29765.6,29265.7,29399.25,29455.302415458937,1035,610,30486238.0,358.0,34.59,499.9,-330.75,Eicher Motors,29399.25,-1.7339060097600112,30377.534999999996,29779.834,
2018-05-24,29424.1,29724.25,29280.35,29483.35,29497.1173594132,818,429,24128642.0,237.0,28.97,443.9,59.25,Eicher Motors,29483.35,0.28606171926153223,30314.7375,29803.035,
2018-05-25,29649.45,30248.7,29649.45,30103.3,29991.446078431367,1020,565,30591275.0,289.0,28.33,599.25,453.85,Eicher Motors,30103.3,2.1027122087551087,30260.497500000005,29829.207,
2018-05-28,30222.75,30735.0,30111.3,30636.75,30634.50607287449,741,395,22700169.0,226.0,30.5,623.7,414.0,Eicher Motors,30636.75,1.772064856676847,30214.4575,29866.019,
2018-05-29,30630.0,30747.0,30312.6,30492.95,30575.834331337323,501,238,15318493.0,115.0,22.95,434.4,-137.05,Eicher Motors,30492.95,-0.46937093523301554,30178.357500000002,29902.771,
2018-05-30,30146.25,30969.05,30000.0,30239.35,30176.124361158432,587,264,17713385.0,173.0,29.47,969.05,93.1,Eicher Motors,30239.35,-0.8316676477677754,30166.375,29946.597999999998,
2018-05-31,30500.0,31424.65,30150.0,30647.25,30558.44827586207,2233,780,68237015.0,684.0,30.63,1274.65,147.25,Eicher Motors,30647.25,1.3489046556887097,30203.482500000002,30011.118,
2018-06-01,30500.1,30582.5,29369.3,29788.8,29872.52280805687,3376,1844,100849637.0,751.0,22.25,1213.2,-711.3,Eicher Motors,29788.8,-2.801066979908473,30232.057500000003,30041.166,
2018-06-04,30333.0,30333.0,29309.05,29382.2,29775.78335433007,24607,1070,732692701.0,23259.0,94.52,1023.95,-950.8,Eicher Motors,29382.2,-1.3649425287356243,30210.852499999997,30069.72,
2018-06-05,29429.0,29527.65,29076.3,29261.65,29263.238244514105,1595,734,46674865.0,562.0,35.24,451.35,-167.35,Eicher Motors,29261.65,-0.41028241588444425,30152.172499999997,30094.781000000003,
2018-06-06,29740.0,30020.75,29220.0,29895.5,29748.340425531915,987,412,29361612.0,261.0,26.44,800.75,155.5,Eicher Motors,29895.5,2.1661457915052695,30131.675,30134.305,SELL
2018-06-07,30210.35,30216.3,29532.3,29667.2,29872.725113122167,884,396,26407489.0,297.0,33.6,684.0,-543.15,Eicher Motors,29667.2,-0.7636600826211315,30080.605,30170.832000000002,
2018-06-08,29548.65,29888.0,29307.9,29560.35,29460.94384707288,837,356,24658810.0,298.0,35.6,580.1,11.7,Eicher Motors,29560.35,-0.360162064502223,30015.565000000002,30193.786999999997,
2018-06-11,29590.1,29787.0,29539.0,29639.85,29665.790043290042,462,211,13705595.0,78.0,16.88,248.0,49.75,Eicher Motors,29639.85,0.26894133526835784,29973.960000000003,30219.845,
2018-06-12,29700.05,29961.9,29152.35,29225.2,29458.600364963502,1644,684,48429939.0,660.0,40.15,809.55,-474.85,Eicher Motors,29225.2,-1.3989611958225123,29898.079999999998,30238.321,
2018-06-13,29400.0,29525.0,29300.0,29382.8,29459.894104873216,15657,253,461253562.0,10357.0,66.15,225.0,-17.2,Eicher Motors,29382.8,0.5392606380794529,29839.722500000003,30264.938,
2018-06-14,29348.2,29559.0,29152.35,29531.55,29374.95207253886,772,266,22677463.0,185.0,23.96,406.65,183.35,Eicher Motors,29531.55,0.5062485535755723,29791.559999999998,30276.681,
2018-06-15,29489.35,29650.0,29289.0,29506.4,29479.463312368967,954,357,28123408.0,336.0,35.22,361.0,17.05,Eicher Motors,29506.4,-0.08516315601448943,29760.317499999997,30273.468999999997,
2018-06-18,29572.25,30238.0,29432.6,30125.05,30015.071875,1600,828,48024115.0,678.0,42.38,805.4,552.8,Eicher Motors,30125.05,2.0966637746387073,29794.3375,30280.092999999997,
2018-06-19,29935.75,30099.95,29600.0,29962.3,29847.91018998273,579,291,17281940.0,219.0,37.82,499.95,26.55,Eicher Motors,29962.3,-0.5402480659783104,29796.552499999998,30282.353000000003,
2018-06-20,29930.0,30153.75,29650.0,29764.05,29905.53610108303,554,260,16567667.0,146.0,26.35,503.75,-165.95,Eicher Motors,29764.05,-0.6616648254640034,29814.7925,30278.019000000004,
2018-06-21,30012.15,30012.15,29412.0,29492.5,29598.636239782016,734,347,21725399.0,242.0,32.97,600.15,-519.65,Eicher Motors,29492.5,-0.9123422383714552,29815.25,30254.081000000002,
2018-06-22,29353.1,29398.35,28905.1,29154.65,29102.47364996747,1537,789,44730502.0,645.0,41.96,493.25,-198.45,Eicher Motors,29154.65,-1.1455454776638119,29767.817499999997,30223.737999999998,
2018-06-25,29303.4,29700.0,29155.05,29436.1,29447.137426900583,1026,473,30212763.0,362.0,35.28,544.95,132.7,Eicher Motors,29436.1,0.9653691606656079,29707.784999999996,30185.629000000004,
2018-06-26,29493.45,29547.15,28983.0,29090.05,29251.418811881187,1010,405,29543933.0,493.0,48.81,564.15,-403.4,Eicher Motors,29090.05,-1.1755973107850592,29637.640000000003,30141.428,
2018-06-27,29139.0,29139.0,28289.6,28371.3,28611.81289978678,1876,780,53675761.0,709.0,37.79,849.4,-767.7,Eicher Motors,28371.3,-2.470776090106408,29544.2375,30088.056,
2018-06-28,28290.0,28510.95,27736.5,28373.55,28081.127736663584,12972,1048,364268389.0,11013.0,84.9,774.45,83.55,Eicher Motors,28373.55,0.007930549534207465,29430.5525,30038.12,
2018-06-29,28646.35,28795.3,28425.0,28560.8,28575.85184102864,3422,461,97786565.0,2991.0,87.41,370.3,-85.55,Eicher Motors,28560.8,0.6599456183663976,29369.152499999997,29991.283000000003,
2018-07-02,29000.0,29000.0,27900.0,28200.5,28156.007637017072,2226,755,62675273.0,905.0,40.66,1100.0,-799.5,Eicher Motors,28200.5,-1.2615192851740842,29310.067499999997,29932.193000000003,
2018-07-03,28235.05,28372.35,28050.0,28102.7,28184.1875,560,229,15783145.0,164.0,29.29,322.35,-132.35,Eicher Motors,28102.7,-0.3468023616602478,29252.120000000003,29875.563,
2018-07-04,28181.0,28350.0,28059.45,28256.75,28242.5945709282,1142,367,32253043.0,528.0,46.23,290.55,75.75,Eicher Motors,28256.75,0.5481679696256903,29170.182500000003,29817.709,
2018-07-05,28272.05,28317.0,27900.0,27962.1,28013.13343677269,1289,421,36108929.0,502.0,38.94,417.0,-309.95,Eicher Motors,27962.1,-1.0427596945862594,29084.9275,29762.165,
2018-07-06,27960.0,28200.0,27455.25,27586.0,27830.919384389887,2729,1068,75950579.0,1147.0,42.03,744.75,-374.0,Eicher Motors,27586.0,-1.3450348865070905,28986.21,29690.123,
2018-07-09,28200.0,28200.0,27644.0,27686.6,27784.65941530872,24731,479,687142412.0,489.0,1.98,556.0,-513.4,Eicher Motors,27686.6,0.3646777350830188,28888.547499999997,29612.703999999998,
2018-07-10,27802.95,28399.0,27700.0,28280.7,28070.964155528556,1646,663,46204807.0,809.0,49.15,699.0,477.75,Eicher Motors,28280.7,2.145803385031031,28841.322500000002,29554.019,
2018-07-11,28285.0,28597.4,28088.1,28178.25,28392.565110565112,1221,564,34667322.0,567.0,46.44,509.3,-106.75,Eicher Motors,28178.25,-0.36226118872588753,28781.095,29508.004,
2018-07-12,28288.4,28288.95,27950.0,28020.35,28066.76065891473,1032,438,28964897.0,421.0,40.79,338.95,-268.05,Eicher Motors,28020.35,-0.5603612715480932,28705.535000000003,29470.308999999997,
2018-07-13,28130.05,28179.95,27531.4,27601.3,27633.42134831461,1424,650,39349992.0,530.0,37.22,648.55,-528.75,Eicher Motors,27601.3,-1.4955202201257234,28610.28,29437.988999999998,
2018-07-16,27600.0,27728.95,27051.05,27392.55,27417.623737373735,792,339,21714758.0,265.0,33.46,677.9,-207.45,Eicher Motors,27392.55,-0.7563049566505886,28473.655,29389.714,
2018-07-17,27420.0,27431.75,27001.05,27215.95,27150.180080971655,6175,885,167652362.0,5181.0,83.9,430.7,-204.05,Eicher Motors,27215.95,-0.6447008401919474,28336.3375,29325.328,
2018-07-18,27217.0,27680.0,27160.1,27262.5,27471.775202781,863,360,23708142.0,247.0,28.62,519.9,45.5,Eicher Motors,27262.5,0.1710394088760392,28211.26,29264.468999999997,
2018-07-19,27414.0,27414.0,26850.0,26982.0,27156.431746031743,630,253,17108552.0,247.0,39.21,564.0,-432.0,Eicher Motors,26982.0,-1.0288858321870653,28085.734999999997,29190.337000000003,
2018-07-20,26966.45,27199.0,26802.0,27052.4,26999.998969072163,970,460,26189999.0,399.0,41.13,397.0,85.95,Eicher Motors,27052.4,0.2609146838633114,27980.622499999998,29114.161999999997,
2018-07-23,27800.0,27800.0,26889.5,26999.55,27029.566593886462,916,380,24759083.0,378.0,41.27,910.5,-800.45,Eicher Motors,26999.55,-0.19536159453505952,27858.795000000002,29044.714,
2018-07-24,26950.0,27815.0,26870.05,27700.8,27567.94137638063,1177,485,32447467.0,506.0,42.99,944.95,750.8,Eicher Motors,27700.8,2.5972655099807174,27789.332499999997,28983.874,
2018-07-25,27800.0,27926.45,27112.3,27346.2,27583.86534653465,1010,401,27859704.0,260.0,25.74,814.15,-453.8,Eicher Motors,27346.2,-1.2801074337203233,27738.077500000003,28919.799,
2018-07-26,27526.9,28892.0,27499.65,28266.7,28236.153908464963,2469,988,69715064.0,710.0,28.76,1392.35,739.8,Eicher Motors,28266.7,3.3660983975835723,27732.734999999997,28875.236999999997,
2018-07-27,28500.0,29045.0,28234.35,28963.8,28921.663736759074,4437,600,128325422.0,3539.0,79.76,810.65,463.8,Eicher Motors,28963.8,2.4661527521783633,27752.885000000002,28851.888,
2018-07-30,29067.9,29067.9,28475.0,28570.35,28595.603296703295,910,311,26021999.0,158.0,17.36,592.9,-497.55,Eicher Motors,28570.35,-1.3584198206036513,27771.377500000002,28834.402,
2018-07-31,28575.0,28600.0,27758.75,27820.95,27992.86025998143,2154,636,60296621.0,986.0,45.78,841.25,-754.05,Eicher Motors,27820.95,-2.622999018212935,27757.289999999997,28792.461,
2015-01-01,3100.0,3121.9,3081.6,3107.3,3101.609449501517,9228,1550,28621652.0,2482.0,26.9,40.3,7.3,Hero Motocorp,3107.3,,,,
2015-01-02,3110.0,3117.8,3092.55,3097.75,3103.053846153846,9620,1976,29851378.0,2108.0,21.91,25.25,-12.25,Hero Motocorp,3097.75,-0.3073407781675419,,,
2015-01-05,3100.0,3149.2,3098.55,3118.65,3127.4525399030804,29509,3586,92287997.0,8041.0,27.25,50.65,18.65,Hero Motocorp,3118.65,0.6746832378339063,,,
2015-01-06,3100.0,3100.0,3001.05,3011.8,3043.406582003261,20237,4573,61589419.0,6800.0,33.6,98.95,-88.2,Hero Motocorp,3011.8,-3.4261619611049676,,,
2015-01-07,3005.0,3019.8,2967.05,2977.1,2987.555679287305,16164,3841,48290850.0,3726.0,23.05,52.75,-27.9,Hero Motocorp,2977.1,-1.152134935918725,,,
2015-01-08,2980.0,2998.65,2954.05,2984.45,2976.1535142459797,28043,4622,83460273.0,11150.0,39.76,44.6,4.45,Hero Motocorp,2984.45,0.24688455208088378,,,
2015-01-09,3000.0,3010.0,2968.55,2993.15,2991.347604917338,16513,3060,49396123.0,6163.0,37.32,41.45,-6.85,Hero Motocorp,2993.15,0.2915109986764808,,,
2015-01-12,2990.25,2990.25,2925.65,2936.2,2949.5487969957644,22901,3979,67547617.0,9013.0,39.36,64.6,-54.05,Hero Motocorp,2936.2,-1.9026777809331374,,,
2015-01-13,2925.0,2957.75,2887.25,2893.7,2913.7757107089656,31553,6970,91938365.0,13311.0,42.19,70.5,-31.3,Hero Motocorp,2893.7,-1.4474490838498721,,,
2015-01-14,2882.55,2922.0,2882.55,2905.2,2898.807331771008,41818,6790,121222325.0,22478.0,53.75,39.45,22.65,Hero Motocorp,2905.2,0.3974150741265614,,,
2015-01-15,2915.05,2965.0,2915.05,2950.25,2945.4259872175303,17524,2576,51615645.0,6266.0,35.76,49.95,35.2,Hero Motocorp,2950.25,1.5506677681399017,,,
2015-01-16,2942.0,2954.75,2892.0,2896.85,2913.2399939357183,32980,6813,96078655.0,18554.0,56.26,62.75,-45.15,Hero Motocorp,2896.85,-1.8100161003304804,,,
2015-01-19,2900.0,2920.55,2835.0,2841.75,2865.565497606608,31963,6139,91592070.0,18489.0,57.85,85.55,-58.25,Hero Motocorp,2841.75,-1.902066037247352,,,
2015-01-20,2859.0,2860.0,2797.2,2827.7,2824.0094008264464,38720,8281,109345644.0,19272.0,49.77,62.8,-31.3,Hero Motocorp,2827.7,-0.4944136535585564,,,
2015-01-21,2830.0,2895.75,2830.0,2876.5,2858.8245618938486,35779,6760,102285884.0,17309.0,48.38,65.75,46.5,Hero Motocorp,2876.5,1.725784206245362,,,
2015-01-22,2920.0,2920.0,2815.6,2838.15,2855.0271996215706,38052,6423,108639495.0,13533.0,35.56,104.4,-81.85,Hero Motocorp,2838.15,-1.3332174517642903,,,
2015-01-23,2844.0,2893.5,2844.0,2859.65,2866.4344981205622,21549,4124,61768797.0,8364.0,38.81,49.5,15.65,Hero Motocorp,2859.65,0.7575357186899945,,,
2015-01-27,2880.0,2880.0,2822.05,2856.7,2842.9328521939956,17320,4549,49239597.0,7616.0,43.97,57.95,-23.3,Hero Motocorp,2856.7,-0.10315947755845656,,,
2015-01-28,2862.25,2895.0,2842.2,2865.45,2869.061803700156,19837,5358,56913579.0,8572.0,43.21,52.8,3.2,Hero Motocorp,2865.45,0.30629747610879665,,,
2015-01-29,2864.5,2889.6,2863.55,2875.4,2880.288189077795,15528,2533,44725115.0,5702.0,36.72,26.05,10.9,Hero Motocorp,2875.4,0.34724039854125976,2935.685,,
2015-01-30,2889.85,2937.0,2860.05,2869.55,2905.2960631723504,26214,5073,76159431.0,5833.0,22.25,76.95,-20.3,Hero Motocorp,2869.55,-0.20344995478889238,2923.7974999999997,,
2015-02-02,2874.5,2889.4,2815.0,2834.4,2843.326794279048,23143,4160,65803112.0,7544.0,32.6,74.4,-40.1,Hero Motocorp,2834.4,-1.22493073826907,2910.63,,
2015-02-03,2848.65,2855.85,2793.6,2812.35,2813.5641342178064,67234,6428,189167171.0,32176.0,47.86,62.25,-36.3,Hero Motocorp,2812.35,-0.7779424216765474,2895.315,,
2015-02-04,2780.0,2863.0,2753.85,2829.9,2794.563153648909,69418,8429,193992985.0,22104.0,31.84,109.15,49.9,Hero Motocorp,2829.9,0.6240332817750271,2886.2200000000003,,
2015-02-05,2829.0,2857.6,2825.25,2847.05,2844.596122379673,64782,4753,184278626.0,45596.0,70.38,32.35,18.05,Hero Motocorp,2847.05,0.6060284815717853,2879.7174999999997,,
2015-02-06,2855.0,2855.0,2772.5,2779.5,2788.802748706845,66504,7463,185466538.0,28189.0,42.39,82.5,-75.5,Hero Motocorp,2779.5,-2.3726313201383964,2869.47,,
2015-02-09,2767.0,2767.0,2705.2,2728.5,2726.9106481880003,34851,5751,95035563.0,12711.0,36.47,61.8,-38.5,Hero Motocorp,2728.5,-1.834862385321101,2856.2375,,
2015-02-10,2714.15,2750.0,2690.25,2720.65,2714.0059229238514,191966,9307,520996861.0,157883.0,82.25,59.75,6.5,Hero Motocorp,2720.65,-0.28770386659335845,2845.46,,
2015-02-11,2724.35,2769.0,2700.0,2752.45,2736.433830296337,43464,5628,118936360.0,20095.0,46.23,69.0,28.1,Hero Motocorp,2752.45,1.168838329075772,2838.3975,,
2015-02-12,2760.0,2817.0,2760.0,2805.35,2799.6808747220166,35074,5634,98196007.0,15651.0,44.62,57.0,45.35,Hero Motocorp,2805.35,1.9219241039800883,2833.4049999999997,,
2015-02-13,2845.0,2869.1,2814.8,2852.5,2842.520847121112,21154,3622,60130686.0,5677.0,26.84,54.3,7.5,Hero Motocorp,2852.5,1.680717201062265,2828.5175,,
2015-02-16,2830.0,2859.9,2793.05,2806.25,2814.51685162351,19464,3857,54781756.0,7759.0,39.86,66.85,-23.75,Hero Motocorp,2806.25,-1.6213847502191014,2823.9875,,
2015-02-18,2715.0,2748.0,2645.05,2663.45,2681.700558090996,906483,41653,2430915967.0,191831.0,21.16,102.95,-51.55,Hero Motocorp,2663.45,-5.088641425389762,2815.0724999999998,,
2015-02-19,2677.0,2701.85,2651.1,2667.2,2675.5687044237675,80497,9489,215375254.0,23804.0,29.57,50.75,-9.8,Hero Motocorp,2667.2,0.14079483376823188,2807.0474999999997,,
2015-02-20,2665.0,2682.5,2648.0,2659.85,2668.171547714515,62350,5955,166360496.0,33842.0,54.28,34.5,-5.15,Hero Motocorp,2659.85,-0.2755698860227973,2796.215,,
2015-02-23,2660.0,2665.0,2630.15,2646.8,2645.409592516736,32713,5054,86539284.0,13632.0,41.67,34.85,-13.2,Hero Motocorp,2646.8,-0.49062917081789115,2786.6475,,
2015-02-24,2655.4,2670.0,2641.0,2651.2,2654.970264903869,41298,3678,109644962.0,18103.0,43.84,29.0,-4.2,Hero Motocorp,2651.2,0.1662384766510261,2776.225,,
2015-02-25,2670.0,2670.0,2615.1,2625.55,2634.697414213693,30745,4295,81003772.0,11883.0,38.65,54.9,-44.45,Hero Motocorp,2625.55,-0.9674864212432022,2764.6675,,
2015-02-26,2630.1,2633.65,2602.2,2625.65,2620.31159061219,44398,5191,116336594.0,21006.0,47.31,31.45,-4.45,Hero Motocorp,2625.65,0.0038087257907770677,2752.6775,,
2015-02-27,2630.0,2679.6,2630.0,2670.35,2664.398226082528,70691,8184,188348975.0,41137.0,58.19,49.6,40.35,Hero Motocorp,2670.35,1.702435587378348,2742.425,,
2015-02-28,2673.95,2699.4,2641.8,2682.65,2663.28893864214,33052,5092,88027026.0,7700.0,23.3,57.6,8.7,Hero Motocorp,2682.65,0.4606137772202201,2733.08,,
2015-03-02,2687.0,2703.25,2616.4,2624.75,2637.8894170961435,45016,5394,118747230.0,19550.0,43.43,86.85,-62.25,Hero Motocorp,2624.75,-2.158313607813178,2722.5975,,
2015-03-03,2626.0,2650.0,2600.05,2636.95,2629.90673630356,28146,4315,74021355.0,9741.0,34.61,49.95,10.95,Hero Motocorp,2636.95,0.4648061720163854,2713.8275000000003,,
2015-03-04,2640.0,2675.45,2611.0,2621.4,2646.823954777374,54486,4899,144214850.0,31086.0,57.05,64.45,-18.6,Hero Motocorp,2621.4,-0.5896964295872054,2703.4024999999997,,
2015-03-05,2629.4,2634.0,2591.0,2608.1,2604.6740240117606,48976,6840,127566515.0,17834.0,36.41,43.0,-21.3,Hero Motocorp,2608.1,-0.5073624780651653,2691.4550000000004,,
2015-03-09,2607.95,2607.95,2574.0,2599.65,2591.338078129974,21989,3426,56980933.0,7463.0,33.94,33.95,-8.3,Hero Motocorp,2599.65,-0.32399064453049187,2682.4625,,
2015-03-10,2601.0,2626.0,2600.0,2620.55,2617.120132504056,44376,6743,116137323.0,19125.0,43.1,26.0,19.55,Hero Motocorp,2620.55,0.8039543784740255,2677.065,,
2015-03-11,2616.0,2624.2,2595.0,2617.0,2612.9433316557624,29805,4440,77878776.0,12058.0,40.46,29.2,1.0,Hero Motocorp,2617.0,-0.13546774532064987,2671.8825,,
2015-03-12,2621.0,2647.45,2616.85,2642.65,2639.893255350771,166191,3883,438726500.0,153247.0,92.21,30.6,21.65,Hero Motocorp,2642.65,0.9801299197554458,2666.3925,,
2015-03-13,2660.0,2660.0,2604.05,2609.5,2620.9819220048166,36951,4456,96847903.0,17837.0,48.27,55.95,-50.5,Hero Motocorp,2609.5,-1.2544226439369588,2656.6,2796.508,
2015-03-16,2615.25,2645.0,2600.75,2629.65,2620.5592567632616,20774,2733,54439498.0,5771.0,27.78,44.25,14.4,Hero Motocorp,2629.65,0.7721785782716983,2645.4575,2786.955,
2015-03-17,2648.0,2656.5,2634.8,2652.45,2649.5268562688902,27461,2750,72758657.0,14744.0,53.69,21.7,4.45,Hero Motocorp,2652.45,0.8670355370486549,2637.7675,2778.0490000000004,
2015-03-18,2653.0,2688.75,2640.05,2674.05,2675.936506693807,25546,5529,68359474.0,9646.0,37.76,48.7,21.05,Hero Motocorp,2674.05,0.8143414578974273,2638.2975,2769.1569999999997,
2015-03-19,2680.0,2698.0,2652.3,2665.05,2671.802954391182,30937,3634,82657568.0,14735.0,47.63,45.7,-14.95,Hero Motocorp,2665.05,-0.33656812699837113,2638.1899999999996,2762.222,
2015-03-20,2665.0,2666.0,2605.0,2614.8,2628.6810890142897,87896,4538,231050553.0,71409.0,81.24,61.0,-50.2,Hero Motocorp,2614.8,-1.8855180953453066,2635.9375,2754.9759999999997,
2015-03-23,2610.0,2644.6,2604.25,2638.0,2625.181222526333,12057,2069,31651810.0,3491.0,28.95,40.35,28.0,Hero Motocorp,2638.0,0.8872571515985861,2635.4975000000004,2748.047,
2015-03-24,2644.0,2645.0,2601.0,2607.8,2611.6997253789996,44789,4170,116975419.0,30341.0,67.74,44.0,-36.2,Hero Motocorp,2607.8,-1.1448066717209993,2633.3275,2740.34,
2015-03-25,2623.7,2623.7,2590.0,2595.6,2597.1310494992017,34445,2336,89458179.0,26347.0,76.49,33.7,-28.1,Hero Motocorp,2595.6,-0.46782728736867174,2631.8300000000004,2733.528,
2015-03-26,2599.0,2621.9,2577.4,2608.05,2606.3539515841935,22472,4128,58569986.0,10355.0,46.08,44.5,9.05,Hero Motocorp,2608.05,0.47965788257051667,2630.95,2727.815,
2015-03-27,2601.25,2601.25,2556.4,2576.75,2571.807985480944,27550,3787,70853310.0,14702.0,53.36,44.85,-24.5,Hero Motocorp,2576.75,-1.2001303655988282,2626.27,2721.2460000000005,
2015-03-30,2580.0,2662.25,2564.35,2636.55,2621.681739130435,22425,3570,58791213.0,7008.0,31.25,97.9,56.55,Hero Motocorp,2636.55,2.320752886387889,2623.965,2714.972,
2015-03-31,2643.55,2657.15,2620.1,2642.6,2641.546511627907,27434,2820,72468187.0,15110.0,55.08,37.05,-0.95,Hero Motocorp,2642.6,0.2294665377102545,2624.8575,2709.887,
2015-04-01,2633.9,2667.5,2629.2,2655.6,2650.3249505277045,12128,2196,32143141.0,3469.0,28.6,38.3,21.7,Hero Motocorp,2655.6,0.4919397563006189,2625.79,2706.164,
2015-04-06,2655.5,2678.0,2634.35,2671.8,2659.9819624819625,13860,2129,36867350.0,3488.0,25.17,43.65,16.3,Hero Motocorp,2671.8,0.6100316312697807,2628.3100000000004,2703.046,
2015-04-07,2680.0,2680.0,2622.2,2640.0,2643.716467740589,11981,2224,31674367.0,2019.0,16.85,57.8,-40.0,Hero Motocorp,2640.0,-1.1902088479676665,2629.905,2698.316,
2015-04-08,2657.7,2657.7,2600.15,2605.1,2619.59668379262,17128,2465,44868452.0,7651.0,44.67,57.55,-52.6,Hero Motocorp,2605.1,-1.3219696969697048,2630.1775000000002,2693.655,
2015-04-09,2625.0,2631.0,2602.7,2610.0,2607.2960644007157,84968,3541,221536732.0,70407.0,82.86,28.3,-15.0,Hero Motocorp,2610.0,0.1880925876166062,2629.65,2688.6620000000003,
2015-04-10,2629.0,2629.0,2575.0,2584.25,2597.5442518879327,383091,9356,995095825.0,362916.0,94.73,54.0,-44.75,Hero Motocorp,2584.25,-0.9865900383141724,2628.0125,2683.2129999999997,
2015-04-13,2586.0,2595.45,2567.85,2580.65,2580.4800392423213,26502,5398,68387882.0,16259.0,61.35,27.6,-5.35,Hero Motocorp,2580.65,-0.13930540775853872,2624.9125,2677.5170000000003,
2015-04-15,2581.0,2587.05,2505.0,2523.85,2553.5225608028813,24711,4049,63100096.0,11942.0,48.33,82.05,-57.15,Hero Motocorp,2523.85,-2.2009958731327495,2620.63,2670.4860000000003,
2015-04-16,2525.0,2525.0,2415.0,2428.85,2451.8386152306966,67968,7555,166646567.0,33091.0,48.69,110.0,-96.15,Hero Motocorp,2428.85,-3.764090575905854,2610.5899999999997,2661.672,
2015-04-17,2430.0,2438.1,2383.2,2410.15,2408.418729360438,33007,5588,79494677.0,12730.0,38.57,54.9,-19.85,Hero Motocorp,2410.15,-0.7699116866006439,2598.475,2653.187,
2015-04-20,2409.55,2426.0,2300.0,2314.7,2341.0001477614146,40606,7625,95058652.0,17383.0,42.81,126.0,-94.85,Hero Motocorp,2314.7,-3.9603344190195733,2580.5074999999997,2643.2340000000004,
2015-04-21,2349.9,2349.9,2294.0,2329.45,2321.6007461321824,27341,5569,63474886.0,12437.0,45.49,55.9,-20.45,Hero Motocorp,2329.45,0.6372316066876937,2563.7275,2633.225,
2015-04-22,2348.45,2417.8,2341.35,2408.6,2381.2769930734758,29452,5938,70133370.0,12769.0,43.36,76.45,60.15,Hero Motocorp,2408.6,3.3977977634205514,2553.4175,2624.4559999999997,
2015-04-23,2410.0,2426.95,2362.0,2372.55,2386.762549329124,25340,4710,60480563.0,7729.0,30.5,64.95,-37.45,Hero Motocorp,2372.55,-1.496720086357206,2540.145,2616.317,
2015-04-24,2385.0,2394.0,2325.0,2352.55,2371.9373590021146,296547,5883,703390908.0,279727.0,94.33,69.0,-32.45,Hero Motocorp,2352.55,-0.8429748582748475,2527.3825,2608.7980000000002,
2015-04-27,2351.0,2360.0,2298.45,2324.05,2313.8006789238852,491955,4446,1138285813.0,464134.0,94.34,61.55,-26.95,Hero Motocorp,2324.05,-1.2114514037958823,2513.805,2600.866,
2015-04-28,2303.6,2369.8,2302.1,2356.35,2356.156813386686,68725,5214,161926877.0,46998.0,68.39,67.7,52.75,Hero Motocorp,2356.35,1.3898151933047886,2501.2200000000003,2592.944,
2015-04-29,2357.0,2389.7,2340.6,2372.85,2368.3978180538447,28415,5787,67298024.0,12384.0,43.58,49.1,15.85,Hero Motocorp,2372.85,0.7002355337704547,2491.025,2584.2940000000003,
2015-04-30,2365.1,2365.1,2324.9,2329.45,2336.058632758565,155715,8425,363759370.0,114236.0,73.36,40.2,-35.65,Hero Motocorp,2329.45,-1.8290241692479503,2475.67,2573.833,
2015-05-04,2345.0,2397.95,2334.1,2386.0,2364.3759672685223,22486,5260,53165358.0,5045.0,22.44,63.85,41.0,Hero Motocorp,2386.0,2.4276116679903037,2462.84,2565.4280000000003,
2015-05-05,2389.55,2390.0,2340.65,2357.7,2360.1361263131407,31794,3555,75038168.0,18261.0,57.44,49.35,-31.85,Hero Motocorp,2357.7,-1.1860854987426728,2447.945,2559.313,
2015-05-06,2356.0,2356.0,2310.0,2325.95,2326.46649694501,39280,5490,91383604.0,17319.0,44.09,46.0,-30.05,Hero Motocorp,2325.95,-1.3466513975484595,2430.6524999999997,2552.488,
2015-05-07,2328.0,2371.0,2312.75,2354.1,2347.1019042204066,100251,11313,235299313.0,46930.0,46.81,58.25,26.1,Hero Motocorp,2354.1,1.2102581740794038,2416.3575,2546.373,
2015-05-08,2305.0,2330.0,2252.0,2301.55,2284.080327388837,71719,11378,163811957.0,15039.0,20.97,78.0,-3.45,Hero Motocorp,2301.55,-2.2322756042648884,2401.18,2539.4680000000003,
2015-05-11,2345.0,2403.8,2311.4,2384.2,2375.865582692394,44466,3222,105645239.0,14273.0,32.1,92.4,39.2,Hero Motocorp,2384.2,3.5910581999087476,2389.8900000000003,2534.128,
2015-05-12,2399.0,2494.9,2385.15,2459.9,2455.5666438091966,93332,6985,229182946.0,13358.0,14.31,109.75,60.9,Hero Motocorp,2459.9,3.1750692056035756,2383.6724999999997,2530.815,
2015-05-13,2474.2,2527.45,2474.2,2502.1,2505.2996901979905,63589,6261,159309502.0,26376.0,41.48,53.25,27.9,Hero Motocorp,2502.1,1.715516890930524,2379.745,2528.344,
2015-05-14,2503.0,2548.0,2483.2,2529.95,2528.0472371671235,29553,2736,74711380.0,6866.0,23.23,64.8,26.95,Hero Motocorp,2529.95,1.1130650253786678,2380.05,2525.536,
2015-05-15,2530.0,2552.2,2515.5,2528.4,2531.10554860242,14382,1197,36402360.0,3047.0,21.19,36.7,-1.6,Hero Motocorp,2528.4,-0.061266032925544334,2385.0275,2522.4509999999996,
2015-05-18,2540.0,2547.7,2507.0,2520.6,2519.0516964370095,10581,929,26654086.0,3360.0,31.76,40.7,-19.4,Hero Motocorp,2520.6,-0.3084954912197513,2390.55,2520.368,
2015-05-19,2519.0,2608.0,2519.0,2575.1,2581.9797369973285,28821,2129,74415238.0,5492.0,19.06,89.0,56.1,Hero Motocorp,2575.1,2.1621836070776723,2403.57,2519.131,
2015-05-20,2581.25,2595.0,2574.35,2579.25,2581.437435531223,12603,1479,32533856.0,4040.0,32.06,20.65,-2.0,Hero Motocorp,2579.25,0.16115878994991117,2416.06,2518.288,
2015-05-21,2579.0,2613.7,2555.95,2602.5,2588.899892756971,24244,1575,62765289.0,3114.0,12.84,57.75,23.5,Hero Motocorp,2602.5,0.9014248328002239,2425.755,2518.176,
2015-05-22,2580.0,2610.0,2579.0,2600.9,2594.5250818366803,11303,886,29325917.0,2037.0,18.02,31.0,20.9,Hero Motocorp,2600.9,-0.06147934678193412,2437.1724999999997,2518.201,
2015-05-25,2601.95,2603.35,2580.0,2586.85,2589.8709239130435,8096,541,20967595.0,1684.0,20.8,23.35,-15.1,Hero Motocorp,2586.85,-0.5401976238994299,2448.8875,2517.527,
2015-05-26,2599.0,2636.15,2587.85,2616.05,2616.6070976587216,18964,1759,49621337.0,3785.0,19.96,48.3,17.05,Hero Motocorp,2616.05,1.1287859752208362,2463.4875,2517.508,
2015-05-27,2600.0,2659.95,2593.0,2605.05,2634.6462012191287,31826,1912,83850250.0,4071.0,12.79,66.95,5.05,Hero Motocorp,2605.05,-0.42048125991476226,2475.9224999999997,2516.756,
2015-05-28,2622.0,2659.0,2595.1,2641.95,2635.066932575675,36604,1665,96453990.0,3031.0,8.28,63.9,19.95,Hero Motocorp,2641.95,1.4164795301433664,2489.3775,2517.405,
2015-05-29,2640.0,2705.0,2623.25,2696.0,2664.1552036602397,33659,4054,89672800.0,11608.0,34.49,81.75,56.0,Hero Motocorp,2696.0,2.045837354984026,2507.705,2518.732,
2015-06-01,2680.5,2738.6,2647.0,2709.7,2698.8234497969825,19949,1886,53838829.0,5449.0,27.31,91.6,29.2,Hero Motocorp,2709.7,0.5081602373887106,2523.89,2519.877,BUY
2015-06-02,2700.0,2700.5,2601.35,2607.85,2629.4693996906008,53006,5466,139377655.0,17472.0,32.96,99.15,-92.15,Hero Motocorp,2607.85,-3.7587186773443526,2536.3975,2518.553,
2015-06-03,2610.0,2630.0,2568.0,2578.05,2591.020104110573,22284,1842,57738292.0,5686.0,25.52,62.0,-31.95,Hero Motocorp,2578.05,-1.1427037598021217,2549.0025,2516.813,
2015-06-04,2597.6,2597.6,2538.0,2548.4,2550.0765442723277,20916,1761,53337401.0,6176.0,29.53,59.6,-49.2,Hero Motocorp,2548.4,-1.150094063342455,2558.7174999999997,2515.485,
2015-06-05,2549.0,2589.0,2530.0,2576.85,2564.1976791412826,17235,1381,44193947.0,3768.0,21.86,59.0,27.85,Hero Motocorp,2576.85,1.1163867524721427,2572.4825,2514.262,
2015-06-08,2580.55,2596.35,2510.0,2519.2,2538.1096774193547,11005,1481,27931897.0,3068.0,27.88,86.35,-61.35,Hero Motocorp,2519.2,-2.237227622872895,2579.2324999999996,2512.49,
2015-06-09,2523.0,2530.8,2490.0,2501.65,2504.9430028328607,8825,904,22106122.0,1173.0,13.29,40.8,-21.35,Hero Motocorp,2501.65,-0.696649730073029,2581.32,2510.611,
2015-06-10,2505.0,2528.0,2502.4,2516.25,2515.8714636489804,18734,1445,47132336.0,5524.0,29.49,25.6,11.25,Hero Motocorp,2516.25,0.5836148142225994,2582.0274999999997,2508.775,
2015-06-11,2535.0,2547.0,2497.25,2503.65,2513.6800945712466,10997,778,27642940.0,1101.0,10.01,49.75,-31.35,Hero Motocorp,2503.65,-0.5007451564828624,2580.7125,2507.313,
2015-06-12,2502.0,2522.0,2485.0,2506.8,2506.3096348721247,12434,966,31163454.0,4440.0,35.71,37.0,4.8,Hero Motocorp,2506.8,0.12581630819004097,2579.6325,2504.7180000000003,
2015-06-15,2500.0,2530.0,2497.4,2509.25,2511.174370886566,12915,1199,32431817.0,3353.0,25.96,32.6,9.25,Hero Motocorp,2509.25,0.09773416307643501,2579.065,2502.051,
2015-06-16,2519.9,2555.0,2500.15,2543.9,2526.82914624183,9792,912,24742711.0,3305.0,33.75,54.85,24.0,Hero Motocorp,2543.9,1.3808907043937557,2577.505,2499.817,
2015-06-17,2579.85,2579.85,2517.0,2525.6,2532.589221238265,26311,1967,66634955.0,8113.0,30.84,62.85,-54.25,Hero Motocorp,2525.6,-0.7193678996816,2574.8225,2496.893,
2015-06-18,2540.0,2547.0,2516.55,2523.9,2525.861191719116,128537,2425,324666620.0,100613.0,78.28,30.45,-16.1,Hero Motocorp,2523.9,-0.06731073804243648,2570.8925,2494.571,
2015-06-19,2549.9,2578.0,2535.75,2551.7,2558.120843658157,17353,1697,44391071.0,3704.0,21.35,42.25,1.8,Hero Motocorp,2551.7,1.101469947303757,2568.4325,2493.5029999999997,
2015-06-22,2589.5,2589.5,2567.15,2580.6,2579.2561806256303,7928,1010,20448343.0,2933.0,37.0,22.35,-8.9,Hero Motocorp,2580.6,1.1325782811459018,2568.12,2492.915,
2015-06-23,2589.9,2713.7,2516.8,2523.2,2537.7319064211047,20090,1998,50983034.0,5799.0,28.87,196.9,-66.7,Hero Motocorp,2523.2,-2.224288925056195,2563.4775,2491.694,
2015-06-24,2523.2,2545.25,2513.0,2521.15,2523.536425039199,16582,1232,41845281.0,5061.0,30.52,32.25,-2.05,Hero Motocorp,2521.15,-0.08124603677868159,2559.2825000000003,2490.5040000000004,
2015-06-25,2525.4,2573.0,2525.4,2552.05,2553.976732161324,13538,1406,34575737.0,2184.0,16.13,47.6,26.65,Hero Motocorp,2552.05,1.225631160383167,2554.7875,2491.0679999999998,
2015-06-26,2550.0,2567.3,2522.1,2547.0,2540.545257542924,17997,1444,45722193.0,3436.0,19.09,45.2,-3.0,Hero Motocorp,2547.0,-0.19788013557728856,2547.3375,2493.4309999999996,
2015-06-29,2525.0,2555.45,2503.0,2538.45,2531.152018207377,14939,2048,37812880.0,4030.0,26.98,52.45,13.45,Hero Motocorp,2538.45,-0.3356890459364048,2538.775,2495.9970000000003,
2015-06-30,2549.8,2551.7,2504.0,2524.3,2518.66268115942,13800,1373,34757545.0,3224.0,23.36,47.7,-25.5,Hero Motocorp,2524.3,-0.5574267761823015,2534.5975000000003,2500.189,
2015-07-01,2552.0,2552.0,2500.0,2518.8,2515.968475412363,25948,2072,65284350.0,5044.0,19.44,52.0,-33.2,Hero Motocorp,2518.8,-0.21788218516024527,2531.6349999999998,2503.976,
2015-07-02,2520.0,2567.3,2520.0,2532.85,2546.969024977311,25343,2253,64547836.0,3776.0,14.9,47.3,12.85,Hero Motocorp,2532.85,0.5578053041130682,2530.8575,2506.4610000000002,
2015-07-03,2528.3,2585.0,2528.3,2577.8,2565.686161935934,18637,2066,47816693.0,7977.0,42.8,56.7,49.5,Hero Motocorp,2577.8,1.7746806956590477,2530.9049999999997,2510.5660000000003,
2015-07-06,2575.0,2623.5,2556.0,2612.4,2604.2906199697572,20501,1824,53390562.0,6450.0,31.46,67.5,37.4,Hero Motocorp,2612.4,1.3422298083637152,2535.565,2515.763,
2015-07-07,2612.4,2634.35,2557.05,2562.5,2587.387862314703,43781,2774,113278428.0,21026.0,48.03,77.3,-49.9,Hero Motocorp,2562.5,-1.9101209615679071,2538.6075,2520.532,
2015-07-08,2559.65,2581.7,2517.9,2552.95,2560.803477465111,30597,2633,78352904.0,7126.0,23.29,63.8,-6.7,Hero Motocorp,2552.95,-0.37268292682927084,2540.4425,2524.464,
2015-07-09,2550.0,2610.0,2550.0,2605.4,2589.753546099291,20868,1859,54042977.0,5834.0,27.96,60.0,55.4,Hero Motocorp,2605.4,2.0544859867996035,2545.5299999999997,2529.115,
2015-07-10,2605.4,2618.0,2565.15,2572.5,2586.389794996097,24341,2003,62955314.0,8514.0,34.98,52.85,-32.9,Hero Motocorp,2572.5,-1.2627619559376746,2548.8149999999996,2533.976,
2015-07-13,2572.2,2615.0,2552.2,2600.65,2579.187223386909,17172,1602,44289803.0,1429.0,8.32,62.8,28.45,Hero Motocorp,2600.65,1.0942662779397594,2553.3849999999998,2538.269,
2015-07-14,2600.65,2658.0,2596.2,2640.2,2633.624815678704,37299,2333,98231572.0,6690.0,17.94,61.8,39.55,Hero Motocorp,2640.2,1.520773652740659,2558.2,2543.919,
2015-07-15,2674.95,2674.95,2653.0,2660.1,2662.345225027442,9110,773,24253965.0,2037.0,22.36,21.95,-14.85,Hero Motocorp,2660.1,0.753730777971362,2564.925,2550.6020000000003,
2015-07-16,2651.0,2665.45,2640.0,2650.0,2652.44267053701,13091,1264,34723127.0,3789.0,28.94,25.45,-1.0,Hero Motocorp,2650.0,-0.37968497424908376,2571.2300000000005,2556.52,
2015-07-17,2659.95,2678.1,2642.2,2649.8,2659.4563667886728,10382,895,27610476.0,2682.0,25.83,35.9,-10.15,Hero Motocorp,2649.8,-0.0075471698113172,2576.1349999999998,2563.485,
2015-07-20,2674.55,2674.55,2654.85,2660.75,2662.313798305675,8617,1137,22941158.0,3001.0,34.83,19.7,-13.8,Hero Motocorp,2660.75,0.41323873499885533,2580.1425,2569.016,
2015-07-21,2662.0,2695.0,2662.0,2685.85,2683.240747954811,12835,1177,34439395.0,4839.0,37.7,33.0,23.85,Hero Motocorp,2685.85,0.9433430423752664,2588.275,2573.535,
2015-07-22,2685.95,2720.0,2678.45,2707.7,2702.8583353207728,12579,1466,33999255.0,3994.0,31.75,41.55,21.75,Hero Motocorp,2707.7,0.8135227209263407,2597.6025,2577.647,
2015-07-23,2706.7,2729.95,2676.3,2714.3,2703.937675397568,17104,1678,46248150.0,3292.0,19.25,53.65,7.6,Hero Motocorp,2714.3,0.24374930753039425,2605.7149999999997,2581.334,
2015-07-24,2709.5,2747.25,2700.0,2738.2,2724.8042747021723,14270,1308,38882957.0,4623.0,32.4,47.25,28.7,Hero Motocorp,2738.2,0.8805216814648187,2615.275,2585.53,
2015-07-27,2715.0,2738.0,2597.45,2605.65,2649.6964018691588,21400,2498,56703503.0,5957.0,27.84,140.55,-109.35,Hero Motocorp,2605.65,-4.840771309619452,2618.635,2587.231,
2015-07-28,2600.0,2629.0,2519.0,2531.55,2551.744079430612,39481,3883,100745408.0,11051.0,27.99,110.0,-68.45,Hero Motocorp,2531.55,-2.8438201600368362,2618.9975,2586.36,
2015-07-29,2540.0,2580.3,2505.4,2566.25,2547.5948418576286,22954,1666,58477492.0,3195.0,13.92,74.9,26.25,Hero Motocorp,2566.25,1.370701743990832,2621.37,2586.1,
2015-07-30,2565.0,2626.6,2565.0,2587.6,2597.7984117685346,15363,1429,39909977.0,2611.0,17.0,61.6,22.6,Hero Motocorp,2587.6,0.8319532391622086,2624.1074999999996,2585.8019999999997,
2015-07-31,2587.6,2693.5,2587.6,2674.45,2661.3325150146857,22811,2418,60707656.0,6200.0,27.18,105.9,86.85,Hero Motocorp,2674.45,3.356392023496668,2628.94,2587.2729999999997,
2015-08-03,2655.0,2717.0,2604.15,2697.85,2664.0970787499086,68635,4335,182850303.0,5425.0,7.9,112.85,42.85,Hero Motocorp,2697.85,0.8749462506309813,2633.2125,2589.493,
2015-08-04,2785.0,2800.0,2613.8,2624.25,2705.7066925969975,124436,9054,336687318.0,30027.0,24.13,186.2,-160.75,Hero Motocorp,2624.25,-2.728098300498538,2636.3,2589.657,
2015-08-05,2644.95,2673.3,2629.75,2660.4,2652.6968640076316,33546,2453,88987369.0,5479.0,16.33,43.55,15.45,Hero Motocorp,2660.4,1.377536438982574,2641.6725,2590.764,
2015-08-06,2665.25,2680.95,2641.0,2652.65,2655.5849453537894,19489,1425,51754695.0,4599.0,23.6,39.95,-12.6,Hero Motocorp,2652.65,-0.29130957750713726,2644.0350000000003,2590.978,
2015-08-07,2652.65,2669.0,2641.0,2660.5,2657.889468047126,14005,1086,37223742.0,3172.0,22.65,28.0,7.85,Hero Motocorp,2660.5,0.2959304846097188,2648.4350000000004,2590.268,
2015-08-10,2673.0,2728.65,2663.1,2704.85,2702.531701259535,28185,2337,76170856.0,7290.0,25.86,65.55,31.85,Hero Motocorp,2704.85,1.6669798909979328,2653.645,2590.171,
2015-08-11,2704.85,2718.95,2668.0,2678.7,2700.880073668349,41809,1485,112921095.0,28522.0,68.22,50.95,-26.15,Hero Motocorp,2678.7,-0.966781891786983,2655.57,2591.588,
2015-08-12,2678.0,2692.0,2626.15,2635.35,2653.9699484471266,23859,1952,63321069.0,6209.0,26.02,65.85,-42.65,Hero Motocorp,2635.35,-1.618322320528609,2654.3324999999995,2592.734,
2015-08-13,2664.0,2681.0,2612.25,2643.85,2656.601383684059,17345,1884,46078751.0,4877.0,28.12,68.75,-20.15,Hero Motocorp,2643.85,0.322537803327827,2654.025,2594.643,
2015-08-14,2640.0,2722.0,2640.0,2714.0,2689.225990409124,23147,1872,62247514.0,5982.0,25.84,82.0,74.0,Hero Motocorp,2714.0,2.6533275337103035,2657.2349999999997,2597.386,
2015-08-17,2682.0,2720.0,2642.0,2653.5,2673.6345075359272,22824,2436,61023034.0,8324.0,36.47,78.0,-28.5,Hero Motocorp,2653.5,-2.2291820191599143,2656.8725,2600.072,
2015-08-18,2657.9,2678.7,2634.55,2641.85,2653.492556251057,11822,977,31369589.0,2406.0,20.35,44.15,-16.05,Hero Motocorp,2641.85,-0.4390427736951197,2654.6725,2602.8759999999997,
2015-08-19,2645.0,2705.0,2617.35,2690.0,2676.094250773124,28456,2340,76150938.0,7951.0,27.94,87.65,45.0,Hero Motocorp,2690.0,1.8225864451047569,2653.7875,2606.3509999999997,
2015-08-20,2660.0,2660.0,2624.2,2633.9,2640.703883159133,14447,1565,38150249.0,3860.0,26.72,35.8,-26.1,Hero Motocorp,2633.9,-2.0855018587360608,2649.7675000000004,2608.956,
2015-08-21,2625.0,2648.65,2535.1,2559.9,2555.683640277445,41810,3799,106853133.0,12429.0,29.73,113.55,-65.1,Hero Motocorp,2559.9,-2.8095220015945888,2640.8525,2610.018,
2015-08-24,2539.95,2539.95,2405.0,2478.95,2477.0645329635795,262517,4891,650271550.0,208051.0,79.25,134.95,-61.0,Hero Motocorp,2478.95,-3.162232899722661,2634.5175,2609.412,
2015-08-25,2475.1,2514.3,2404.15,2477.5,2447.90204906983,37090,3095,90792687.0,12044.0,32.47,110.15,2.4,Hero Motocorp,2477.5,-0.05849250690815877,2631.815,2608.084,
2015-08-26,2465.0,2475.0,2366.1,2391.95,2402.8151865031614,117183,5038,281569092.0,82344.0,70.27,108.9,-73.05,Hero Motocorp,2391.95,-3.4530776992936496,2623.1,2605.411,
2015-08-27,2419.0,2419.0,2364.5,2380.7,2383.725212528469,44347,3381,105711062.0,16304.0,36.76,54.5,-38.3,Hero Motocorp,2380.7,-0.47032755701414963,2612.755,2602.547,
2015-08-28,2418.0,2432.0,2381.15,2400.95,2410.822764775214,29695,2203,71589382.0,10199.0,34.35,50.85,-17.05,Hero Motocorp,2400.95,0.850590162557241,2599.08,2599.532,SELL
2015-08-31,2399.0,2411.45,2381.1,2397.35,2394.597961134119,15695,1249,37583215.0,4078.0,25.98,30.35,-1.65,Hero Motocorp,2397.35,-0.14994064849329636,2584.055,2595.867,
2015-09-01,2394.95,2395.4,2369.55,2385.3,2381.638847390104,44178,2354,105216041.0,31736.0,71.84,25.85,-9.65,Hero Motocorp,2385.3,-0.5026383298225023,2572.1075,2593.109,
2015-09-02,2360.15,2388.4,2302.7,2343.25,2347.7272514570127,47014,3283,110376049.0,9585.0,20.39,85.7,-16.9,Hero Motocorp,2343.25,-1.762880979331749,2556.25,2589.551,
2015-09-03,2350.0,2365.0,2322.9,2329.95,2337.0779096398082,24015,1884,56124926.0,8171.0,34.02,42.1,-20.05,Hero Motocorp,2329.95,-0.5675877520537775,2540.115,2585.1090000000004,
2015-09-04,2330.0,2336.9,2270.0,2292.55,2289.0994955700703,30926,2280,70792691.0,8180.0,26.45,66.9,-37.45,Hero Motocorp,2292.55,-1.6051846606150222,2521.7174999999997,2580.02,
2015-09-07,2293.0,2312.5,2259.1,2279.8,2279.944541355363,30383,1677,69271555.0,13912.0,45.79,53.4,-13.2,Hero Motocorp,2279.8,-0.5561492661010692,2500.4649999999997,2574.8469999999998,
2015-09-08,2292.0,2330.0,2286.6,2317.3,2308.0670526079134,17792,1276,41065129.0,4190.0,23.55,43.4,25.3,Hero Motocorp,2317.3,1.6448811299236699,2482.395,2570.7070000000003,
2015-09-09,2328.05,2369.8,2328.05,2347.75,2352.5610318791946,14304,1155,33651033.0,3885.0,27.16,41.75,19.7,Hero Motocorp,2347.75,1.3140292581883983,2468.0150000000003,2567.286,
2015-09-10,2347.0,2363.0,2300.05,2343.95,2348.023304141309,80844,1474,189823596.0,67294.0,83.24,62.95,-3.05,Hero Motocorp,2343.95,-0.16185709722075226,2453.0199999999995,2563.508,
2015-09-11,2349.9,2366.95,2332.9,2342.05,2343.201420148355,15773,996,36959316.0,4377.0,27.75,34.05,-7.85,Hero Motocorp,2342.05,-0.08105974956802431,2434.4224999999997,2558.7929999999997,
2015-09-14,2350.0,2360.45,2322.35,2348.6,2341.2245824983297,7485,646,17524066.0,2071.0,27.67,38.1,-1.4,Hero Motocorp,2348.6,0.2796695202920363,2419.1775,2553.5170000000003,
2015-09-15,2350.0,2350.0,2307.95,2310.6,2313.8771141203574,35594,1970,82360142.0,21190.0,59.53,42.05,-39.4,Hero Motocorp,2310.6,-1.6179851826620073,2402.615,2548.479,
2015-09-16,2322.25,2379.95,2321.7,2363.0,2362.363720560995,22674,2172,53564235.0,4157.0,18.33,58.25,40.75,Hero Motocorp,2363.0,2.267809227040596,2386.265,2544.68,
2015-09-18,2375.0,2443.5,2375.0,2428.55,2425.7030631381535,23995,2414,58204745.0,5531.0,23.05,68.5,53.55,Hero Motocorp,2428.55,2.7740160812526504,2375.9975,2541.143,
2015-09-21,2427.7,2448.0,2394.65,2424.8,2424.942214668584,7649,702,18548383.0,1219.0,15.94,53.35,-2.9,Hero Motocorp,2424.8,-0.15441312717464628,2369.2425000000003,2538.189,
2015-09-22,2433.0,2448.0,2376.65,2386.1,2408.420544713704,9326,1184,22460930.0,4021.0,43.12,71.35,-46.9,Hero Motocorp,2386.1,-1.5960079181788323,2364.6,2533.8979999999997,
2015-09-23,2386.1,2405.0,2384.45,2401.3,2394.9713728494808,14357,716,34384604.0,3564.0,24.82,20.55,15.2,Hero Motocorp,2401.3,0.637022756799821,2360.79,2529.12,
2015-09-24,2387.65,2421.0,2371.0,2380.65,2397.707455753984,12487,1038,29940173.0,1900.0,15.22,50.0,-7.0,Hero Motocorp,2380.65,-0.8599508599508643,2360.225,2523.531,
2015-09-28,2400.0,2400.0,2339.0,2350.75,2352.398354792561,13980,1321,32886529.0,4143.0,29.64,61.0,-49.25,Hero Motocorp,2350.75,-1.2559595068573737,2358.7275,2517.5460000000003,
2015-09-29,2350.0,2370.0,2305.0,2331.7,2332.537899758525,33958,1582,79208322.0,15150.0,44.61,65.0,-18.3,Hero Motocorp,2331.7,-0.8103796660640317,2355.2650000000003,2511.1839999999997,
2015-09-30,2344.4,2410.0,2313.7,2395.65,2351.48112754514,20824,2122,48967243.0,4100.0,19.69,96.3,51.25,Hero Motocorp,2395.65,2.742634129605026,2355.18,2505.8819999999996,
2015-10-01,2395.0,2470.95,2393.6,2413.35,2421.994123408423,46966,3735,113751376.0,8583.0,18.27,77.35,18.35,Hero Motocorp,2413.35,0.7388391459520305,2356.5824999999995,2500.4320000000002,
2015-10-05,2439.9,2516.0,2435.7,2501.65,2478.4361687756113,22207,2096,55038632.0,6332.0,28.51,80.3,61.75,Hero Motocorp,2501.65,3.658814510949515,2364.5024999999996,2496.311,
2015-10-06,2515.0,2550.0,2512.4,2532.55,2526.902118663128,22231,1925,56175561.0,3283.0,14.77,37.6,17.55,Hero Motocorp,2532.55,1.2351847780464942,2374.6325,2492.676,
2015-10-07,2523.6,2554.0,2495.95,2539.2,2529.7259457486925,24663,2135,62390631.0,2356.0,9.55,58.05,15.6,Hero Motocorp,2539.2,0.2625811928688382,2386.9649999999997,2488.696,
2015-10-08,2539.0,2561.85,2524.65,2539.6,2538.220217749082,15798,1260,40098803.0,3253.0,20.59,37.2,0.6,Hero Motocorp,2539.6,0.01575299306868505,2399.9550000000004,2487.375,
2015-10-09,2560.0,2583.0,2554.4,2565.25,2568.2750386762627,14867,1062,38182545.0,1745.0,11.74,28.6,5.25,Hero Motocorp,2565.25,1.0100015750512004,2412.3525,2488.049,
2015-10-12,2575.0,2596.2,2540.1,2547.65,2566.7828073859077,16193,1248,41563914.0,3414.0,21.08,56.1,-27.35,Hero Motocorp,2547.65,-0.6860929733944032,2422.3475,2487.6769999999997,
2015-10-13,2547.0,2562.0,2525.05,2538.85,2539.3669239250275,13605,1054,34548087.0,2693.0,19.79,36.95,-8.15,Hero Motocorp,2538.85,-0.34541636410025944,2432.0925,2486.702,
2015-10-14,2538.0,2548.5,2493.7,2505.75,2509.8067787062246,10651,1226,26731952.0,1572.0,14.76,54.8,-32.25,Hero Motocorp,2505.75,-1.3037398822301371,2440.2775,2483.328,
2015-10-15,2524.0,2578.6,2501.1,2567.45,2553.152129032258,15500,1445,39573858.0,5280.0,34.06,77.5,43.45,Hero Motocorp,2567.45,2.4623366257607415,2451.2200000000003,2480.72,
2015-10-16,2567.45,2598.0,2559.0,2586.85,2578.2312823390066,16041,1320,41357408.0,4308.0,26.86,39.0,19.4,Hero Motocorp,2586.85,0.7556135465150327,2465.0325000000003,2479.972,
2015-10-19,2582.0,2622.0,2565.0,2613.55,2603.8530156463025,15403,1579,40107148.0,4470.0,29.02,57.0,31.55,Hero Motocorp,2613.55,1.0321433403560398,2477.5600000000004,2479.035,
2015-10-20,2590.05,2625.0,2589.05,2605.05,2603.0936522991533,28467,2768,74102267.0,3176.0,11.16,35.95,15.0,Hero Motocorp,2605.05,-0.32522813797325467,2486.3849999999998,2478.083,BUY
2015-10-21,2665.0,2665.0,2592.2,2619.05,2625.6091537555294,44987,3980,118118279.0,7128.0,15.84,72.8,-45.95,Hero Motocorp,2619.05,0.5374177079134679,2496.0975,2477.254,
2015-10-23,2625.35,2644.35,2581.0,2594.95,2610.9931511000664,16499,1165,43078776.0,3122.0,18.92,63.35,-30.4,Hero Motocorp,2594.95,-0.9201809816536621,2506.54,2475.056,
2015-10-26,2590.1,2631.0,2590.0,2619.3,2617.971588188348,12530,1490,32803184.0,2855.0,22.79,41.0,29.2,Hero Motocorp,2619.3,0.9383610474190451,2517.44,2473.868,
2015-10-27,2619.0,2642.0,2587.2,2620.4,2610.522791238375,32688,1541,85332769.0,17836.0,54.56,54.8,1.4,Hero Motocorp,2620.4,0.041995953117246465,2529.4275000000002,2473.569,
2015-10-28,2618.2,2631.9,2595.5,2623.55,2619.1785508913167,6956,755,18219006.0,1345.0,19.34,36.4,5.35,Hero Motocorp,2623.55,0.120210654861852,2543.0675,2473.163,
2015-10-29,2618.0,2635.95,2605.85,2625.75,2621.8911511354736,7662,1065,20088930.0,1617.0,21.1,30.1,7.75,Hero Motocorp,2625.75,0.08385584418058034,2557.7699999999995,2471.3979999999997,
2015-10-30,2611.0,2626.95,2568.05,2585.0,2602.493517786561,12650,1396,32921543.0,2033.0,16.07,58.9,-26.0,Hero Motocorp,2585.0,-1.5519375416547687,2567.2375,2470.028,
2015-11-02,2581.0,2584.0,2538.6,2549.1,2555.5868398052194,8009,1048,20467695.0,1290.0,16.11,45.4,-31.9,Hero Motocorp,2549.1,-1.3887814313346292,2574.025,2468.1730000000002,
2015-11-03,2549.05,2596.55,2538.4,2583.75,2570.468204148472,14656,1423,37672782.0,2514.0,17.15,58.15,34.7,Hero Motocorp,2583.75,1.3593032835118368,2578.13,2466.0480000000002,
2015-11-04,2599.0,2632.0,2593.0,2614.4,2615.9393836315394,14699,1689,38451693.0,2965.0,20.17,39.0,15.4,Hero Motocorp,2614.4,1.1862602805999156,2582.2225,2465.658,
2015-11-05,2581.0,2659.0,2580.0,2638.6,2642.434915877665,29362,1803,77587174.0,7550.0,25.71,79.0,57.6,Hero Motocorp,2638.6,0.9256425948592328,2587.1925,2467.232,
2015-11-06,2626.05,2666.8,2592.2,2632.9,2644.539086294416,24625,2221,65121775.0,5473.0,22.23,74.6,6.85,Hero Motocorp,2632.9,-0.21602364890471737,2591.8574999999996,2470.311,
2015-11-09,2615.0,2648.2,2605.0,2618.5,2620.9579095433887,9242,999,24222893.0,1340.0,14.5,43.2,3.5,Hero Motocorp,2618.5,-0.546925443427404,2594.5199999999995,2473.131,
2015-11-10,2637.9,2666.0,2605.0,2657.4,2650.515264724768,17131,1620,45405977.0,4124.0,24.07,61.0,19.5,Hero Motocorp,2657.4,1.485583349245756,2600.0075,2478.44,
2015-11-11,2675.0,2677.25,2634.4,2644.4,2646.356696220252,10715,813,28355712.0,5329.0,49.73,42.85,-30.6,Hero Motocorp,2644.4,-0.48919996989538195,2605.2850000000003,2483.714,
2015-11-13,2660.0,2664.0,2600.4,2610.95,2627.6140252976193,5376,739,14126053.0,939.0,17.47,63.6,-49.05,Hero Motocorp,2610.95,-1.2649372258357383,2610.5449999999996,2487.9139999999998,
2015-11-16,2600.7,2643.8,2587.0,2611.45,2615.044112508735,11448,1014,29937025.0,1839.0,16.06,56.8,10.75,Hero Motocorp,2611.45,0.019150117773225617,2612.745,2492.196,
2015-11-17,2604.0,2615.55,2574.85,2597.8,2594.2505837162007,13277,1176,34443865.0,3251.0,24.49,40.7,-6.2,Hero Motocorp,2597.8,-0.5226981179038304,2613.2925,2496.446,
2015-11-18,2597.75,2604.0,2556.7,2571.85,2584.39715206878,18610,1182,48095631.0,5312.0,28.54,47.3,-25.9,Hero Motocorp,2571.85,-0.9989221649087776,2611.2075,2501.018,
2015-11-19,2609.9,2683.8,2580.0,2591.35,2645.3058591305185,62313,5658,164836944.0,16963.0,27.22,103.8,-18.55,Hero Motocorp,2591.35,0.7582090712910938,2610.5225,2506.246,
2015-11-20,2601.2,2638.95,2558.0,2563.65,2589.4685379863445,46135,3238,119465131.0,14042.0,30.44,80.95,-37.55,Hero Motocorp,2563.65,-1.0689408995311234,2607.7525,2511.668,
2015-11-23,2573.35,2664.5,2571.8,2637.25,2638.9961207504584,42534,3887,112247061.0,9064.0,21.31,92.7,63.9,Hero Motocorp,2637.25,2.870906715035204,2609.8675000000003,2518.817,
2015-11-24,2659.0,2667.7,2631.0,2645.8,2648.7622104884194,16666,1335,44144271.0,3739.0,22.43,36.7,-13.2,Hero Motocorp,2645.8,0.3242013460991622,2611.1925,2525.387,
2015-11-26,2610.0,2698.0,2610.0,2680.8,2641.0941228073984,690789,17150,1824438768.0,233465.0,33.8,88.0,70.8,Hero Motocorp,2680.8,1.3228513115125962,2614.2125,2532.048,
2015-11-27,2672.0,2714.05,2660.5,2704.15,2689.4356613388927,17268,1744,46441175.0,2754.0,15.95,53.55,32.15,Hero Motocorp,2704.15,0.8710086541330986,2618.2425000000003,2539.252,
2015-11-30,2700.05,2732.0,2680.1,2702.65,2711.134403592003,23608,2867,64004461.0,7664.0,32.46,51.9,2.6,Hero Motocorp,2702.65,-0.055470295656678825,2622.0875,2546.464,
2015-12-01,2710.0,2715.7,2668.35,2677.75,2689.8276092638744,16451,1779,44250354.0,3954.0,24.04,47.35,-32.25,Hero Motocorp,2677.75,-0.9213179657003301,2626.725,2553.047,
2015-12-02,2674.0,2699.9,2666.75,2675.85,2681.6761471103327,14275,1484,38280927.0,3777.0,26.46,33.15,1.85,Hero Motocorp,2675.85,-0.070955092895153,2633.0625,2560.3520000000003,
2015-12-03,2655.0,2680.05,2610.55,2618.35,2656.6933296226857,68272,2311,181377767.0,58239.0,85.3,69.5,-36.65,Hero Motocorp,2618.35,-2.1488498981631965,2634.7925,2565.459,
2015-12-04,2625.0,2633.95,2603.05,2617.15,2616.5267479153304,7795,941,20395826.0,1506.0,19.32,30.9,-7.85,Hero Motocorp,2617.15,-0.04583038936734063,2634.9300000000003,2569.231,
2015-12-07,2630.0,2662.95,2611.0,2621.35,2634.244685731763,13078,1424,34450652.0,2549.0,19.49,51.95,-8.65,Hero Motocorp,2621.35,0.16047991135395012,2634.0675,2573.162,
2015-12-08,2621.35,2637.05,2586.0,2602.85,2610.1669853409812,10983,838,28667464.0,2713.0,24.7,51.05,-18.5,Hero Motocorp,2602.85,-0.7057432239113481,2632.565,2577.4970000000003,
2015-12-09,2600.0,2600.0,2534.9,2546.8,2561.593032384691,10190,1208,26102633.0,11228.0,30.22,65.1,-53.2,Hero Motocorp,2546.8,-2.153408763470799,2628.9800000000005,2580.407,
2015-12-10,2570.0,2574.8,2535.55,2545.6,2552.1251624079687,13854,1508,35357142.0,3831.0,27.65,39.25,-24.4,Hero Motocorp,2545.6,-0.047117951939701364,2623.3900000000003,2583.7059999999997,
2015-12-11,2562.0,2562.0,2516.0,2523.3,2535.497942104541,14578,1145,36962489.0,2999.0,20.57,46.0,-38.7,Hero Motocorp,2523.3,-0.8760213702074027,2617.335,2587.1569999999997,
2015-12-14,2523.3,2556.0,2501.7,2537.45,2516.2349619766646,328351,1677,826208266.0,310003.0,94.41,54.3,14.15,Hero Motocorp,2537.45,0.5607735901398847,2613.6600000000003,2591.272,
2015-12-15,2500.0,2573.8,2500.0,2563.85,2545.202807646356,66960,1794,170426780.0,51968.0,77.61,73.8,63.85,Hero Motocorp,2563.85,1.0404145894500338,2611.2799999999997,2594.636,
2015-12-16,2585.4,2616.0,2573.9,2593.45,2596.2793831031267,11801,1238,30638693.0,2953.0,25.02,42.1,8.05,Hero Motocorp,2593.45,1.15451371960138,2611.0625,2598.238,
2015-12-17,2615.0,2660.0,2603.0,2649.75,2631.395979963224,15771,1733,41499746.0,5670.0,35.95,57.0,34.75,Hero Motocorp,2649.75,2.1708534963080117,2614.9574999999995,2601.2,
2015-12-18,2645.0,2662.85,2622.5,2641.6,2645.808784648188,11725,1583,31022108.0,2802.0,23.9,40.35,-3.4,Hero Motocorp,2641.6,-0.3075761864326898,2617.4700000000003,2603.381,
2015-12-21,2650.0,2705.0,2637.1,2695.8,2677.568207440812,10644,1586,28500036.0,2516.0,23.64,67.9,45.8,Hero Motocorp,2695.8,2.051786795881294,2624.0775,2606.5130000000004,
2015-12-22,2710.0,2710.0,2662.0,2669.0,2686.556209700028,14268,1679,38331784.0,4841.0,33.93,48.0,-41.0,Hero Motocorp,2669.0,-0.9941390310853948,2625.665,2609.101,
2015-12-23,2675.0,2693.0,2662.2,2675.2,2677.1685202639014,5305,643,14202379.0,395.0,7.45,30.8,0.2,Hero Motocorp,2675.2,0.23229674035218917,2627.135,2611.3,
2015-12-24,2653.1,2695.0,2653.1,2689.7,2687.0556573522676,8732,850,23463370.0,2379.0,27.24,41.9,36.6,Hero Motocorp,2689.7,0.5420155502392277,2627.58,2614.141,
2015-12-28,2691.0,2707.9,2688.0,2702.25,2699.879198326176,9081,943,24517603.0,2303.0,25.36,19.9,11.25,Hero Motocorp,2702.25,0.4665947875227783,2627.4849999999997,2617.409,
2015-12-29,2692.05,2740.0,2692.05,2734.25,2725.518395303327,10220,1428,27854798.0,2583.0,25.27,47.95,42.2,Hero Motocorp,2734.25,1.184198353224164,2629.065,2621.979,
2015-12-30,2720.0,2732.65,2707.0,2711.65,2718.6268338223526,7498,722,20384264.0,2461.0,32.82,25.65,-8.35,Hero Motocorp,2711.65,-0.8265520709518137,2630.76,2624.863,
2015-12-31,2715.0,2717.9,2672.05,2695.25,2707.5757447608307,63846,2163,172867881.0,52477.0,82.19,45.85,-19.75,Hero Motocorp,2695.25,-0.604797816827396,2631.73,2627.031,
2016-01-01,2695.0,2696.05,2674.0,2687.85,2686.813677264547,8335,832,22394592.0,1365.0,16.38,22.05,-7.15,Hero Motocorp,2687.85,-0.27455709117892857,2635.205,2628.5170000000003,
2016-01-04,2665.0,2669.7,2635.45,2645.5,2652.4202882902337,18523,2459,49130781.0,5666.0,30.59,34.25,-19.5,Hero Motocorp,2645.5,-1.5756087579291922,2636.6225,2629.3259999999996,
2016-01-05,2644.95,2655.25,2605.7,2621.05,2631.957505518764,9060,1183,23845535.0,1677.0,18.51,49.55,-23.9,Hero Motocorp,2621.05,-0.924210924210922,2636.6075,2629.366,
2016-01-06,2640.0,2640.0,2577.0,2581.75,2600.039184055784,38434,1178,99929906.0,1527.0,3.97,63.0,-58.25,Hero Motocorp,2581.75,-1.4993990957822279,2635.5525000000002,2629.1020000000003,
2016-01-07,2561.9,2573.7,2505.85,2513.15,2528.461017689452,9158,1203,23155646.0,1493.0,16.3,67.85,-48.75,Hero Motocorp,2513.15,-2.6571124237435795,2633.87,2626.9790000000003,
2016-01-08,2529.75,2537.35,2484.25,2489.0,2501.0435829372186,16199,1593,40514405.0,4625.0,28.55,53.1,-40.75,Hero Motocorp,2489.0,-0.9609454270537054,2631.04,2624.3510000000006,
2016-01-11,2488.95,2525.0,2456.0,2503.2,2489.300897234298,10811,1261,26911832.0,1551.0,14.35,69.0,14.25,Hero Motocorp,2503.2,0.5705102450783484,2630.0350000000003,2621.9440000000004,
2016-01-12,2480.0,2500.0,2460.0,2469.55,2473.9086784359015,12122,2156,29988721.0,3011.0,24.84,40.0,-10.45,Hero Motocorp,2469.55,-1.3442793224672234,2626.64,2618.82,
2016-01-13,2478.45,2479.7,2421.0,2470.75,2459.784669479606,14220,1730,34978138.0,3512.0,24.7,58.7,-7.7,Hero Motocorp,2470.75,0.04859184871737199,2621.9849999999997,2616.535,
2016-01-14,2449.0,2467.95,2416.6,2433.1,2432.00950691538,36079,1922,87744471.0,23447.0,64.99,51.35,-15.9,Hero Motocorp,2433.1,-1.5238287969240094,2613.9675,2614.215,SELL
2016-01-15,2449.0,2449.0,2410.0,2425.35,2430.61229601518,13175,1513,32023317.0,3619.0,27.47,39.0,-23.65,Hero Motocorp,2425.35,-0.3185236940528524,2602.7475000000004,2611.047,
2016-01-18,2425.0,2450.0,2375.0,2431.2,2410.7460841768775,9385,1139,22624852.0,2194.0,23.38,75.0,6.2,Hero Motocorp,2431.2,0.24120230069886173,2592.2275,2607.3830000000003,
2016-01-19,2448.8,2498.45,2448.8,2482.95,2476.8655539392084,13061,1563,32350341.0,3247.0,24.86,49.65,34.15,Hero Motocorp,2482.95,2.128578479763088,2581.585,2604.27,
2016-01-20,2470.0,2505.45,2458.0,2488.05,2483.1069890520416,19273,2529,47856921.0,6835.0,35.46,47.45,18.05,Hero Motocorp,2488.05,0.2054008336857427,2572.5375,2601.373,
2016-01-21,2488.0,2539.95,2466.0,2473.5,2495.387388513795,23994,2794,59874325.0,5318.0,22.16,73.95,-14.5,Hero Motocorp,2473.5,-0.5847953216374324,2562.4525,2598.473,
2016-01-22,2483.45,2600.0,2478.1,2586.05,2552.1596677702273,17217,2550,43940533.0,3799.0,22.07,121.9,102.6,Hero Motocorp,2586.05,4.5502324641196745,2557.27,2597.046,
2016-01-25,2595.2,2597.8,2497.55,2520.8,2531.781233211962,16753,2217,42414931.0,3024.0,18.05,100.25,-74.4,Hero Motocorp,2520.8,-2.5231530712863215,2548.1974999999998,2594.574,
2016-01-27,2538.75,2539.05,2471.0,2482.05,2501.928237224281,16457,2833,41174233.0,6322.0,38.42,68.05,-56.7,Hero Motocorp,2482.05,-1.537210409393841,2535.5875,2591.996,
2016-01-28,2489.1,2508.7,2430.0,2448.55,2477.263944723618,23880,3563,59157063.0,9234.0,38.67,78.7,-40.55,Hero Motocorp,2448.55,-1.349690779798951,2522.4325,2588.7380000000003,
2016-01-29,2442.15,2575.0,2442.15,2562.8,2523.2363983331384,25677,2429,64789141.0,5986.0,23.31,132.85,120.65,Hero Motocorp,2562.8,4.666026832206827,2515.81,2588.038,
2016-02-01,2565.65,2568.75,2508.55,2535.0,2527.778324145535,45350,2139,114634747.0,24728.0,54.53,60.2,-30.65,Hero Motocorp,2535.0,-1.0847510535352045,2508.1675,2587.301,
2016-02-02,2535.0,2545.5,2510.25,2521.8,2525.754729821696,7347,910,18556720.0,692.0,9.42,35.25,-13.2,Hero Motocorp,2521.8,-0.5207100591715919,2501.9825,2585.91,
2016-02-03,2518.0,2541.9,2477.0,2484.7,2506.4382698636578,10635,1061,26655971.0,1891.0,17.78,64.9,-33.3,Hero Motocorp,2484.7,-1.4711713855182995,2495.165,2584.331,
2016-02-04,2509.0,2525.0,2472.15,2510.5,2497.3797030709784,9834,1342,24559232.0,1239.0,12.6,52.85,1.5,Hero Motocorp,2510.5,1.038354730953439,2491.6025,2581.7960000000003,
2016-02-05,2509.0,2590.0,2509.0,2578.05,2549.283312277051,53824,2728,137212625.0,39673.0,73.71,81.0,69.05,Hero Motocorp,2578.05,2.69069906393149,2494.8475000000003,2580.441,
2016-02-08,2580.1,2585.0,2550.0,2568.1,2572.3785488958993,7608,833,19570656.0,1917.0,25.2,35.0,-12.0,Hero Motocorp,2568.1,-0.38595062159385574,2498.8025000000002,2578.187,
2016-02-09,2549.85,2594.9,2518.0,2579.65,2569.0599044468945,8163,741,20971236.0,2076.0,25.43,76.9,29.8,Hero Motocorp,2579.65,0.44974884155601913,2502.625,2575.6969999999997,
2016-02-10,2569.6,2576.0,2545.8,2547.45,2549.354511533942,48509,471,123666638.0,43354.0,89.37,30.2,-22.15,Hero Motocorp,2547.45,-1.2482313492140462,2506.52,2572.5930000000003,
2016-02-11,2550.1,2561.4,2481.0,2498.45,2519.22601676498,12884,1600,32457708.0,2491.0,19.33,80.4,-51.65,Hero Motocorp,2498.45,-1.9234921195705468,2507.905,2569.007,
2016-02-12,2525.55,2533.8,2454.0,2486.5,2499.335399186372,31464,2462,78639089.0,3592.0,11.42,79.8,-39.05,Hero Motocorp,2486.5,-0.4782965438571818,2510.575,2565.22,
2016-02-15,2514.0,2538.35,2491.0,2515.7,2509.730369729195,16174,1999,40592379.0,2323.0,14.36,47.35,1.7,Hero Motocorp,2515.7,1.1743414437964894,2515.0924999999997,2563.167,
2016-02-16,2515.7,2567.0,2504.0,2508.45,2525.673457924837,19584,1821,49462789.0,5210.0,26.6,63.0,-7.25,Hero Motocorp,2508.45,-0.288190165759028,2518.955,2560.993,
2016-02-17,2510.1,2534.0,2440.0,2523.9,2490.6651892793825,19178,1673,47765977.0,5728.0,29.87,94.0,13.8,Hero Motocorp,2523.9,0.615918196495846,2521.0024999999996,2559.0440000000003,
2016-02-18,2545.0,2630.0,2545.0,2620.95,2600.203687200624,17954,2572,46684057.0,4512.0,25.13,85.0,75.95,Hero Motocorp,2620.95,3.845239510281706,2527.6475,2559.406,
2016-02-19,2615.0,2712.85,2603.0,2704.85,2686.5574998742895,59661,4857,160282707.0,30953.0,51.88,109.85,89.85,Hero Motocorp,2704.85,3.201129361491062,2539.215,2562.567,
2016-02-22,2690.05,2730.1,2673.55,2705.95,2706.194106309596,19716,2382,53355323.0,4064.0,20.61,56.55,15.9,Hero Motocorp,2705.95,0.04066768952066813,2545.21,2565.7740000000003,
2016-02-23,2705.0,2709.9,2655.4,2660.3,2670.5044446615216,10237,1312,27337954.0,2078.0,20.3,54.5,-44.7,Hero Motocorp,2660.3,-1.6870230418152499,2552.1850000000004,2568.514,
2016-02-24,2660.3,2660.3,2610.0,2623.45,2635.405810362576,8743,1292,23041353.0,711.0,8.13,50.3,-36.85,Hero Motocorp,2623.45,-1.3851821223170413,2559.255,2570.2340000000004,
2016-02-25,2621.0,2641.3,2593.25,2623.3,2610.0829546143123,16503,1710,43074199.0,2682.0,16.25,48.05,2.3,Hero Motocorp,2623.3,-0.005717661857462808,2567.9925,2571.423,
2016-02-26,2640.0,2646.0,2535.1,2557.15,2561.932215989728,14797,2256,37908911.0,3084.0,20.84,110.9,-82.85,Hero Motocorp,2557.15,-2.521633057599215,2567.71,2570.697,
2016-02-29,2570.0,2570.0,2473.85,2499.65,2516.9672799650466,41198,4006,103694018.0,10625.0,25.79,96.15,-70.35,Hero Motocorp,2499.65,-2.248597070957903,2565.9425,2567.695,
2016-03-01,2508.5,2682.0,2506.0,2667.0,2617.5720597667287,42097,4137,110191931.0,9627.0,22.87,176.0,158.5,Hero Motocorp,2667.0,6.6949372912207705,2573.2025,2568.203,BUY
2016-03-02,2681.0,2857.35,2681.0,2807.75,2823.1917658092457,94897,7224,267912429.0,45522.0,47.97,176.35,126.75,Hero Motocorp,2807.75,5.277465316835395,2589.355,2570.442,
2016-03-03,2810.0,2847.05,2810.0,2824.75,2829.5221420370676,36582,3323,103509579.0,9970.0,27.25,37.05,14.75,Hero Motocorp,2824.75,0.6054670109518323,2605.0675,2573.557,
2016-03-04,2817.0,2854.25,2788.95,2835.8,2831.140403587444,22300,2360,63134431.0,4324.0,19.39,65.3,18.8,Hero Motocorp,2835.8,0.3911850606248324,2617.955,2576.769,
2016-03-08,2838.0,2850.0,2800.0,2809.9,2833.6468122362608,323236,1805,915936661.0,313657.0,97.04,50.0,-28.1,Hero Motocorp,2809.9,-0.9133225192185623,2630.045,2579.173,
2016-03-09,2807.9,2828.75,2789.0,2816.95,2815.1225951061574,16061,1595,45213684.0,7462.0,46.46,39.75,9.05,Hero Motocorp,2816.95,0.25089860849139,2641.91,2581.467,
2016-03-10,2827.7,2848.5,2797.75,2812.1,2814.020930410205,78546,4378,221030088.0,41606.0,52.97,50.75,-15.6,Hero Motocorp,2812.1,-0.17217203003248027,2655.1425,2583.024,
2016-03-11,2812.0,2839.8,2795.0,2810.5,2820.6207565212767,37646,1752,106185089.0,23942.0,63.6,44.8,-1.5,Hero Motocorp,2810.5,-0.05689698090394213,2670.745,2585.001,
2016-03-14,2815.1,2833.45,2803.15,2817.15,2814.858251583261,16106,1625,45336107.0,6594.0,40.94,30.3,2.05,Hero Motocorp,2817.15,0.23661270236612353,2687.2774999999997,2587.4390000000003,
2016-03-15,2815.0,2838.0,2807.0,2812.95,2826.2800788954637,20280,1140,57316960.0,11422.0,56.32,31.0,-2.05,Hero Motocorp,2812.95,-0.1490868430861103,2702.1400000000003,2589.9410000000003,
2016-03-16,2820.0,2835.0,2763.5,2797.95,2802.25,24200,2085,67814450.0,7815.0,32.29,71.5,-22.05,Hero Motocorp,2797.95,-0.5332480136511442,2716.6150000000002,2592.99,
2016-03-17,2810.0,2838.0,2807.45,2819.5,2824.8121523011346,13841,1042,39098225.0,5403.0,39.04,30.55,9.5,Hero Motocorp,2819.5,0.7702067585196426,2731.395,2596.959,
2016-03-18,2828.0,2837.85,2795.0,2832.9,2829.0588677697247,14626,1567,41377815.0,6584.0,45.02,42.85,4.9,Hero Motocorp,2832.9,0.4752615712005692,2741.9925,2601.982,
2016-03-21,2806.0,2823.95,2778.85,2802.75,2801.36521176253,54070,3594,151469817.0,31142.0,57.6,45.1,-3.25,Hero Motocorp,2802.75,-1.0642804193582545,2746.8875,2607.774,
2016-03-22,2780.0,2899.0,2754.5,2866.75,2846.9678252458184,106481,5011,303147981.0,56879.0,53.42,144.5,86.75,Hero Motocorp,2866.75,2.283471590402275,2754.9275000000002,2615.3289999999997,
2016-03-23,2870.0,2914.5,2864.0,2870.35,2888.4701923076923,42640,3753,123164369.0,10509.0,24.65,50.5,0.35,Hero Motocorp,2870.35,0.12557774483299422,2765.43,2622.672,
2016-03-28,2872.2,2878.5,2832.2,2848.2,2852.087937090851,25052,2913,71450507.0,9478.0,37.83,46.3,-24.0,Hero Motocorp,2848.2,-0.7716828958141075,2776.6675,2630.245,
2016-03-29,2848.0,2878.9,2836.3,2851.35,2860.445236552171,10801,1034,30895669.0,2533.0,23.45,42.6,3.35,Hero Motocorp,2851.35,0.11059616599957689,2788.0699999999997,2637.857,
2016-03-30,2858.0,2923.85,2858.0,2922.45,2919.371021646357,77796,2706,227115388.0,62000.0,79.7,65.85,64.45,Hero Motocorp,2922.45,2.4935556841496176,2806.335,2647.644,
2016-03-31,2920.0,2985.0,2919.1,2943.4,2951.66373991457,46354,4300,136821421.0,17662.0,38.1,65.9,23.4,Hero Motocorp,2943.4,0.7168642748379028,2828.5225,2658.005,
2016-04-01,2939.0,2970.0,2923.0,2951.05,2949.8953047535724,17145,1670,50575955.0,3042.0,17.74,47.0,12.05,Hero Motocorp,2951.05,0.2599035129442262,2842.725,2668.402,
2016-04-04,2970.05,2987.8,2948.05,2979.4,2971.741097690719,15979,2210,47485451.0,3183.0,19.92,39.75,9.35,Hero Motocorp,2979.4,0.960675013978074,2851.3075,2678.3309999999997,
2016-04-05,2978.0,3009.9,2936.7,2956.25,2971.643211547136,66510,2762,197643990.0,4946.0,7.44,73.2,-21.75,Hero Motocorp,2956.25,-0.777002080955902,2857.8825,2687.695,
2016-04-06,2960.0,3005.0,2960.0,2983.55,2987.4992185345222,10877,1763,32495029.0,1421.0,13.06,45.0,23.55,Hero Motocorp,2983.55,0.9234672304439862,2865.27,2697.896,
2016-04-07,2985.0,2985.05,2942.5,2968.3,2962.8435178765967,10097,1562,29915831.0,2395.0,23.72,42.55,-16.7,Hero Motocorp,2968.3,-0.5111360627440442,2873.1899999999996,2705.5409999999997,
2016-04-08,2968.0,2968.0,2885.35,2920.3,2909.186899403965,16442,2270,47832851.0,1344.0,8.17,82.65,-47.7,Hero Motocorp,2920.3,-1.6170872216420218,2878.3575,2713.531,
2016-04-11,2941.0,2985.0,2908.05,2976.55,2950.459180158457,17418,2495,51391098.0,4879.0,28.01,76.95,35.55,Hero Motocorp,2976.55,1.9261719686333612,2886.5800000000004,2723.4210000000003,
2016-04-12,2980.0,3060.0,2973.1,3049.95,3039.208899605436,27372,3375,83189226.0,7787.0,28.45,86.9,69.95,Hero Motocorp,3049.95,2.4659421141925986,2898.5525000000002,2735.449,
2016-04-13,3060.0,3170.0,3040.1,3151.65,3106.0678456159226,44616,5314,138580323.0,9056.0,20.3,129.9,91.65,Hero Motocorp,3151.65,3.334480893129399,2915.2775,2747.2260000000006,
2016-04-18,3148.0,3157.5,3050.0,3065.35,3093.038179280537,22211,2980,68699471.0,5649.0,25.43,107.5,-82.65,Hero Motocorp,3065.35,-2.7382482191867785,2927.8975,2757.8330000000005,
2016-04-20,3069.0,3079.0,3006.25,3040.7,3044.025258691507,265374,3246,807805159.0,245490.0,92.51,72.75,-28.3,Hero Motocorp,3040.7,-0.8041496077120125,2940.035,2768.211,
2016-04-21,3050.05,3064.5,2980.0,2988.5,3040.3444596493823,270380,2693,822048335.0,252601.0,93.42,84.5,-61.55,Hero Motocorp,2988.5,-1.7167099680994502,2948.4849999999997,2778.2870000000003,
2016-04-22,2980.0,3026.2,2952.05,3001.0,2999.6155784148978,406447,2729,1219184753.0,382674.0,94.15,74.15,21.0,Hero Motocorp,3001.0,0.4182700351346824,2956.89,2788.097,
2016-04-25,3000.0,3021.0,2960.0,2967.4,2983.167571480275,16578,2374,49454952.0,2809.0,16.94,61.0,-32.6,Hero Motocorp,2967.4,-1.119626791069639,2965.1225,2795.8839999999996,
2016-04-26,2964.45,2964.45,2919.0,2932.1,2939.4860411899317,17480,2429,51382216.0,4301.0,24.61,45.45,-32.35,Hero Motocorp,2932.1,-1.1895935836085503,2968.39,2803.1639999999998,
2016-04-27,2932.1,2963.45,2932.1,2949.05,2940.8181549838428,64368,1563,189294583.0,51982.0,80.76,31.35,16.95,Hero Motocorp,2949.05,0.5780839671225557,2972.325,2810.5519999999997,
2016-04-28,2945.0,2947.0,2889.95,2901.3,2913.909766397605,18707,1886,54510510.0,5373.0,28.72,57.05,-43.7,Hero Motocorp,2901.3,-1.6191654939726297,2974.9800000000005,2817.6290000000004,
2016-04-29,2890.1,2914.8,2870.0,2901.3,2901.522958870473,16290,1836,47265809.0,2580.0,15.84,44.8,11.2,Hero Motocorp,2901.3,0.0,2977.4775,2825.6859999999997,
2016-05-02,2899.4,2930.0,2887.55,2907.7,2903.624930862832,14464,1676,41998031.0,2138.0,14.78,42.45,8.3,Hero Motocorp,2907.7,0.22059076965497137,2976.7400000000002,2834.11,
2016-05-03,2955.0,2959.0,2865.35,2884.4,2906.094183764928,41281,3742,119966474.0,5958.0,14.43,93.65,-70.6,Hero Motocorp,2884.4,-0.8013206314268939,2973.79,2841.4839999999995,
2016-05-04,2899.9,2915.35,2884.55,2897.7,2902.2584968152864,19625,1699,56956823.0,6161.0,31.39,30.8,-2.2,Hero Motocorp,2897.7,0.46110109554846623,2971.1225000000004,2849.2690000000002,
2016-05-05,2922.9,2948.0,2881.0,2893.95,2914.471044427124,51320,4928,149570654.0,10032.0,19.55,67.0,-28.95,Hero Motocorp,2893.95,-0.12941298271043067,2966.85,2856.67,
2016-05-06,2913.0,2913.0,2829.0,2885.05,2872.7454918306844,44863,3826,128879981.0,7378.0,16.45,84.0,-27.95,Hero Motocorp,2885.05,-0.3075381399125665,2963.29,2861.952,
2016-05-09,2890.0,2960.0,2890.0,2948.1,2938.85850579774,27252,2358,80089772.0,7728.0,28.36,70.0,58.1,Hero Motocorp,2948.1,2.185404065787422,2961.5175,2866.8169999999996,
2016-05-10,2948.1,2973.0,2931.0,2961.9,2956.56567284448,26061,2322,77051058.0,8627.0,33.1,42.0,13.8,Hero Motocorp,2961.9,0.46809809707948347,2961.1975,2871.936,
2016-05-11,2934.1,2980.9,2920.05,2960.65,2961.883942174222,29537,2846,87485166.0,7878.0,26.67,60.85,26.55,Hero Motocorp,2960.65,-0.042202640197175345,2963.215,2877.9429999999998,
2016-05-12,2955.05,2979.1,2945.0,2950.15,2956.9288774132974,17041,1460,50389025.0,6080.0,35.68,34.1,-4.9,Hero Motocorp,2950.15,-0.3546518501004847,2961.8949999999995,2884.4770000000003,
2016-05-13,2950.15,2950.15,2897.6,2915.85,2917.5037119041417,15356,1807,44801187.0,3553.0,23.14,52.55,-34.3,Hero Motocorp,2915.85,-1.1626527464705272,2955.19,2890.328,
2016-05-16,2913.0,2913.0,2872.0,2902.95,2890.1890889830506,15104,1793,43653416.0,2123.0,14.06,41.0,-10.05,Hero Motocorp,2902.95,-0.442409588970627,2942.755,2897.244,
2016-05-17,2910.0,2958.0,2907.0,2927.95,2937.918521607673,19183,1566,56358091.0,4556.0,23.75,51.0,17.95,Hero Motocorp,2927.95,0.861192924438936,2935.8849999999998,2905.81,
2016-05-18,2915.9,2915.9,2862.0,2884.85,2884.1953666895133,36475,2431,105201026.0,18487.0,50.68,53.9,-31.05,Hero Motocorp,2884.85,-1.4720196724670842,2928.0925,2910.167,
2016-05-19,2897.4,2911.95,2869.0,2890.3,2892.7807795775857,17471,1473,50539773.0,3350.0,19.17,42.95,-7.1,Hero Motocorp,2890.3,0.1889179680052866,2923.1825,2911.8179999999998,
2016-05-20,2890.0,2907.7,2872.1,2896.75,2893.7528130936726,13686,1855,39603901.0,3699.0,27.03,35.6,6.75,Hero Motocorp,2896.75,0.22316022558210857,2917.9700000000003,2913.258,
2016-05-23,2897.0,2900.0,2864.75,2883.95,2884.3059472716122,13048,1757,37634424.0,3684.0,28.23,35.25,-13.05,Hero Motocorp,2883.95,-0.4418745145421621,2913.7975,2914.2209999999995,SELL
2016-05-24,2865.3,2905.0,2865.3,2893.3,2892.878290354243,11207,1038,32420487.0,4194.0,37.42,39.7,28.0,Hero Motocorp,2893.3,0.3242081173390865,2911.8575,2915.8889999999997,
2016-05-25,2924.0,2934.95,2907.0,2929.25,2924.7231436239763,14531,1851,42499152.0,3019.0,20.78,27.95,5.25,Hero Motocorp,2929.25,1.2425258355510893,2910.8675,2918.135,
2016-05-26,2924.75,2990.05,2916.4,2971.1,2959.535407586415,23173,2213,68581314.0,7348.0,31.71,73.65,46.35,Hero Motocorp,2971.1,1.4286933515404998,2914.3574999999996,2921.315,
2016-05-27,2971.1,3008.1,2970.15,3003.25,2998.1293720597255,19556,2113,58631418.0,4192.0,21.44,37.95,32.15,Hero Motocorp,3003.25,1.082090808118208,2919.455,2925.17,
2016-05-30,3010.0,3105.7,3005.05,3093.9,3067.068739007143,27859,4211,85445468.0,6785.0,24.35,100.65,83.9,Hero Motocorp,3093.9,3.0183967368683895,2928.765,2930.705,
2016-05-31,3104.3,3124.3,3070.0,3099.15,3103.3392809822453,67926,2675,210797424.0,48348.0,71.18,54.3,-5.15,Hero Motocorp,3099.15,0.16968874236400477,2939.5025,2936.429,BUY
2016-06-01,3100.05,3132.0,3068.65,3087.3,3121.019925400537,51743,1901,161490934.0,37538.0,72.55,63.35,-12.75,Hero Motocorp,3087.3,-0.382362905958078,2948.9825,2942.2160000000003,
2016-06-02,3087.3,3144.0,3060.1,3137.3,3124.0299360146246,21880,2419,68353775.0,3730.0,17.05,83.9,50.0,Hero Motocorp,3137.3,1.6195381077316773,2961.15,2948.572,
2016-06-03,3152.0,3207.9,3100.05,3146.8,3174.3076598056377,33134,3581,105177510.0,7272.0,21.95,107.85,-5.2,Hero Motocorp,3146.8,0.3028081471328825,2974.2375,2954.85,
2016-06-06,3140.0,3154.0,3090.0,3102.0,3120.416222319804,15941,2060,49742555.0,5679.0,35.63,64.0,-38.0,Hero Motocorp,3102.0,-1.4236684886233641,2981.9325,2960.835,
2016-06-07,3125.0,3146.45,3111.7,3127.9,3131.8730819815873,13686,1975,42862815.0,3751.0,27.41,34.75,2.9,Hero Motocorp,3127.9,0.8349451966473298,2990.2325,2966.058,
2016-06-08,3130.0,3180.0,3111.8,3170.4,3160.87237425726,11949,1227,37769264.0,2191.0,18.34,68.2,40.4,Hero Motocorp,3170.4,1.3587390901243612,3000.72,2972.059,
2016-06-09,3160.0,3170.35,3072.0,3083.25,3102.4590932570427,25167,2525,78079588.0,10035.0,39.87,98.35,-76.75,Hero Motocorp,3083.25,-2.748864496593495,3007.375,2976.76,
2016-06-10,3055.0,3111.0,3055.0,3067.45,3077.1739010610445,14514,1945,44662102.0,2267.0,15.62,56.0,12.45,Hero Motocorp,3067.45,-0.5124462823319575,3014.955,2981.0820000000003,
2016-06-13,3067.45,3067.45,3017.5,3039.2,3033.7953317197703,30161,2921,91502301.0,9272.0,30.74,49.95,-28.25,Hero Motocorp,3039.2,-0.9209604068526,3021.7675,2983.417,
2016-06-14,3036.45,3039.95,2990.5,3011.55,2998.6452461943386,64969,2148,194818983.0,46613.0,71.75,49.45,-24.9,Hero Motocorp,3011.55,-0.9097788891813563,3025.9475,2984.78,
2016-06-15,3027.65,3086.45,3022.05,3066.7,3065.923409255867,28933,2877,88706362.0,7175.0,24.8,64.4,39.05,Hero Motocorp,3066.7,1.8312828941906778,3035.04,2987.093,
2016-06-16,3042.2,3054.95,3016.2,3023.4,3030.186414891713,11174,1315,33859303.0,2484.0,22.23,38.75,-18.8,Hero Motocorp,3023.4,-1.4119411745524446,3041.695,2987.9730000000004,
2016-06-17,3043.35,3043.35,3015.0,3028.2,3029.9243262224563,11391,1675,34513868.0,3669.0,32.21,28.35,-15.15,Hero Motocorp,3028.2,0.1587616590593255,3048.2675,2989.4120000000003,
2016-06-20,3005.85,3092.0,3005.85,3048.65,3058.832370426191,11943,1772,36531635.0,2412.0,20.2,86.15,42.8,Hero Motocorp,3048.65,0.6753186711577985,3056.5024999999996,2990.7139999999995,
2016-06-21,3055.0,3074.0,3036.5,3048.75,3054.2190279887177,9218,1287,28153791.0,2056.0,22.3,37.5,-6.25,Hero Motocorp,3048.75,0.0032801403900162285,3064.275,2992.323,
2016-06-22,3050.1,3074.1,3027.2,3068.6,3060.857558356328,13409,1600,41043039.0,2202.0,16.42,46.9,18.5,Hero Motocorp,3068.6,0.6510865108650954,3071.2425,2995.2889999999998,
2016-06-23,3077.55,3083.8,3038.75,3062.7,3061.3398793198025,9115,1218,27904113.0,2118.0,23.24,45.05,-14.85,Hero Motocorp,3062.7,-0.19227009059505917,3075.8225,2997.012,
2016-06-24,3062.7,3076.0,2956.0,3055.95,2984.269770690654,117396,2340,350341334.0,96119.0,81.88,120.0,-6.75,Hero Motocorp,3055.95,-0.22039377020276474,3078.4575,2997.132,
2016-06-27,3028.95,3082.0,3025.0,3054.6,3051.7464333269922,15771,1739,48129093.0,3472.0,22.02,57.0,25.65,Hero Motocorp,3054.6,-0.044176115446914466,3076.4925,2995.191,
2016-06-28,3080.0,3080.0,3011.0,3025.5,3039.9481408434362,17239,2342,52405666.0,4902.0,28.44,69.0,-54.5,Hero Motocorp,3025.5,-0.952661559615009,3072.81,2994.3940000000002,
2016-06-29,3035.05,3154.9,3035.05,3145.0,3118.175215772306,34643,3504,108022944.0,8964.0,25.88,119.85,109.95,Hero Motocorp,3145.0,3.94976037018675,3075.6949999999997,2996.48,
2016-06-30,3157.0,3222.35,2987.8,3180.85,3188.3537515793564,41156,5211,131219887.0,10287.0,25.0,234.55,23.85,Hero Motocorp,3180.85,1.1399046104928479,3077.8725000000004,3000.327,
2016-07-01,3185.5,3199.9,3160.35,3176.65,3179.884355146945,19361,2647,61565741.0,3990.0,20.61,39.55,-8.85,Hero Motocorp,3176.65,-0.13204017793985168,3079.365,3003.84,
2016-07-04,3225.0,3225.0,3146.2,3161.75,3161.8471185692206,22645,2064,71600028.0,8095.0,35.75,78.8,-63.25,Hero Motocorp,3161.75,-0.46904758157177984,3082.3525,3007.7270000000003,
2016-07-05,3159.8,3161.7,3105.0,3111.5,3124.8981177412893,12485,1749,39014353.0,4497.0,36.02,56.7,-48.3,Hero Motocorp,3111.5,-1.5893097177196225,3081.5325,3011.315,
2016-07-07,3130.0,3135.0,3090.7,3101.3,3115.274688340259,16364,1400,50978355.0,3175.0,19.4,44.3,-28.7,Hero Motocorp,3101.3,-0.32781616583640316,3078.0775000000003,3014.36,
2016-07-08,3125.0,3170.0,3117.55,3160.2,3151.077930281973,17413,1994,54869720.0,3811.0,21.89,52.45,35.2,Hero Motocorp,3160.2,1.899203559797491,3081.925,3019.538,
2016-07-11,3170.0,3244.2,3170.0,3236.55,3230.3621345693123,63863,4899,206300617.0,24701.0,38.68,74.2,66.55,Hero Motocorp,3236.55,2.415986329979125,3090.38,3026.2430000000004,
2016-07-12,3250.0,3259.35,3223.5,3243.75,3240.584024418337,17364,2149,56269501.0,3710.0,21.37,35.85,-6.25,Hero Motocorp,3243.75,0.22245909996754243,3100.6075,3032.9640000000004,
2016-07-13,3250.0,3259.95,3220.0,3235.55,3238.236701895362,11449,1815,37074572.0,1485.0,12.97,39.95,-14.45,Hero Motocorp,3235.55,-0.2527938342967162,3111.8075,3039.987,
2016-07-14,3229.0,3271.0,3205.9,3251.3,3242.122201699298,27070,3090,87764248.0,9273.0,34.26,65.1,22.3,Hero Motocorp,3251.3,0.48677968197061716,3121.0375,3047.0589999999997,
2016-07-15,3270.0,3289.0,3220.45,3237.7,3260.680513211382,15744,1822,51336154.0,2202.0,13.99,68.55,-32.3,Hero Motocorp,3237.7,-0.41829422077324097,3131.7525,3053.934,
2016-07-18,3253.65,3291.15,3240.0,3254.5,3271.1042667032516,21867,3282,71529237.0,6148.0,28.12,51.15,0.85,Hero Motocorp,3254.5,0.5188868641319511,3143.0675,3061.323,
2016-07-19,3260.0,3261.85,3208.0,3229.4,3227.805998378816,18505,1872,59730550.0,5803.0,31.36,53.85,-30.6,Hero Motocorp,3229.4,-0.771239821785219,3152.105,3066.9489999999996,
2016-07-20,3240.0,3283.0,3235.15,3276.6,3269.876069839096,11684,1410,38205232.0,3628.0,31.05,47.85,36.6,Hero Motocorp,3276.6,1.4615718090047691,3163.4975000000004,3073.243,
2016-07-21,3300.0,3306.1,3260.3,3265.65,3284.7997328286765,8983,1284,29507356.0,2007.0,22.34,45.8,-34.35,Hero Motocorp,3265.65,-0.33418787767807157,3173.35,3079.343,
2016-07-22,3272.25,3285.85,3254.05,3260.35,3265.393965641692,6927,979,22619384.0,1773.0,25.6,31.8,-11.9,Hero Motocorp,3260.35,-0.16229540826482314,3183.2325,3085.547,
2016-07-25,3260.35,3285.5,3250.0,3279.7,3270.830126893164,14658,1282,47943828.0,6922.0,47.22,35.5,19.35,Hero Motocorp,3279.7,0.5934945634671118,3194.42,3092.824,
2016-07-26,3280.0,3281.0,3173.0,3210.3,3240.8759812392,20255,2012,65643943.0,7339.0,36.23,108.0,-69.7,Hero Motocorp,3210.3,-2.116047199438964,3202.2050000000004,3098.9709999999995,
2016-07-27,3210.3,3257.15,3189.9,3203.5,3212.042115467471,9284,1233,29820599.0,2666.0,28.72,67.25,-6.8,Hero Motocorp,3203.5,-0.21181821013612767,3211.1050000000005,3104.482,
2016-07-28,3203.6,3229.45,3150.0,3192.3,3202.547792137857,37140,3092,118942625.0,10313.0,27.77,79.45,-11.3,Hero Motocorp,3192.3,-0.3496176057437128,3213.4700000000003,3110.631,
2016-07-29,3190.0,3243.7,3176.55,3206.45,3219.293306849645,16614,1447,53485339.0,3835.0,23.08,67.15,16.45,Hero Motocorp,3206.45,0.4432540801303064,3214.75,3116.954,
2016-08-01,3211.0,3395.0,3200.0,3219.35,3226.0249130938582,17260,1845,55681190.0,4864.0,28.18,195.0,8.35,Hero Motocorp,3219.35,0.40231408567106275,3216.885,3123.4060000000004,
2016-08-02,3220.0,3279.0,3201.95,3260.0,3259.46205939023,70584,3032,230065870.0,45093.0,63.89,77.05,40.0,Hero Motocorp,3260.0,1.2626772485129,3221.7975,3130.927,
2016-08-03,3278.1,3305.9,3210.5,3237.1,3268.219232051398,32997,2337,107841430.0,8202.0,24.86,95.4,-41.0,Hero Motocorp,3237.1,-0.7024539877300673,3228.0775000000003,3137.8030000000003,
2016-08-04,3255.0,3305.0,3250.0,3270.1,3279.462836447444,24298,1893,79684388.0,8861.0,36.47,55.0,15.1,Hero Motocorp,3270.1,1.0194309721664352,3236.5175,3144.62,
2016-08-05,3299.95,3455.65,3287.25,3434.3,3373.13076890774,47626,4147,160648726.0,12461.0,26.16,168.4,134.35,Hero Motocorp,3434.3,5.021253172685869,3250.2225000000003,3153.884,
2016-08-08,3525.0,3553.55,3410.0,3456.8,3483.8617296546013,135264,13027,471241073.0,15951.0,11.79,143.55,-68.2,Hero Motocorp,3456.8,0.6551553446117131,3261.2349999999997,3162.955,
2016-08-09,3464.0,3490.0,3394.3,3407.3,3423.9617331642635,101733,4033,348329899.0,64765.0,63.66,95.7,-56.7,Hero Motocorp,3407.3,-1.4319601943994398,3269.4125,3169.2230000000004,
2016-08-10,3424.0,3442.85,3303.0,3320.5,3386.401975768046,45147,2514,152885890.0,23378.0,51.78,139.85,-103.5,Hero Motocorp,3320.5,-2.547471605083207,3273.66,3173.65,
2016-08-11,3317.0,3369.95,3291.6,3303.8,3328.344720914593,22305,1820,74238729.0,4904.0,21.99,78.35,-13.2,Hero Motocorp,3303.8,-0.5029363047733715,3276.2850000000003,3177.98,
2016-08-12,3310.0,3364.85,3301.5,3313.3,3336.2924714828896,26300,2571,87744492.0,7828.0,29.76,63.35,3.3,Hero Motocorp,3313.3,0.2875476723772641,3280.065,3181.5,
2016-08-16,3315.0,3320.0,3281.0,3294.7,3296.7897721414574,9699,1228,31975564.0,1800.0,18.56,39.0,-20.3,Hero Motocorp,3294.7,-0.5613738568798543,3282.075,3184.458,
2016-08-17,3313.5,3429.0,3308.05,3360.15,3389.3118123914305,44902,3777,152186879.0,12065.0,26.87,120.95,46.65,Hero Motocorp,3360.15,1.9865238109691319,3288.6125,3189.6209999999996,
2016-08-18,3360.0,3410.0,3356.6,3369.4,3377.803884646232,28677,2777,96865282.0,6321.0,22.04,53.4,9.4,Hero Motocorp,3369.4,0.27528532952398876,3293.2525,3194.4509999999996,
2016-08-19,3380.0,3380.0,3343.8,3359.25,3358.8029382797113,12184,1244,40923655.0,1787.0,14.67,36.2,-20.75,Hero Motocorp,3359.25,-0.301240576957329,3297.9325000000003,3198.228,
2016-08-22,3365.0,3365.0,3306.8,3337.95,3329.2202106422524,14527,1330,48363582.0,3127.0,21.53,58.2,-27.05,Hero Motocorp,3337.95,-0.634070104934148,3301.8125,3203.322,
2016-08-23,3382.0,3382.0,3296.15,3306.45,3308.8534340941806,19452,2028,64363817.0,4933.0,25.36,85.85,-75.55,Hero Motocorp,3306.45,-0.9436929852154718,3303.15,3208.1020000000003,
2016-08-24,3306.45,3323.0,3287.9,3309.5,3305.010820010941,16451,1676,54370733.0,4095.0,24.89,35.1,3.05,Hero Motocorp,3309.5,0.092243947436077,3308.1099999999997,3213.5080000000003,
2016-08-25,3305.0,3332.95,3290.0,3303.75,3311.1980333242286,14644,1543,48489184.0,3230.0,22.06,42.95,-1.25,Hero Motocorp,3303.75,-0.17374225713854274,3313.1225,3219.3520000000003,
2016-08-26,3322.25,3334.0,3300.0,3316.8,3313.2430894901904,13711,1534,45427876.0,3100.0,22.61,34.0,-5.45,Hero Motocorp,3316.8,0.39500567536889797,3319.3475,3224.3540000000003,
2016-08-29,3316.5,3415.0,3282.0,3405.75,3364.5605142986687,30877,2395,103887535.0,9174.0,29.71,133.0,89.25,Hero Motocorp,3405.75,2.681801736613587,3329.3125,3232.0009999999997,
2016-08-30,3414.0,3483.4,3414.0,3473.35,3458.735147259085,37451,2464,129533090.0,14779.0,39.46,69.4,59.35,Hero Motocorp,3473.35,1.9848785142773329,3342.0125,3240.9040000000005,
2016-08-31,3480.0,3576.0,3480.0,3547.5,3548.8815335722497,44367,3165,157453227.0,10574.0,23.83,96.0,67.5,Hero Motocorp,3547.5,2.1348266083176304,3356.3875,3250.8810000000003,
2016-09-01,3551.0,3597.15,3520.0,3546.9,3564.368947815489,27077,2762,96512418.0,5648.0,20.86,77.15,-4.1,Hero Motocorp,3546.9,-0.01691331923889816,3371.8775,3260.844,
2016-09-02,3580.0,3614.35,3553.85,3578.55,3577.7068346542032,29526,2865,105635372.0,6110.0,20.69,60.5,-1.45,Hero Motocorp,3578.55,0.8923285122219404,3387.3,3271.0429999999997,
2016-09-06,3581.0,3650.0,3581.0,3614.05,3620.438698363211,25660,2918,92900457.0,8439.0,32.89,69.0,33.05,Hero Motocorp,3614.05,0.9920219083148218,3396.2875,3282.07,
2016-09-07,3699.8,3699.8,3578.35,3609.85,3599.639682013912,15095,1918,54336561.0,4664.0,30.9,121.45,-89.95,Hero Motocorp,3609.85,-0.11621311271289292,3403.94,3293.1480000000006,
2016-09-08,3605.0,3739.9,3605.0,3697.65,3699.739671244156,34007,3387,125817047.0,13803.0,40.59,134.9,92.65,Hero Motocorp,3697.65,2.432234026344582,3418.4574999999995,3306.009,
2016-09-09,3690.0,3705.5,3568.65,3623.8,3626.2644481812554,22598,2829,81946324.0,6230.0,27.57,136.85,-66.2,Hero Motocorp,3623.8,-1.99721444701364,3433.6225,3317.975,
2016-09-12,3565.0,3565.0,3493.1,3529.05,3516.426084780899,27978,3302,98382569.0,5275.0,18.85,71.9,-35.95,Hero Motocorp,3529.05,-2.6146586456206156,3444.8849999999998,3325.6560000000004,
2016-09-14,3530.0,3612.0,3530.0,3589.5,3573.9402144035184,14552,1971,52007978.0,2898.0,19.91,82.0,59.5,Hero Motocorp,3589.5,1.7129255748714156,3458.6949999999997,3333.829,
2016-09-15,3570.0,3573.0,3508.0,3522.6,3524.3486160997254,28398,3029,100084452.0,4031.0,14.19,65.0,-47.4,Hero Motocorp,3522.6,-1.8637693272043454,3470.09,3340.748,
2016-09-16,3556.7,3639.0,3529.95,3585.15,3592.271767997724,42172,4052,151493285.0,5131.0,12.17,109.05,28.45,Hero Motocorp,3585.15,1.7756770567194824,3481.34,3349.2160000000003,
2016-09-19,3601.0,3617.15,3544.05,3554.3,3571.4144368963443,21639,2105,77281837.0,7485.0,34.59,73.1,-46.7,Hero Motocorp,3554.3,-0.8604939821206914,3490.585,3358.072,
2016-09-20,3558.0,3558.0,3460.0,3468.1,3482.6178500090796,22028,2508,76715106.0,9377.0,42.57,98.0,-89.9,Hero Motocorp,3468.1,-2.4252314098416106,3496.0274999999992,3365.408,
2016-09-21,3497.0,3510.0,3416.9,3460.0,3473.8655263523847,28764,3282,99922268.0,6528.0,22.7,93.1,-37.0,Hero Motocorp,3460.0,-0.23355727920186808,3502.13,3371.4040000000005,
2016-09-22,3500.0,3577.8,3500.0,3538.6,3547.7707984119984,34005,3266,120641946.0,9730.0,28.61,77.8,38.6,Hero Motocorp,3538.6,2.2716763005780294,3513.7375,3377.4450000000006,
2016-09-23,3538.6,3553.45,3515.65,3531.75,3535.2966726766103,12202,1117,43137690.0,4044.0,33.14,37.8,-6.85,Hero Motocorp,3531.75,-0.19357938167636757,3524.85,3383.205,
2016-09-26,3565.0,3565.0,3450.95,3463.7,3478.417975740704,20116,2794,69971856.0,7384.0,36.71,114.05,-101.3,Hero Motocorp,3463.7,-1.9268068238125657,3532.8475,3387.768,
2016-09-27,3486.0,3499.9,3440.0,3450.55,3459.99252068746,25136,1948,86970372.0,10301.0,40.98,59.9,-35.45,Hero Motocorp,3450.55,-0.37965181742066756,3539.535,3391.7530000000006,
2016-09-28,3475.0,3490.0,3439.5,3450.45,3464.6509256180025,9021,1200,31254616.0,3086.0,34.21,50.5,-24.55,Hero Motocorp,3450.45,-0.0028980887105012343,3541.7699999999995,3396.008,
2016-09-29,3485.0,3495.95,3409.95,3428.5,3454.90517390552,23116,2665,79863588.0,6911.0,29.9,86.0,-56.5,Hero Motocorp,3428.5,-0.6361489081134319,3539.5275,3399.488,
2016-09-30,3462.0,3462.0,3392.0,3414.35,3419.355641298563,30064,3071,102799508.0,12226.0,40.67,70.0,-47.65,Hero Motocorp,3414.35,-0.41271693160274125,3532.8700000000003,3403.187,
2016-10-03,3469.0,3542.85,3448.0,3523.0,3508.590799748344,27021,2806,94805632.0,11826.0,43.77,94.85,54.0,Hero Motocorp,3523.0,3.1821576581194,3531.675,3408.115,
2016-10-04,3581.0,3600.0,3516.3,3531.55,3553.407341872441,37865,2791,134549769.0,7936.0,20.96,83.7,-49.45,Hero Motocorp,3531.55,0.24269088844734998,3529.325,3413.433,
2016-10-05,3583.0,3583.0,3485.0,3490.4,3497.884365488808,46327,2079,162046489.0,27755.0,59.91,98.0,-92.6,Hero Motocorp,3490.4,-1.1652107431581071,3523.1425000000004,3418.034,
2016-10-06,3525.3,3525.3,3462.4,3473.6,3485.9623189384474,29617,2340,103243746.0,10268.0,34.67,62.9,-51.7,Hero Motocorp,3473.6,-0.48132019252807856,3516.3300000000004,3421.9119999999994,
2016-10-07,3495.0,3495.0,3450.0,3471.7,3467.8095801059926,24530,1528,85065369.0,14513.0,59.16,45.0,-23.3,Hero Motocorp,3471.7,-0.05469829571626006,3505.0325000000003,3427.14,
2016-10-10,3499.0,3512.9,3479.1,3489.7,3494.4511052440853,57951,4778,202506936.0,41467.0,71.56,33.8,-9.3,Hero Motocorp,3489.7,0.5184779790880611,3498.3275000000003,3432.864,
2016-10-13,3491.0,3519.0,3468.55,3493.5,3495.1608837046792,37207,3538,130044451.0,14524.0,39.04,50.45,2.5,Hero Motocorp,3493.5,0.10889188182365839,3496.55,3438.8880000000004,
2016-10-14,3515.0,3518.85,3466.95,3482.2,3491.7895777277467,18211,1582,63588980.0,7189.0,39.48,51.9,-32.8,Hero Motocorp,3482.2,-0.3234578502934071,3491.185,3444.403,
2016-10-17,3510.0,3510.0,3393.0,3404.15,3427.594240455508,27398,2463,93909227.0,11670.0,42.59,117.0,-105.85,Hero Motocorp,3404.15,-2.2413991155016855,3485.2625,3448.0989999999997,
2016-10-18,3404.15,3435.65,3383.25,3410.5,3410.5188689107254,38264,3278,130500094.0,21577.0,56.39,52.4,6.35,Hero Motocorp,3410.5,0.18653702098907488,3476.53,3451.1089999999995,
2016-10-19,3420.0,3420.0,3360.0,3367.0,3378.7215409099417,21364,2305,72183007.0,7367.0,34.48,60.0,-53.0,Hero Motocorp,3367.0,-1.275472804574107,3467.165,3453.7069999999994,
2016-10-20,3376.3,3404.45,3355.5,3362.75,3380.242539868897,20442,1667,69098918.0,7034.0,34.41,48.95,-13.55,Hero Motocorp,3362.75,-0.12622512622512128,3461.8975000000005,3455.56,
2016-10-21,3371.1,3375.5,3344.55,3360.55,3360.9627397577797,17257,1612,58000134.0,2785.0,16.14,30.95,-10.55,Hero Motocorp,3360.55,-0.06542264515648766,3456.925,3454.085,
2016-10-24,3360.0,3371.5,3330.0,3334.3,3349.13492614256,20174,2064,67565448.0,9010.0,44.66,41.5,-25.7,Hero Motocorp,3334.3,-0.7811221377453048,3446.71,3451.635,SELL
2016-10-25,3335.0,3372.7,3331.05,3357.25,3348.858988421694,16410,1738,54954776.0,7728.0,47.09,41.65,22.25,Hero Motocorp,3357.25,0.6883003928860543,3437.9849999999997,3450.6339999999996,
2016-10-26,3410.0,3454.8,3375.0,3421.55,3420.5125573145647,52997,4949,181276904.0,12813.0,24.18,79.8,11.55,Hero Motocorp,3421.55,1.9152580236801109,3435.8775,3452.655,
2016-10-27,3470.0,3470.0,3300.15,3314.75,3348.413432774937,147088,5748,492511435.0,94914.0,64.53,169.85,-155.25,Hero Motocorp,3314.75,-3.121392351419683,3429.0875,3452.8740000000003,
2016-10-28,3345.0,3420.0,3324.9,3347.65,3349.852679369392,27973,2357,93705429.0,4477.0,16.0,95.1,2.65,Hero Motocorp,3347.65,0.9925333735575803,3423.9474999999998,3453.561,
2016-10-30,3370.6,3381.4,3350.0,3354.6,3358.6780528281006,7231,617,24286601.0,3499.0,48.39,31.4,-16.0,Hero Motocorp,3354.6,0.2076083222559033,3420.2525,3454.759,
2016-11-01,3370.0,3388.1,3355.0,3370.8,3374.3163406852545,14418,1540,48650893.0,4492.0,31.16,33.1,0.8,Hero Motocorp,3370.8,0.48291897692720465,3418.075,3454.972,
2016-11-02,3360.0,3360.0,3316.25,3324.25,3337.401830663616,13110,1658,43753338.0,3738.0,28.51,43.75,-35.75,Hero Motocorp,3324.25,-1.3809778094221015,3408.1375,3454.0690000000004,
2016-11-03,3330.0,3400.0,3317.0,3379.5,3371.5187374394136,25377,2554,85559031.0,8478.0,33.41,83.0,49.5,Hero Motocorp,3379.5,1.662029029104306,3400.535,3454.474,
2016-11-04,3390.0,3390.0,3250.0,3282.95,3300.63795540201,25472,3684,84073850.0,6700.0,26.3,140.0,-107.05,Hero Motocorp,3282.95,-2.856931498742421,3390.1625,3453.3740000000003,
2016-11-07,3300.0,3379.0,3264.65,3350.15,3326.2245315323885,21026,2726,69937197.0,3989.0,18.97,114.35,50.15,Hero Motocorp,3350.15,2.0469394903973592,3383.9900000000002,3454.248,
2016-11-08,3378.0,3381.0,3327.0,3369.6,3360.25730328553,13179,1714,44284831.0,3572.0,27.1,54.0,-8.4,Hero Motocorp,3369.6,0.5805710192080982,3378.8849999999998,3455.45,
2016-11-09,3262.0,3262.0,3097.95,3235.7,3204.124582481679,60177,6516,192814605.0,10739.0,17.85,164.05,-26.3,Hero Motocorp,3235.7,-3.9737654320987637,3366.185,3454.0889999999995,
2016-11-10,3290.0,3312.45,3135.0,3144.55,3204.4965909873513,43561,5156,139591076.0,15637.0,35.9,177.45,-145.45,Hero Motocorp,3144.55,-2.817010229625727,3348.7375,3450.6440000000002,
2016-11-11,3144.55,3144.55,2970.0,2981.75,3020.294168059305,46674,5392,140969210.0,13501.0,28.93,174.55,-162.8,Hero Motocorp,2981.75,-5.177211365696211,3323.715,3442.164,
2016-11-15,2980.0,2980.0,2869.0,2900.7,2904.7038776781865,41726,4708,121201674.0,17142.0,41.08,111.0,-79.3,Hero Motocorp,2900.7,-2.718202397920688,3298.5425000000005,3430.711,
2016-11-16,2926.0,3018.0,2894.35,2914.5,2954.852871657918,32577,2957,96260242.0,5147.0,15.8,123.65,-11.5,Hero Motocorp,2914.5,0.4757472334264268,3273.7425000000003,3418.051,
2016-11-17,2949.0,2949.0,2844.4,2878.15,2875.383648652317,36841,4613,105932009.0,11591.0,31.46,104.6,-70.85,Hero Motocorp,2878.15,-1.2472122147881293,3249.3,3404.676,
2016-11-18,2900.0,2942.0,2876.0,2934.75,2923.122438042852,98899,3908,289093886.0,78081.0,78.95,66.0,34.75,Hero Motocorp,2934.75,1.9665410072442269,3227.9,3391.8,
2016-11-21,2945.0,2953.45,2897.0,2928.1,2920.99936776386,50614,2522,147843462.0,37234.0,73.56,56.45,-16.9,Hero Motocorp,2928.1,-0.2265951103160413,3206.2775,3378.0809999999997,
2016-11-22,2941.0,3015.0,2933.25,2997.0,2979.551675064425,25999,2525,77465364.0,7670.0,29.5,81.75,56.0,Hero Motocorp,2997.0,2.3530617123732167,3189.4125,3365.8239999999996,
2016-11-23,3030.0,3030.0,2996.35,3012.85,3011.7337212524244,14436,1419,43477388.0,2937.0,20.34,33.65,-17.15,Hero Motocorp,3012.85,0.5288621955288564,3172.1925,3352.1279999999997,
2016-11-24,2999.0,3069.0,2978.55,3049.6,3028.059966072943,11790,1696,35700827.0,2599.0,22.04,90.45,50.6,Hero Motocorp,3049.6,1.21977529581625,3153.5950000000003,3340.6440000000002,
2016-11-25,3050.0,3092.5,3029.4,3039.1,3056.8933428350847,16839,1755,51475027.0,4524.0,26.87,63.1,-10.9,Hero Motocorp,3039.1,-0.3443074501573995,3139.8125,3330.845,
2016-11-28,3050.0,3117.0,3050.0,3101.5,3093.8103613848875,19785,2457,61211038.0,2609.0,13.19,67.0,51.5,Hero Motocorp,3101.5,2.0532394458885994,3127.505,3321.085,
2016-11-29,3117.9,3180.0,3074.4,3160.05,3143.9834987351624,25695,2898,80784656.0,3582.0,13.94,105.6,42.15,Hero Motocorp,3160.05,1.8877962276317994,3117.7775,3313.8340000000003,
2016-11-30,3160.0,3176.0,3135.0,3169.0,3160.861311695079,13433,1573,42459850.0,3992.0,29.72,41.0,9.0,Hero Motocorp,3169.0,0.2832233667188655,3107.6875,3305.511,
2016-12-01,3159.5,3215.0,3148.7,3178.35,3167.618263637361,18222,2249,57720340.0,4186.0,22.97,66.3,18.85,Hero Motocorp,3178.35,0.2950457557589159,3100.3925,3297.992,
2016-12-02,3160.0,3213.0,3150.5,3183.7,3179.2959828810426,20562,2281,65372684.0,3663.0,17.81,62.5,23.7,Hero Motocorp,3183.7,0.16832633284564746,3090.6025,3292.3039999999996,
2016-12-05,3183.65,3258.0,3170.6,3224.4,3224.134340473506,22175,2195,71495179.0,4543.0,20.49,87.4,40.75,Hero Motocorp,3224.4,1.2783867826742457,3087.675,3287.592,
2016-12-06,3228.7,3241.2,3186.2,3198.0,3212.970894200974,9036,944,29032405.0,1318.0,14.59,55.0,-30.7,Hero Motocorp,3198.0,-0.8187569780424342,3080.0675,3280.78,
2016-12-07,3250.0,3250.0,3200.0,3227.2,3228.907217541366,19702,1679,63615930.0,6559.0,33.29,50.0,-22.8,Hero Motocorp,3227.2,0.9130706691682144,3072.9474999999998,3274.689,
2016-12-08,3260.0,3331.5,3248.1,3308.95,3301.360669607784,33094,3574,109255230.0,15889.0,48.01,83.4,48.95,Hero Motocorp,3308.95,2.533155676747656,3076.6099999999997,3271.594,
2016-12-09,3344.0,3344.0,3271.05,3281.15,3285.7674433869374,15235,1720,50058667.0,3203.0,21.02,72.95,-62.85,Hero Motocorp,3281.15,-0.8401456655434458,3083.44,3268.2059999999997,
2016-12-12,3272.0,3272.0,3199.55,3216.55,3226.5060612905654,13281,1303,42851227.0,3214.0,24.2,72.45,-55.45,Hero Motocorp,3216.55,-1.9688219069533552,3095.18,3263.528,
2016-12-13,3210.0,3239.45,3195.45,3201.95,3207.5991235758106,28525,1405,91496765.0,15488.0,54.3,44.0,-8.05,Hero Motocorp,3201.95,-0.4539024731467056,3110.2425,3258.9970000000003,
2016-12-14,3206.9,3221.05,3142.0,3163.2,3171.6877747837184,14102,1729,44727141.0,2557.0,18.13,79.05,-43.7,Hero Motocorp,3163.2,-1.2102000343540698,3122.6775,3253.974,
2016-12-15,3149.6,3200.15,3120.05,3168.1,3175.227557411273,18202,1991,57795492.0,3397.0,18.66,80.1,18.5,Hero Motocorp,3168.1,0.15490642387456788,3137.175,3246.8759999999997,
2016-12-16,3168.1,3183.4,3119.5,3128.0,3133.8595473012188,8615,1074,26998200.0,2347.0,27.24,63.9,-40.1,Hero Motocorp,3128.0,-1.265742874277953,3146.8375,3238.805,
2016-12-19,3151.65,3151.65,3087.7,3105.7,3111.9921494315104,14776,1279,45982796.0,6001.0,40.61,63.95,-45.95,Hero Motocorp,3105.7,-0.7129156010230231,3155.7174999999997,3231.111,
2016-12-20,3135.0,3135.0,3040.2,3057.15,3060.72227649608,39921,2536,122187094.0,27881.0,69.84,94.8,-77.85,Hero Motocorp,3057.15,-1.5632546607849962,3158.7249999999995,3222.782,
2016-12-21,3068.0,3101.0,3021.05,3026.65,3056.86555652936,17115,2109,52318254.0,5472.0,31.97,79.95,-41.35,Hero Motocorp,3026.65,-0.9976612204177115,3159.415,3213.881,
2016-12-22,3022.0,3040.0,2983.8,3000.5,3005.0250790305586,14235,1514,42776532.0,4324.0,30.38,56.2,-21.5,Hero Motocorp,3000.5,-0.8639915418036437,3156.96,3204.0969999999998,
2016-12-23,3008.0,3050.0,2992.15,3036.0,3022.128564749883,8556,898,25857332.0,2027.0,23.69,57.85,28.0,Hero Motocorp,3036.0,1.1831361439760046,3156.805,3194.9469999999997,
2016-12-26,3040.1,3045.85,2976.5,3004.4,2998.306242762396,9499,932,28480911.0,3106.0,32.7,69.35,-35.7,Hero Motocorp,3004.4,-1.0408432147562596,3151.95,3185.3910000000005,
2016-12-27,2981.0,3046.35,2957.0,3034.0,2993.3546399406086,13470,1561,40320487.0,2194.0,16.29,89.35,53.0,Hero Motocorp,3034.0,0.9852216748768461,3145.6475,3177.9880000000003,
2016-12-28,3035.0,3050.0,3000.0,3004.8,3023.5390746500775,10288,1459,31106170.0,3138.0,30.5,50.0,-30.2,Hero Motocorp,3004.8,-0.9624258404746122,3137.4375,3169.8740000000003,
2016-12-29,3032.95,3050.0,2975.0,3032.3,3016.467072203121,18905,1697,57026310.0,6275.0,33.19,75.0,-0.65,Hero Motocorp,3032.3,0.9152023429179978,3130.1349999999998,3163.18,
2016-12-30,3045.0,3061.5,3028.0,3044.75,3046.8315466219988,17910,1513,54568753.0,6286.0,35.1,33.5,-0.25,Hero Motocorp,3044.75,0.410579428156832,3123.1875,3156.82,
2017-01-02,3045.0,3068.1,2991.5,3028.7,3018.372486288848,19692,2200,59437791.0,5539.0,28.13,76.6,-16.3,Hero Motocorp,3028.7,-0.527136874948686,3113.4025,3150.183,
2017-01-03,2972.7,3018.45,2966.0,2987.35,2995.536390322907,19758,1989,59185808.0,5826.0,29.49,52.45,14.65,Hero Motocorp,2987.35,-1.3652722290091401,3102.87,3143.244,
2017-01-04,3012.0,3025.95,2976.05,3014.25,2998.4089376932966,28777,3234,86285214.0,5841.0,20.3,49.9,2.25,Hero Motocorp,3014.25,0.9004636216044304,3092.2225,3136.384,
2017-01-05,3020.0,3081.5,3015.25,3072.3,3058.3842028767604,39906,3317,122047880.0,14783.0,37.04,66.25,52.3,Hero Motocorp,3072.3,1.9258522020403124,3080.3900000000003,3129.3989999999994,
2017-01-06,3085.0,3118.25,3055.95,3068.6,3082.6249686260726,19921,2494,61408972.0,4492.0,22.55,62.3,-16.4,Hero Motocorp,3068.6,-0.1204309474986287,3069.7625,3124.4759999999997,
2017-01-09,3100.0,3108.0,3029.3,3035.9,3067.2984099324763,13773,1713,42245901.0,3282.0,23.83,78.7,-64.1,Hero Motocorp,3035.9,-1.0656325360098973,3060.7300000000005,3118.241,
2017-01-10,3040.1,3073.45,3020.1,3062.95,3047.943180827887,11475,1788,34975148.0,2340.0,20.39,53.35,22.85,Hero Motocorp,3062.95,0.8910043150301306,3053.7799999999997,3112.408,
2017-01-11,3070.0,3092.05,3040.0,3087.0,3068.106050995814,15766,2059,48371760.0,4960.0,31.46,52.05,17.0,Hero Motocorp,3087.0,0.7851907474820008,3049.9700000000003,3106.732,
2017-01-12,3114.7,3114.7,3065.0,3079.65,3084.479652491998,30618,2818,94440598.0,17839.0,58.26,49.7,-35.05,Hero Motocorp,3079.65,-0.23809523809523725,3045.5475,3101.84,
2017-01-13,3084.9,3092.7,3021.95,3044.65,3046.8422993945296,14369,2116,43780077.0,4274.0,29.74,70.75,-40.25,Hero Motocorp,3044.65,-1.136492783270826,3041.38,3095.143,
2017-01-16,3051.0,3100.0,3029.0,3091.4,3069.2192495921695,9195,1341,28221471.0,2962.0,32.21,71.0,40.4,Hero Motocorp,3091.4,1.535480268667988,3040.665,3091.3119999999994,
2017-01-17,3110.0,3155.0,3074.4,3131.65,3117.9322179974647,19725,1697,61501213.0,7117.0,36.08,80.6,21.65,Hero Motocorp,3131.65,1.3019990942614967,3044.3900000000003,3086.942,
2017-01-18,3141.0,3159.0,3077.0,3088.85,3112.218345456787,40555,3051,126216015.0,13840.0,34.13,82.0,-52.15,Hero Motocorp,3088.85,-1.366691680104748,3047.5,3081.3269999999993,
2017-01-19,3104.0,3117.7,3068.0,3107.9,3092.6486575198583,15233,1660,47110317.0,3566.0,23.41,49.7,3.9,Hero Motocorp,3107.9,0.6167343833465511,3052.87,3078.771,
2017-01-20,3105.05,3120.0,3050.55,3056.6,3080.609873403726,18089,1560,55725152.0,6451.0,35.66,69.45,-48.45,Hero Motocorp,3056.6,-1.6506322597252265,3053.9,3077.0119999999997,
2017-01-23,3058.0,3108.9,3044.7,3099.55,3056.3918662040865,117313,1719,358554499.0,103338.0,88.09,64.2,41.55,Hero Motocorp,3099.55,1.4051560557482246,3058.6575000000003,3079.368,
2017-01-24,3112.0,3141.45,3087.05,3133.25,3121.9745998798276,18307,1972,57153989.0,9010.0,49.22,54.4,21.25,Hero Motocorp,3133.25,1.0872546014744078,3063.62,3084.0190000000002,
2017-01-25,3140.0,3265.0,3124.85,3240.35,3190.1160701525146,48979,4971,156248695.0,19349.0,39.5,140.15,100.35,Hero Motocorp,3240.35,3.4181760153195517,3075.3975,3090.5360000000005,
2017-01-27,3235.0,3263.0,3201.05,3216.3,3224.738621597171,121590,2102,392095969.0,102844.0,84.58,61.95,-18.7,Hero Motocorp,3216.3,-0.742203774283634,3084.5975000000003,3097.2990000000004,
2017-01-30,3216.3,3216.3,3160.15,3196.85,3188.085465763123,19774,1693,63041202.0,4562.0,23.07,56.15,-19.45,Hero Motocorp,3196.85,-0.6047321456331911,3092.2025000000003,3102.541,
2017-01-31,3210.0,3220.0,3153.75,3179.25,3183.975499881451,12653,1497,40286842.0,1862.0,14.72,66.25,-30.75,Hero Motocorp,3179.25,-0.5505419397219158,3099.73,3107.5640000000003,
2017-02-01,3194.0,3300.0,3170.05,3284.1,3238.8996068315614,48071,3559,155697143.0,13200.0,27.46,129.95,90.1,Hero Motocorp,3284.1,3.297947629157827,3114.5675,3113.3060000000005,BUY
2017-02-02,3269.8,3291.55,3217.5,3226.0,3245.775740586408,39597,3541,128522982.0,10402.0,26.27,74.05,-43.8,Hero Motocorp,3226.0,-1.7691300508510643,3125.1549999999997,3117.5690000000004,
2017-02-03,3227.0,3229.0,3202.0,3215.7,3215.616209686276,27317,4310,87840988.0,12220.0,44.73,27.0,-11.3,Hero Motocorp,3215.7,-0.3192808431494165,3132.325,3120.8909999999996,
2017-02-06,3264.0,3284.5,3249.0,3262.8,3266.0872287503216,23318,2924,76158622.0,10276.0,44.07,35.5,-1.2,Hero Motocorp,3262.8,1.464688870230435,3142.035,3125.365,
2017-02-07,3270.0,3270.05,3227.5,3258.75,3249.347761928185,10165,1107,33029620.0,3684.0,36.24,42.55,-11.25,Hero Motocorp,3258.75,-0.12412651710188571,3153.1775000000002,3128.51,
2017-02-08,3269.0,3282.25,3210.0,3223.8,3243.4942560092145,32991,3639,107006119.0,7228.0,21.91,72.25,-45.2,Hero Motocorp,3223.8,-1.072497123130034,3161.2200000000003,3129.785,
2017-02-09,3273.0,3312.0,3228.0,3264.3,3263.3337228389396,35943,2877,117294004.0,12564.0,34.96,84.0,-8.7,Hero Motocorp,3264.3,1.2562814070351758,3170.085,3131.691,
2017-02-10,3265.0,3279.0,3244.0,3266.45,3265.6409200968524,12390,1194,40461291.0,3841.0,31.0,35.0,1.45,Hero Motocorp,3266.45,0.06586404435866555,3179.425,3133.453,
2017-02-13,3266.45,3272.55,3211.7,3226.4,3238.260537181636,24461,2600,79211091.0,11633.0,47.56,60.85,-40.05,Hero Motocorp,3226.4,-1.2261017312372724,3188.5125000000003,3134.3070000000002,
2017-02-14,3233.85,3233.9,3146.5,3161.15,3166.119872560733,22599,2064,71551143.0,7710.0,34.12,87.4,-72.7,Hero Motocorp,3161.15,-2.022377882469628,3192.0,3133.0419999999995,
2017-02-15,3161.15,3165.0,3089.1,3098.4,3118.2463671029577,19406,2898,60512689.0,7208.0,37.14,75.9,-62.75,Hero Motocorp,3098.4,-1.9850370909320958,3190.3375,3131.05,
2017-02-16,3110.0,3158.0,3054.0,3126.1,3105.136524453694,19220,2375,59680724.0,3324.0,17.29,104.0,16.1,Hero Motocorp,3126.1,0.894009811515617,3192.2,3129.028,
2017-02-17,3126.1,3133.0,3074.0,3085.65,3093.7712510590227,17705,2441,54775220.0,5531.0,31.24,59.0,-40.45,Hero Motocorp,3085.65,-1.2939445315248932,3191.0875,3124.562,
2017-02-20,3086.1,3122.45,3081.0,3103.0,3103.9899085037678,14864,1363,46137706.0,4066.0,27.35,41.45,16.9,Hero Motocorp,3103.0,0.5622802326900267,3193.4075000000003,3120.9990000000003,
2017-02-21,3107.35,3139.0,3090.5,3128.5,3108.464490039029,63799,1972,198316926.0,19588.0,30.7,48.5,21.15,Hero Motocorp,3128.5,0.8217853689977517,3194.855,3119.2380000000003,
2017-02-22,3118.05,3173.95,3111.85,3164.8,3136.805413170525,30629,4734,96077213.0,17579.0,57.39,62.1,46.75,Hero Motocorp,3164.8,1.160300463480901,3196.4325,3118.495,
2017-02-23,3150.0,3199.0,3149.55,3177.2,3177.9468941555324,35401,3283,112502498.0,15752.0,44.5,49.45,27.2,Hero Motocorp,3177.2,0.3918099089989857,3193.275,3118.775,
2017-02-27,3218.0,3218.0,3155.9,3168.35,3181.2036568537255,17392,1759,55327494.0,4742.0,27.27,62.1,-49.65,Hero Motocorp,3168.35,-0.2785471484325841,3190.8774999999996,3118.78,
2017-02-28,3172.1,3177.95,3129.95,3135.0,3147.0273740386124,63710,1528,200497114.0,4185.0,6.57,48.0,-37.1,Hero Motocorp,3135.0,-1.0525983556109564,3187.785,3118.92,
2017-03-01,3149.05,3196.0,3149.05,3184.0,3182.4498578302714,18288,1935,58200643.0,4599.0,25.15,46.95,34.95,Hero Motocorp,3184.0,1.5629984051036772,3188.0225,3120.486,
2017-03-02,3203.0,3260.5,3191.05,3227.55,3238.858833715818,118959,2472,385291408.0,95394.0,80.19,69.45,24.55,Hero Motocorp,3227.55,1.3677763819095468,3185.195,3123.8940000000002,
2017-03-03,3223.95,3289.95,3209.4,3270.55,3242.902694136292,12620,1420,40925432.0,3414.0,27.05,80.55,46.6,Hero Motocorp,3270.55,1.3322799027125853,3187.4225,3128.772,
2017-03-06,3275.95,3332.0,3274.6,3320.85,3305.1776412518375,19044,3618,62943803.0,7952.0,41.76,57.4,44.9,Hero Motocorp,3320.85,1.537967620125058,3192.68,3135.179,
2017-03-07,3315.0,3320.0,3281.65,3299.4,3304.8607068607066,8177,1022,27023846.0,1931.0,23.62,38.35,-15.6,Hero Motocorp,3299.4,-0.6459189665296461,3194.51,3140.447,
2017-03-08,3331.0,3331.0,3258.5,3270.9,3281.91210996898,16441,2094,53957917.0,4222.0,25.68,72.5,-60.1,Hero Motocorp,3270.9,-0.8637934169849038,3195.1175,3145.7769999999996,
2017-03-09,3285.0,3297.85,3259.95,3273.7,3275.1759642364577,21027,1845,68867125.0,10916.0,51.91,37.9,-11.3,Hero Motocorp,3273.7,0.08560335075971093,3197.6125,3150.571,
2017-03-10,3302.9,3326.95,3290.1,3311.6,3307.9078414166406,101423,1395,335497937.0,92806.0,91.5,36.85,8.7,Hero Motocorp,3311.6,1.1577114579833347,3199.9775,3156.7070000000003,
2017-03-14,3351.0,3379.8,3348.0,3357.5,3360.375280599663,533233,4170,1791862992.0,509083.0,95.47,31.8,6.5,Hero Motocorp,3357.5,1.386036960985626,3204.5299999999997,3163.2110000000002,
2017-03-15,3351.1,3406.0,3340.75,3399.25,3368.6297583946566,562322,2961,1894254623.0,544361.0,96.81,65.25,48.15,Hero Motocorp,3399.25,1.2434847356664225,3213.1724999999997,3170.3010000000004,
2017-03-16,3367.0,3387.35,3341.1,3348.8,3362.5701172077584,19282,2269,64837077.0,6691.0,34.7,46.25,-18.2,Hero Motocorp,3348.8,-1.4841509156431565,3222.5550000000003,3176.703,
2017-03-17,3350.2,3374.8,3336.75,3345.25,3358.8231564572766,10252,1303,34434655.0,2787.0,27.18,38.05,-4.95,Hero Motocorp,3345.25,-0.10600812231247314,3234.8975,3183.861,
2017-03-20,3351.7,3366.9,3325.0,3337.65,3340.733233793704,8037,873,26849473.0,4439.0,55.23,41.9,-14.05,Hero Motocorp,3337.65,-0.22718780360212465,3245.475,3190.3289999999997,
2017-03-21,3341.05,3358.15,3330.0,3342.8,3341.513221153846,6656,733,22241112.0,1581.0,23.75,28.15,1.75,Hero Motocorp,3342.8,0.15430018126525447,3258.3325,3195.739,
2017-03-22,3325.0,3338.8,3301.0,3310.55,3316.9427963449743,15978,1437,52998112.0,7464.0,46.71,37.8,-14.45,Hero Motocorp,3310.55,-0.9647600813689095,3268.71,3200.578,
2017-03-23,3333.35,3378.0,3328.05,3366.55,3360.027743995135,13156,2084,44204525.0,4863.0,36.96,49.95,33.2,Hero Motocorp,3366.55,1.6915618250743725,3280.6125,3207.1910000000003,
2017-03-24,3356.1,3385.0,3344.55,3376.6,3371.66462769086,17002,1853,57325042.0,8347.0,49.09,40.45,20.5,Hero Motocorp,3376.6,0.29852519641768716,3291.2025000000003,3213.4639999999995,
2017-03-27,3375.0,3397.0,3311.6,3340.25,3342.895255671588,22216,2280,74265761.0,5902.0,26.57,85.4,-34.75,Hero Motocorp,3340.25,-1.0765266836462728,3299.3550000000005,3218.5289999999995,
2017-03-28,3344.0,3356.9,3312.0,3328.05,3330.396111250944,15892,1991,52926655.0,5578.0,35.1,44.9,-15.95,Hero Motocorp,3328.05,-0.3652421225956104,3307.34,3223.4970000000003,
2017-03-29,3328.05,3336.4,3180.0,3223.25,3284.8637968234766,171949,6884,564829045.0,103495.0,60.19,156.4,-104.8,Hero Motocorp,3223.25,-3.1489911509743007,3311.7525,3227.0690000000004,
2017-03-30,3210.0,3265.0,3202.65,3231.5,3243.485743865245,35739,3007,115918937.0,10331.0,28.91,62.35,21.5,Hero Motocorp,3231.5,0.2559528426277824,3314.1275,3229.8710000000005,
2017-03-31,3206.05,3232.05,3200.0,3223.85,3215.352720918622,48072,2312,154568436.0,8618.0,17.93,32.05,17.8,Hero Motocorp,3223.85,-0.2367321677239742,3313.9425,3231.715,
2017-04-03,3250.0,3263.95,3195.2,3204.7,3223.88035514715,16106,1298,51923817.0,3909.0,24.27,68.75,-45.3,Hero Motocorp,3204.7,-0.5940102672270742,3310.65,3234.032,
2017-04-05,3205.0,3226.5,3191.0,3196.35,3203.3268283067214,15219,1580,48751431.0,5776.0,37.95,35.5,-8.65,Hero Motocorp,3196.35,-0.26055481012262627,3304.425,3235.801,
2017-04-06,3190.0,3219.75,3180.0,3205.35,3201.821741370428,17469,1956,55932624.0,5245.0,30.02,39.75,15.35,Hero Motocorp,3205.35,0.2815711671124932,3299.7225,3238.7760000000003,
2017-04-07,3207.9,3235.0,3200.0,3216.6,3218.728142076503,16836,1952,54190507.0,7619.0,45.25,35.0,8.7,Hero Motocorp,3216.6,0.3509757124807056,3297.0075000000006,3241.117,
2017-04-10,3214.0,3226.95,3187.2,3199.45,3201.8952488687783,8840,1025,28304754.0,3226.0,36.49,39.75,-14.55,Hero Motocorp,3199.45,-0.5331716719517487,3293.2949999999996,3242.441,
2017-04-11,3200.05,3224.25,3186.7,3201.35,3206.1110688474705,13145,2267,42144330.0,7100.0,54.01,37.55,1.3,Hero Motocorp,3201.35,0.05938520683241855,3287.7825,3241.6609999999996,
2017-04-12,3210.95,3233.5,3200.6,3226.15,3221.2439335887607,10962,931,35311276.0,3591.0,32.76,32.9,15.2,Hero Motocorp,3226.15,0.7746731847501964,3281.215,3241.8579999999997,
2017-04-13,3221.4,3245.5,3212.0,3224.9,3227.6311111111113,9000,1045,29048680.0,2591.0,28.79,33.5,3.5,Hero Motocorp,3224.9,-0.0387458735644608,3272.4975,3242.419,
2017-04-17,3210.0,3245.0,3210.0,3229.95,3232.5599802737024,16222,3016,52438588.0,6144.0,37.87,35.0,19.95,Hero Motocorp,3229.95,0.15659400291481163,3266.555,3243.433,
2017-04-18,3242.15,3258.9,3218.2,3223.95,3243.3031674208146,11934,1557,38705580.0,5534.0,46.37,40.7,-18.2,Hero Motocorp,3223.95,-0.18576138949519816,3260.49,3242.23,
2017-04-19,3243.6,3243.6,3185.0,3204.6,3210.668563776364,11948,853,38361068.0,6454.0,54.02,58.6,-39.0,Hero Motocorp,3204.6,-0.6001954124598696,3253.8375,3241.8019999999997,
2017-04-20,3202.7,3215.0,3182.7,3201.25,3199.2516083916084,7150,863,22874649.0,2034.0,28.45,32.3,-1.45,Hero Motocorp,3201.25,-0.1045372277351242,3246.7599999999998,3241.513,
2017-04-21,3212.45,3218.0,3191.5,3204.9,3204.630682831164,11218,1144,35949547.0,4040.0,36.01,26.5,-7.55,Hero Motocorp,3204.9,0.11401796173369227,3241.4775,3240.355,
2017-04-24,3204.9,3218.85,3190.0,3204.55,3204.6054346972437,12733,1043,40804241.0,4917.0,38.62,28.85,-0.35,Hero Motocorp,3204.55,-0.010920777559364492,3233.3775,3239.2709999999997,SELL
2017-04-25,3204.55,3315.0,3203.25,3305.7,3271.765770252324,24096,2321,78836468.0,7142.0,29.64,111.75,101.15,Hero Motocorp,3305.7,3.156449423475993,3229.8324999999995,3240.909,
2017-04-26,3310.0,3324.0,3270.05,3309.7,3293.446259351621,40100,2158,132067195.0,24443.0,60.96,53.95,-0.3,Hero Motocorp,3309.7,0.1210031158302316,3228.305,3241.817,
2017-04-27,3315.25,3360.05,3275.0,3297.15,3329.1812288613305,14192,1540,47247740.0,3100.0,21.84,85.05,-18.1,Hero Motocorp,3297.15,-0.3791884460827233,3226.7599999999998,3242.4309999999996,
2017-04-28,3350.0,3350.0,3290.0,3310.7,3313.2747197167664,11863,894,39305378.0,2670.0,22.51,60.0,-39.3,Hero Motocorp,3310.7,0.41096098145367854,3231.1325,3244.117,
2017-05-02,3315.65,3382.0,3303.55,3351.0,3350.71305130513,16665,1721,55839633.0,4682.0,28.09,78.45,35.35,Hero Motocorp,3351.0,1.217265230917941,3237.1075,3247.914,
2017-05-03,3374.45,3381.0,3351.95,3368.15,3368.040590405904,10027,849,33771343.0,1935.0,19.3,29.05,-6.3,Hero Motocorp,3368.15,0.5117875261116067,3244.3225,3253.3089999999997,
2017-05-04,3376.35,3410.0,3357.8,3394.1,3385.2841777777776,11250,1323,38084447.0,4206.0,37.39,52.2,17.75,Hero Motocorp,3394.1,0.770452622359441,3253.7925,3258.6690000000003,
2017-05-05,3376.55,3411.75,3341.0,3362.6,3382.524236983842,13925,1397,47101650.0,2947.0,21.16,70.75,-13.95,Hero Motocorp,3362.6,-0.9280810818773744,3262.105,3264.208,
2017-05-08,3383.0,3409.9,3370.0,3393.85,3393.9323294629894,5512,555,18707355.0,1738.0,31.53,39.9,10.85,Hero Motocorp,3393.85,0.929340391363831,3271.5299999999997,3270.025,BUY
2017-05-09,3409.95,3435.85,3280.0,3289.8,3332.78967609606,23402,2210,77993944.0,7694.0,32.88,155.85,-120.15,Hero Motocorp,3289.8,-3.0658396805987254,3275.19,3273.2509999999997,
2017-05-10,3288.0,3340.0,3271.9,3322.4,3304.4214598540143,34250,4213,113176435.0,8645.0,25.24,68.1,34.4,Hero Motocorp,3322.4,0.9909416985834918,3281.3375,3276.403,
2017-05-11,3360.0,3482.6,3295.5,3463.8,3408.937193079988,75549,6079,257541796.0,18378.0,24.33,187.1,103.8,Hero Motocorp,3463.8,4.255959547315191,3294.46,3282.135,
2017-05-12,3465.0,3554.8,3462.15,3536.95,3513.3295225539127,53095,3921,186540231.0,10667.0,20.09,92.65,71.95,Hero Motocorp,3536.95,2.1118424851319206,3310.0,3289.507,
2017-05-15,3545.0,3556.95,3501.0,3517.3,3523.287968621728,10963,1243,38625806.0,2635.0,24.04,55.95,-27.7,Hero Motocorp,3517.3,-0.5555634091519379,3324.6200000000003,3297.1530000000002,
2017-05-16,3525.0,3631.5,3493.05,3619.0,3572.5652997364955,24288,2198,86770466.0,6372.0,26.24,138.45,94.0,Hero Motocorp,3619.0,2.891422397861998,3344.0724999999998,3305.8530000000005,
2017-05-17,3604.0,3680.7,3595.45,3642.75,3651.0225011353778,24221,2274,88431416.0,6523.0,26.93,85.25,38.75,Hero Motocorp,3642.75,0.6562586349820432,3365.0125,3314.157,
2017-05-18,3535.35,3640.0,3535.35,3596.1,3603.005628717077,9416,1237,33925901.0,2463.0,26.16,104.65,60.75,Hero Motocorp,3596.1,-1.2806259007617893,3384.5875,3320.6679999999997,
2017-05-19,3590.0,3654.0,3539.15,3572.95,3597.862150662412,20682,1902,74410985.0,5911.0,28.58,114.85,-17.05,Hero Motocorp,3572.95,-0.6437529545896936,3403.1724999999997,3325.71,
2017-05-22,3590.0,3640.25,3552.2,3564.5,3587.5082158645423,11989,1333,43010636.0,2034.0,16.97,88.05,-25.5,Hero Motocorp,3564.5,-0.23649925131893346,3421.1525,3331.012,
2017-05-23,3590.0,3618.95,3563.65,3585.45,3583.58600119308,10058,1334,36043708.0,1731.0,17.21,55.3,-4.55,Hero Motocorp,3585.45,0.5877402160190615,3440.1974999999998,3337.3030000000003,
2017-05-24,3585.0,3604.9,3528.05,3562.8,3566.7458779884582,9704,1248,34611702.0,1941.0,20.0,76.85,-22.2,Hero Motocorp,3562.8,-0.6317198677990077,3453.0525000000002,3343.085,
2017-05-25,3570.0,3635.0,3529.65,3615.75,3592.9573844914694,13657,1382,49069019.0,3878.0,28.4,105.35,45.75,Hero Motocorp,3615.75,1.4861906365779776,3468.3550000000005,3349.1679999999997,
2017-05-26,3625.0,3659.0,3606.55,3616.1,3637.643996834393,235026,1158,854940918.0,225991.0,96.16,52.45,-8.9,Hero Motocorp,3616.1,0.009679872778822762,3484.3024999999993,3354.34,
2017-05-29,3617.0,3676.0,3595.05,3667.5,3641.8011645290735,12709,1232,46283651.0,2276.0,17.91,80.95,50.5,Hero Motocorp,3667.5,1.4214208677857387,3502.1424999999995,3359.705,
2017-05-30,3674.0,3752.0,3663.6,3739.5,3710.5409859056167,28522,2648,105832050.0,8101.0,28.4,88.4,65.5,Hero Motocorp,3739.5,1.9631901840490906,3521.5674999999997,3367.5190000000002,
2017-05-31,3725.0,3760.0,3720.55,3742.8,3741.613336456625,12807,1455,47918842.0,1914.0,14.94,39.45,17.8,Hero Motocorp,3742.8,0.08824709185719648,3540.3,3375.47,
2017-06-01,3741.0,3813.1,3716.0,3734.55,3769.873431241656,18725,1896,70590880.0,2187.0,11.68,97.1,-6.45,Hero Motocorp,3734.55,-0.2204232125681327,3557.3224999999998,3383.4080000000004,
2017-06-02,3780.0,3850.0,3764.05,3841.75,3822.587209100683,28833,2959,110216657.0,4132.0,14.33,85.95,61.75,Hero Motocorp,3841.75,2.8704930982313748,3581.28,3393.387,
2017-06-05,3874.0,3880.25,3811.6,3826.7,3845.1718360071295,25245,1904,97071363.0,5845.0,23.15,68.65,-47.3,Hero Motocorp,3826.7,-0.39174855209215265,3602.9224999999997,3403.71,
2017-06-06,3834.9,3838.0,3791.3,3815.8,3810.427351766272,12767,1180,48647726.0,3126.0,24.48,46.7,-19.1,Hero Motocorp,3815.8,-0.28484072438392793,3629.2225,3412.695,
2017-06-07,3815.8,3856.0,3805.0,3844.05,3843.9081990189206,12843,1893,49367313.0,4034.0,31.41,51.0,28.25,Hero Motocorp,3844.05,0.7403427852612721,3655.3050000000003,3422.0440000000003,
2017-06-08,3841.5,3855.0,3773.2,3784.55,3803.51119110972,12778,2201,48601266.0,3416.0,26.73,81.8,-56.95,Hero Motocorp,3784.55,-1.5478466721296602,3671.3425,3430.93,
2017-06-09,3800.0,3800.95,3756.7,3779.35,3781.210479131388,10039,972,37959572.0,2311.0,23.02,44.25,-20.65,Hero Motocorp,3779.35,-0.13740074777714995,3683.4625,3439.9559999999997,
2017-06-12,3791.9,3791.9,3760.1,3774.65,3776.357475954532,6862,749,25913365.0,2059.0,30.01,31.8,-17.25,Hero Motocorp,3774.65,-0.12436000899624933,3696.3300000000004,3450.9839999999995,
2017-06-13,3770.0,3787.5,3744.55,3752.55,3763.2464758650153,4682,601,17619520.0,1425.0,30.44,42.95,-17.45,Hero Motocorp,3752.55,-0.585484746930176,3703.0075000000006,3461.405,
2017-06-14,3752.6,3806.0,3752.6,3786.65,3791.3254025161327,30682,1433,116325446.0,18193.0,59.3,53.4,34.05,Hero Motocorp,3786.65,0.9087154068566639,3710.2025000000003,3472.6609999999996,
2017-06-15,3792.6,3819.0,3759.6,3779.35,3785.761056863871,6964,782,26364040.0,1580.0,22.69,59.4,-13.25,Hero Motocorp,3779.35,-0.19278253865554484,3719.3650000000002,3484.1540000000005,
2017-06-16,3780.0,3792.85,3760.0,3778.4,3778.6052601222746,8669,761,32756729.0,3358.0,38.74,32.85,-1.6,Hero Motocorp,3778.4,-0.025136597563069074,3729.6375,3495.795,
2017-06-19,3800.0,3836.0,3796.9,3826.05,3822.667865834303,9451,1027,36128034.0,3870.0,40.95,39.1,26.05,Hero Motocorp,3826.05,1.2611158162185054,3742.715,3508.209,
2017-06-20,3830.0,3842.9,3786.85,3801.2,3807.887007192935,10983,949,41822023.0,4660.0,42.43,56.05,-28.8,Hero Motocorp,3801.2,-0.6494949098940217,3753.5025,3519.901,
2017-06-21,3801.2,3807.2,3760.05,3768.65,3773.3285382156346,6882,606,25968047.0,2957.0,42.97,47.15,-32.55,Hero Motocorp,3768.65,-0.8563085341470988,3763.7949999999996,3531.285,
2017-06-22,3770.0,3795.5,3720.0,3733.15,3750.3238804774487,12483,1016,46815293.0,4980.0,39.89,75.5,-36.85,Hero Motocorp,3733.15,-0.9419818767993804,3769.665,3541.921,
2017-06-23,3735.0,3736.0,3653.0,3660.3,3679.94666254908,22667,1193,83413351.0,14850.0,65.51,83.0,-74.7,Hero Motocorp,3660.3,-1.9514351151172615,3771.875000000001,3550.6040000000003,
2017-06-27,3670.7,3708.8,3636.55,3695.95,3666.753732918272,37906,982,138991967.0,30598.0,80.72,72.25,25.25,Hero Motocorp,3695.95,0.9739638827418462,3773.2975000000006,3560.025,
2017-06-28,3673.2,3723.5,3668.5,3687.85,3691.028782287823,42005,830,155041664.0,34733.0,82.69,55.0,14.65,Hero Motocorp,3687.85,-0.21915880896656859,3770.715,3569.183,
2017-06-29,3737.0,3737.0,3685.0,3719.15,3708.3733091388976,12124,1144,44960318.0,2590.0,21.36,52.0,-17.85,Hero Motocorp,3719.15,0.8487330016134109,3769.5325000000003,3579.0869999999995,
2017-06-30,3690.0,3710.85,3666.0,3696.7,3687.918106686702,9317,985,34360333.0,1596.0,17.13,44.85,6.7,Hero Motocorp,3696.7,-0.6036325504483631,3767.6400000000003,3588.929,
2017-07-03,3695.0,3788.55,3677.4,3777.0,3736.0627550796503,22787,2419,85133662.0,3767.0,16.53,111.15,82.0,Hero Motocorp,3777.0,2.1722076446560434,3764.4025,3600.4440000000004,
2017-07-04,3800.0,3800.0,3685.0,3699.95,3697.4135655659807,2099389,13070,7762309368.0,1581695.0,75.34,115.0,-100.05,Hero Motocorp,3699.95,-2.039978819168653,3758.065,3610.345,
2017-07-05,3705.0,3717.0,3697.6,3707.05,3709.375094584369,9251,698,34315429.0,2635.0,28.48,19.4,2.05,Hero Motocorp,3707.05,0.19189448506062856,3752.6275,3620.395,
2017-07-06,3707.05,3745.0,3707.05,3721.4,3731.3903490759753,9740,777,36343742.0,3282.0,33.7,37.95,14.35,Hero Motocorp,3721.4,0.38710025491968114,3746.495,3628.709,
2017-07-07,3723.9,3723.9,3675.0,3682.5,3691.285268553599,8974,1289,33125594.0,2889.0,32.19,48.9,-41.4,Hero Motocorp,3682.5,-1.045305530176821,3741.3924999999995,3636.165,
2017-07-10,3694.0,3743.0,3680.55,3732.75,3721.9977803371376,47755,7024,177744004.0,25236.0,52.84,62.45,38.75,Hero Motocorp,3732.75,1.364562118126278,3739.0625,3644.877,
2017-07-11,3700.0,3755.55,3700.0,3750.1,3749.639130434783,11040,977,41396016.0,5364.0,48.59,55.55,50.1,Hero Motocorp,3750.1,0.46480476860224496,3737.835,3653.665,
2017-07-12,3711.0,3777.35,3711.0,3731.95,3739.4245055889937,11630,1114,43489507.0,3822.0,32.86,66.35,20.95,Hero Motocorp,3731.95,-0.48398709367750703,3736.8049999999994,3661.284,
2017-07-13,3740.0,3767.3,3725.0,3749.7,3758.056981595092,20375,682,76570411.0,13956.0,68.5,42.3,9.7,Hero Motocorp,3749.7,0.47562266375487106,3734.9574999999995,3668.915,
2017-07-14,3760.0,3792.0,3733.8,3753.2,3762.5633458646616,15960,930,60050511.0,7672.0,48.07,58.2,-6.8,Hero Motocorp,3753.2,0.0933408005973746,3733.65,3676.097,
2017-07-17,3767.5,3785.25,3742.5,3763.75,3765.484313516962,9403,662,35406849.0,3597.0,38.25,42.75,-3.75,Hero Motocorp,3763.75,0.2810934669082332,3732.9175000000005,3684.12,
2017-07-18,3735.95,3807.3,3712.1,3785.5,3786.2020835253993,10847,879,41068934.0,3329.0,30.69,95.2,49.55,Hero Motocorp,3785.5,0.5778811026237118,3730.8899999999994,3691.953,
2017-07-19,3787.3,3795.0,3756.0,3766.2,3774.6968084367313,71971,1109,271668704.0,64145.0,89.13,39.0,-21.1,Hero Motocorp,3766.2,-0.5098401796328145,3729.1400000000003,3701.4809999999998,
2017-07-20,3775.3,3786.3,3721.55,3729.55,3736.618602362205,8128,1652,30371236.0,2596.0,31.94,64.75,-45.75,Hero Motocorp,3729.55,-0.973129414263707,3727.1850000000004,3709.6240000000003,
2017-07-21,3732.8,3737.0,3672.0,3679.65,3696.444235385713,15413,2377,56973295.0,5876.0,38.12,65.0,-53.15,Hero Motocorp,3679.65,-1.3379630250298313,3724.5099999999998,3713.941,
2017-07-24,3728.0,3728.0,3686.05,3691.15,3700.599371254544,10179,1127,37668401.0,5024.0,49.36,41.95,-36.85,Hero Motocorp,3691.15,0.31252972429443027,3726.0524999999993,3717.025,
2017-07-25,3715.0,3747.0,3699.9,3706.85,3730.6335689303814,534387,2778,1993602081.0,515070.0,96.39,47.1,-8.15,Hero Motocorp,3706.85,0.4253416956774947,3726.5975,3720.816,
2017-07-26,3710.0,3741.0,3689.95,3717.75,3719.119573820396,16425,1170,61086539.0,4422.0,26.92,51.05,7.75,Hero Motocorp,3717.75,0.2940502043514037,3728.0925,3722.7909999999997,
2017-07-27,3723.4,3759.0,3685.0,3707.45,3736.348503937008,12700,1263,47451626.0,5151.0,40.56,74.0,-15.95,Hero Motocorp,3707.45,-0.2770492905655342,3727.5074999999997,3724.085,
2017-07-28,3749.0,3749.0,3619.0,3631.8,3665.262696735272,97466,1285,357238494.0,85469.0,87.69,130.0,-117.2,Hero Motocorp,3631.8,-2.040486048362067,3724.2625,3724.7990000000004,SELL
2017-07-31,3670.0,3673.95,3607.0,3654.1,3648.42697109803,49097,2589,179126819.0,36608.0,74.56,66.95,-15.9,Hero Motocorp,3654.1,0.6140205958477862,3718.1175000000003,3726.422,
2017-08-01,3665.1,3735.0,3665.1,3721.55,3697.319222810872,156101,2594,577155228.0,116041.0,74.34,69.9,56.45,Hero Motocorp,3721.55,1.8458717604882269,3719.1974999999998,3729.563,
2017-08-02,3755.1,3838.0,3743.45,3800.35,3803.6374572213326,68083,3968,258963049.0,37526.0,55.12,94.55,45.25,Hero Motocorp,3800.35,2.117397321008707,3723.8625,3733.861,
2017-08-03,3830.0,3843.9,3775.0,3839.15,3819.1126397248495,13956,1454,53299536.0,4231.0,30.32,68.9,9.15,Hero Motocorp,3839.15,1.0209585959187972,3729.75,3739.388,
2017-08-04,3839.15,3967.2,3813.85,3958.65,3919.4845291978927,67385,6321,264114465.0,34143.0,50.67,153.35,119.5,Hero Motocorp,3958.65,3.1126681687352775,3743.5575000000003,3746.2459999999996,
2017-08-07,3950.0,4019.4,3931.4,3953.6,3975.704707560628,25236,2799,100330884.0,6753.0,26.76,88.0,3.6,Hero Motocorp,3953.6,-0.1275687418690774,3754.6,3752.9959999999996,BUY
2017-08-08,3970.0,4003.0,3900.0,3912.7,3935.9092218222095,18055,1628,71062841.0,6900.0,38.22,103.0,-57.3,Hero Motocorp,3912.7,-1.0345002023472327,3762.7300000000005,3757.9,
2017-08-09,3913.0,3939.65,3860.15,3884.25,3883.453804460259,24169,2977,93859195.0,10976.0,45.41,79.5,-28.75,Hero Motocorp,3884.25,-0.7271193804789466,3770.345,3760.795,
2017-08-10,3880.0,3944.0,3860.45,3886.9,3917.404534826482,97512,1128,381993951.0,84785.0,86.95,83.55,6.9,Hero Motocorp,3886.9,0.06822423891357232,3777.2050000000004,3763.677,
2017-08-11,3885.0,3885.0,3800.0,3844.75,3835.5294585987263,11304,1360,43356825.0,2812.0,24.88,85.0,-40.25,Hero Motocorp,3844.75,-1.084411742005198,3781.7825,3765.881,
2017-08-14,3844.75,3969.0,3844.75,3954.15,3932.2986202365305,9132,860,35909751.0,1451.0,15.89,124.25,109.4,Hero Motocorp,3954.15,2.8454385850835484,3791.3024999999993,3768.1289999999995,
2017-08-16,3969.9,4043.75,3939.05,4018.05,4025.812843867504,97603,3034,392931411.0,76835.0,78.72,104.7,48.15,Hero Motocorp,4018.05,1.6160236713326448,3802.9299999999994,3771.956,
2017-08-17,4030.0,4036.0,3975.7,3996.85,4000.340955399592,8834,995,35339012.0,3030.0,34.3,60.3,-33.15,Hero Motocorp,3996.85,-0.527619118726752,3814.4625,3775.5769999999993,
2017-08-18,3975.0,3999.8,3970.15,3982.75,3980.367160468944,59538,959,236983100.0,53397.0,89.69,29.65,7.75,Hero Motocorp,3982.75,-0.3527778125273606,3827.1225000000004,3778.3509999999997,
2017-08-21,4001.2,4036.05,3950.05,3967.6,3990.828421052632,7600,839,30330296.0,2055.0,27.04,86.0,-33.6,Hero Motocorp,3967.6,-0.3803904337455255,3841.5199999999995,3782.012,
2017-08-22,4002.0,4002.0,3877.8,3885.3,3890.9643933733537,38813,1313,151020001.0,27000.0,69.56,124.2,-116.7,Hero Motocorp,3885.3,-2.0743018449440376,3851.2275,3784.1310000000003,
2017-08-23,4200.0,4200.0,3870.3,3890.15,3903.72398937316,13927,1201,54367164.0,2828.0,20.31,329.7,-309.85,Hero Motocorp,3890.15,0.12482948549661366,3860.3925000000004,3786.4410000000003,
2017-08-24,3919.4,3920.0,3870.0,3874.5,3896.3668075692326,75939,1842,295886199.0,65612.0,86.4,50.0,-44.9,Hero Motocorp,3874.5,-0.4022981118980029,3868.2300000000005,3788.88,
2017-08-28,3890.05,3990.6,3840.75,3960.05,3944.8240355521934,10576,1203,41720459.0,2961.0,28.0,149.85,70.0,Hero Motocorp,3960.05,2.208026842173183,3880.8599999999997,3792.348,
2017-08-29,3940.0,3982.0,3924.35,3948.8,3954.416293600125,102752,1272,406324183.0,91604.0,89.15,57.65,8.8,Hero Motocorp,3948.8,-0.28408732212976684,3896.71,3795.737,
2017-08-30,3950.0,4013.95,3950.0,3987.15,3992.0181647563513,14919,1146,59556919.0,6429.0,43.09,63.95,37.15,Hero Motocorp,3987.15,0.9711811183144237,3913.3625000000006,3799.9120000000003,
2017-08-31,3976.15,4019.7,3970.0,3998.1,3997.439195275748,19982,2301,79876830.0,7063.0,35.35,49.7,21.95,Hero Motocorp,3998.1,0.2746322561227865,3927.19,3803.3530000000005,
2017-09-01,4001.95,4090.0,3996.55,4047.3,4051.615859896068,24439,1834,99017440.0,9460.0,38.71,93.45,45.35,Hero Motocorp,4047.3,1.2305845276506355,3939.5375,3808.275,
2017-09-04,4079.0,4079.0,3966.55,3973.6,4002.1954755832626,21174,1339,84742487.0,6028.0,28.47,112.45,-105.4,Hero Motocorp,3973.6,-1.8209670644627307,3946.2600000000007,3812.3740000000003,
2017-09-05,3988.35,4005.3,3958.8,3970.6,3979.1734190678794,20684,778,82305223.0,13936.0,67.38,46.5,-17.75,Hero Motocorp,3970.6,-0.07549828870545561,3946.8574999999996,3817.1230000000005,
2017-09-06,3970.6,3993.85,3933.7,3950.55,3962.866099486472,13047,898,51703514.0,4542.0,34.81,60.15,-20.05,Hero Motocorp,3950.55,-0.5049614667808289,3946.7050000000004,3822.928,
2017-09-07,3964.3,4009.15,3964.3,3982.9,3982.5846471068335,23279,1595,92710588.0,15887.0,68.25,44.85,18.6,Hero Motocorp,3982.9,0.8188733214362642,3950.2149999999992,3828.667,
2017-09-08,3991.2,4001.45,3941.0,3959.0,3970.910245183888,6852,928,27208677.0,2897.0,42.28,60.45,-32.2,Hero Motocorp,3959.0,-0.6000652790680183,3953.9524999999994,3834.09,
2017-09-11,3993.0,3993.0,3939.1,3945.85,3959.386735277301,8745,915,34624837.0,3941.0,45.07,53.9,-47.15,Hero Motocorp,3945.85,-0.3321545844910401,3956.9,3838.6240000000003,
2017-09-12,4025.0,4025.0,3907.9,3917.55,3926.8081845130496,13831,1039,54311684.0,6388.0,46.19,117.1,-107.45,Hero Motocorp,3917.55,-0.7172092198132196,3960.54,3843.0409999999997,
2017-09-13,3918.0,3968.5,3880.0,3895.5,3925.281790838716,20281,1319,79608640.0,9683.0,47.74,88.5,-22.5,Hero Motocorp,3895.5,-0.5628517823639823,3957.6075000000005,3845.4109999999996,
2017-09-14,3938.9,3938.9,3886.55,3894.7,3900.789377475373,9847,752,38411073.0,3282.0,33.33,52.35,-44.2,Hero Motocorp,3894.7,-0.020536516493396828,3951.44,3849.3059999999996,
2017-09-15,3894.7,3910.1,3872.0,3891.25,3891.3119165755606,11891,745,46271590.0,3597.0,30.25,38.1,-3.45,Hero Motocorp,3891.25,-0.08858191901814916,3946.16,3852.99,
2017-09-18,3903.0,3958.0,3900.0,3951.05,3942.155432466979,11735,834,46261194.0,3065.0,26.12,58.0,48.05,Hero Motocorp,3951.05,1.53678123996146,3944.575,3857.583,
2017-09-19,3965.0,3972.25,3941.2,3948.6,3953.4090058350766,9083,731,35908814.0,2612.0,28.76,31.05,-16.4,Hero Motocorp,3948.6,-0.06200883309500638,3943.625,3862.905,
2017-09-20,3983.7,3983.7,3845.0,3858.1,3879.366266482976,20324,1651,78844240.0,7703.0,37.9,138.7,-125.6,Hero Motocorp,3858.1,-2.291951577774398,3942.2650000000003,3865.4120000000003,
2017-09-21,3904.7,3904.7,3818.4,3888.85,3870.4970508992938,13733,972,53153536.0,4191.0,30.52,86.3,-15.85,Hero Motocorp,3888.85,0.7970244420828942,3942.2,3868.187,
2017-09-22,3888.0,3888.0,3781.5,3788.15,3809.1822835633625,19925,1599,75897957.0,4279.0,21.48,106.5,-99.85,Hero Motocorp,3788.15,-2.589454465973229,3937.8824999999997,3869.3109999999997,
2017-09-25,3849.0,3849.0,3725.0,3755.65,3741.3798070120824,35339,1380,132216621.0,22835.0,64.62,124.0,-93.35,Hero Motocorp,3755.65,-0.8579385715982712,3927.6625,3869.43,
2017-09-26,3794.9,3808.0,3755.8,3785.85,3779.486364568382,24385,5136,92162775.0,9127.0,37.43,52.2,-9.05,Hero Motocorp,3785.85,0.8041217898366426,3919.5150000000003,3870.083,
2017-09-27,3813.7,3825.05,3712.65,3732.4,3767.4435422239208,10468,968,39437599.0,3055.0,29.18,112.4,-81.3,Hero Motocorp,3732.4,-1.411836179457715,3906.7774999999992,3869.4559999999997,
2017-09-28,3755.9,3773.0,3677.95,3744.55,3719.5677078233616,30639,2346,113963835.0,9785.0,31.94,95.05,-11.35,Hero Motocorp,3744.55,0.3255278105240622,3894.1,3868.637,
2017-09-29,3750.0,3818.3,3728.9,3781.2,3775.636775602988,67746,2145,255784289.0,38938.0,57.48,89.4,31.2,Hero Motocorp,3781.2,0.9787557917506629,3880.7949999999996,3868.937,
2017-10-03,3829.9,3846.05,3795.0,3805.55,3828.3482400408952,109548,1409,419387893.0,98455.0,89.87,51.05,-24.35,Hero Motocorp,3805.55,0.6439754575267242,3872.3924999999995,3870.4570000000003,
2017-10-04,3850.0,3865.0,3778.0,3794.0,3820.574453093544,29804,2584,113868401.0,11650.0,39.09,87.0,-56.0,Hero Motocorp,3794.0,-0.30350409270670786,3863.5625,3872.744,SELL
2017-10-05,3799.0,3799.0,3740.05,3757.2,3766.5834121231214,19038,1362,71708215.0,8129.0,42.7,58.95,-41.8,Hero Motocorp,3757.2,-0.9699525566684297,3853.8949999999995,3874.065,
2017-10-06,3790.0,3790.0,3682.15,3703.7,3732.041340271028,34978,1601,130539342.0,17873.0,51.1,107.85,-86.3,Hero Motocorp,3703.7,-1.4239327158522275,3839.9350000000004,3874.002,
2017-10-09,3705.0,3714.55,3680.0,3687.7,3691.6310647845194,21394,1450,78978755.0,9857.0,46.07,34.55,-17.3,Hero Motocorp,3687.7,-0.4320004320004345,3826.3700000000003,3873.401,
2017-10-10,3699.0,3719.95,3662.0,3692.4,3700.352702940658,11358,1090,42028606.0,3637.0,32.02,57.95,-6.6,Hero Motocorp,3692.4,0.12745071453752477,3813.6974999999998,3873.1,
2017-10-11,3700.45,3739.9,3675.8,3687.6,3708.374123277498,12119,1088,44941786.0,3277.0,27.04,64.1,-12.85,Hero Motocorp,3687.6,-0.12999675008125156,3802.2,3874.216,
2017-10-12,3700.0,3761.95,3699.1,3742.3,3735.1311862904417,20307,1561,75849309.0,7920.0,39.0,62.85,42.3,Hero Motocorp,3742.3,1.4833496040785432,3794.54,3875.98,
2017-10-13,3743.9,3785.0,3743.9,3754.1,3763.643548255956,12299,1027,46289052.0,4008.0,32.59,41.1,10.2,Hero Motocorp,3754.1,0.31531411164256173,3787.5099999999998,3876.6310000000003,
2017-10-16,3789.9,3804.4,3762.4,3773.75,3786.648099947944,9605,1421,36370755.0,3058.0,31.84,42.0,-16.15,Hero Motocorp,3773.75,0.523427719027203,3781.6349999999998,3876.099,
2017-10-17,3783.0,3829.0,3763.55,3789.35,3799.7139694181137,14453,1413,54917266.0,4026.0,27.86,65.45,6.35,Hero Motocorp,3789.35,0.4133819145412332,3773.55,3875.103,
2017-10-18,3799.9,3810.2,3726.95,3747.8,3760.701482326112,8770,1105,32981352.0,2262.0,25.79,83.25,-52.1,Hero Motocorp,3747.8,-1.0964941216831336,3763.5100000000007,3870.8860000000004,
2017-10-19,3755.0,3755.25,3724.55,3738.15,3743.9871223377913,2019,234,7559110.0,1072.0,53.1,30.7,-16.85,Hero Motocorp,3738.15,-0.25748439084263275,3757.5125,3866.577,
2017-10-23,3778.9,3815.0,3770.65,3790.4,3794.740117190724,24234,1834,91961732.0,7309.0,30.16,44.35,11.5,Hero Motocorp,3790.4,1.3977502240412942,3752.5899999999992,3864.131,
2017-10-24,3751.0,3802.95,3743.65,3760.05,3779.56008492569,4710,499,17801728.0,1410.0,29.94,59.3,9.05,Hero Motocorp,3760.05,-0.8007070493879276,3751.185,3861.647,
2017-10-25,3789.9,3792.9,3724.75,3769.3,3761.502194549352,9797,843,36851437.0,1847.0,18.85,68.15,-20.6,Hero Motocorp,3769.3,0.2460073669233065,3751.8675000000003,3859.295,
2017-10-26,3772.0,3788.9,3740.0,3762.35,3771.084442964936,9012,840,33985013.0,2699.0,29.95,48.9,-9.65,Hero Motocorp,3762.35,-0.18438436845038542,3750.6925,3857.647,
2017-10-27,3725.05,3829.95,3725.05,3797.05,3819.8047632878306,51645,1543,197273817.0,35886.0,69.49,104.9,72.0,Hero Motocorp,3797.05,0.9222959054846047,3753.925,3854.505,
2017-10-30,3826.0,3841.0,3810.55,3830.8,3829.661809123463,32115,822,122989589.0,25885.0,80.6,30.45,4.8,Hero Motocorp,3830.8,0.8888479214126832,3758.2375,3850.76,
2017-10-31,3849.0,3868.95,3822.5,3854.75,3847.9840125178575,29398,935,113123034.0,23010.0,78.27,46.45,5.75,Hero Motocorp,3854.75,0.6251957815599729,3761.915,3847.9180000000006,
2017-11-01,3895.0,3895.0,3801.5,3816.45,3853.8349781588736,24724,1923,95282216.0,6156.0,24.9,93.5,-78.55,Hero Motocorp,3816.45,-0.9935793501524182,3762.46,3844.592,
2017-11-02,3745.05,3803.05,3710.75,3733.05,3760.899365750529,21285,2118,80050743.0,6449.0,30.3,92.3,-12.0,Hero Motocorp,3733.05,-2.185276893448085,3759.4125,3839.9010000000003,
2017-11-03,3825.0,3825.0,3682.5,3690.8,3710.35199125008,15543,1532,57670001.0,5384.0,34.64,142.5,-134.2,Hero Motocorp,3690.8,-1.1317823227655621,3756.0925,3836.011,
2017-11-06,3692.0,3713.85,3662.05,3691.4,3695.4412926755135,9871,1193,36477701.0,4370.0,44.27,51.8,-0.6,Hero Motocorp,3691.4,0.016256638127232215,3755.4774999999995,3832.0359999999996,
2017-11-07,3692.0,3727.0,3677.05,3681.7,3693.5739650974024,9856,793,36403865.0,2761.0,28.01,49.95,-10.3,Hero Motocorp,3681.7,-0.26277293167904503,3755.1775000000002,3828.18,
2017-11-08,3681.1,3715.0,3621.5,3632.0,3655.8406283092127,11332,1147,41427986.0,4164.0,36.75,93.5,-49.1,Hero Motocorp,3632.0,-1.3499198739712615,3752.1575000000003,3821.619,
2017-11-09,3636.0,3654.95,3592.0,3603.95,3616.958606801909,13408,1296,48496181.0,3203.0,23.89,62.95,-32.05,Hero Motocorp,3603.95,-0.7723017621145467,3747.975,3814.7219999999998,
2017-11-10,3591.15,3635.0,3555.0,3606.4,3591.557112278653,10278,1026,36914024.0,3338.0,32.48,80.0,15.25,Hero Motocorp,3606.4,0.06798096532971698,3741.1799999999994,3807.107,
2017-11-13,3610.0,3627.75,3570.1,3583.5,3590.7593913456967,10515,1924,37756835.0,5314.0,50.54,57.65,-26.5,Hero Motocorp,3583.5,-0.634982253771077,3732.65,3798.815,
2017-11-14,3555.1,3660.0,3555.1,3653.65,3635.863131638236,12428,1042,45186507.0,2141.0,17.23,104.9,98.55,Hero Motocorp,3653.65,1.957583368215432,3726.6450000000004,3790.942,
2017-11-15,3640.0,3709.95,3640.0,3675.5,3676.4918767833224,17173,1512,63136395.0,6926.0,40.33,69.95,35.5,Hero Motocorp,3675.5,0.5980321048814075,3720.9525000000003,3784.98,
2017-11-16,3670.0,3686.75,3636.85,3661.6,3665.733370084528,10884,794,39897842.0,3788.0,34.8,49.9,-8.4,Hero Motocorp,3661.6,-0.37817983947762146,3716.6424999999995,3778.8,
2017-11-17,3666.0,3694.45,3625.0,3634.6,3654.407019818485,10798,1177,39460287.0,4081.0,37.79,69.45,-31.4,Hero Motocorp,3634.6,-0.7373825649989119,3711.465,3772.4809999999998,
2017-11-20,3605.5,3685.8,3605.5,3658.5,3653.9705101739896,10173,1494,37171842.0,4162.0,40.91,80.3,53.0,Hero Motocorp,3658.5,0.6575689209266544,3704.8700000000003,3765.993,
2017-11-21,3665.0,3692.95,3664.9,3680.5,3682.051686154889,5901,581,21727787.0,2032.0,34.43,28.05,15.5,Hero Motocorp,3680.5,0.6013393467267925,3700.8925000000004,3760.423,
2017-11-22,3699.9,3700.0,3644.5,3661.85,3672.8495149798264,11649,1339,42785024.0,4068.0,34.92,55.5,-38.05,Hero Motocorp,3661.85,-0.5067246298057326,3695.5199999999995,3754.743,
2017-11-23,3666.65,3693.0,3645.2,3679.1,3676.644225271584,6996,458,25721803.0,2286.0,32.68,47.8,12.45,Hero Motocorp,3679.1,0.47107336455616267,3691.3574999999996,3749.974,
2017-11-24,3679.2,3694.9,3645.2,3654.65,3658.507592737869,35692,716,130579453.0,30807.0,86.31,49.7,-24.55,Hero Motocorp,3654.65,-0.6645647033241775,3684.2375,3745.157,
2017-11-27,3656.0,3670.1,3607.25,3654.7,3648.8078694962614,13241,857,48313865.0,3064.0,23.14,62.85,-1.3,Hero Motocorp,3654.7,0.001368120066214118,3675.4325000000003,3740.357,
2017-11-28,3640.1,3679.9,3640.1,3673.85,3669.6713459950447,7266,608,26663832.0,3531.0,48.6,39.8,33.75,Hero Motocorp,3673.85,0.5239828166470506,3666.3875,3736.009,
2017-11-29,3665.55,3692.5,3647.0,3656.85,3671.178236149676,7563,833,27765121.0,3497.0,46.24,45.5,-8.7,Hero Motocorp,3656.85,-0.4627298338255481,3658.4075000000003,3730.125,
2017-11-30,3650.0,3677.45,3636.0,3642.3,3651.0993813610057,5011,470,18295659.0,1427.0,28.48,41.45,-7.7,Hero Motocorp,3642.3,-0.3978834242585716,3653.8700000000003,3723.9990000000003,
2017-12-01,3642.0,3680.0,3571.0,3606.95,3627.217284814556,17148,1444,62199522.0,11455.0,66.8,109.0,-35.05,Hero Motocorp,3606.95,-0.9705405924827826,3649.6775000000002,3718.9759999999997,
2017-12-04,3614.4,3626.85,3596.35,3605.6,3611.28897969608,7831,806,28280004.0,2713.0,34.64,30.5,-8.8,Hero Motocorp,3605.6,-0.037427743661544444,3645.3875,3713.3109999999997,
2017-12-05,3580.1,3588.95,3513.05,3522.15,3533.9536111634925,15909,2118,56221668.0,6096.0,38.32,75.9,-57.95,Hero Motocorp,3522.15,-2.314455291768358,3637.41,3707.991,
2017-12-06,3510.0,3519.0,3473.7,3500.35,3494.410500181664,16514,1764,57706695.0,5617.0,34.01,45.3,-9.65,Hero Motocorp,3500.35,-0.6189401359964819,3630.8274999999994,3702.885,
2017-12-07,3502.6,3569.0,3502.6,3555.4,3548.592394145321,7652,661,27153829.0,2797.0,36.55,66.4,52.8,Hero Motocorp,3555.4,1.5726998728698538,3628.4,3698.276,
2017-12-08,3556.45,3564.6,3502.0,3513.05,3514.3666222491415,123825,2063,435166447.0,109205.0,88.19,62.6,-43.4,Hero Motocorp,3513.05,-1.191145862631493,3623.7325000000005,3693.889,
2017-12-11,3519.0,3547.2,3502.0,3514.55,3515.406678082192,8176,775,28741965.0,3035.0,37.12,45.2,-4.45,Hero Motocorp,3514.55,0.04269794053599618,3620.285,3689.2889999999998,
2017-12-12,3504.0,3530.5,3434.0,3444.95,3470.7593220338986,15045,2658,52217574.0,5757.0,38.27,96.5,-59.05,Hero Motocorp,3444.95,-1.9803388769543906,3609.85,3682.5640000000003,
2017-12-13,3442.0,3487.75,3410.0,3421.85,3447.085858585858,12474,1170,42998949.0,2924.0,23.44,77.75,-20.15,Hero Motocorp,3421.85,-0.6705467423329781,3597.1674999999996,3674.89,
2017-12-14,3423.0,3467.9,3418.85,3454.45,3441.43288183092,10705,725,36840539.0,4101.0,38.31,49.05,31.45,Hero Motocorp,3454.45,0.952701024299718,3586.81,3668.0989999999997,
2017-12-15,3478.0,3513.05,3469.15,3502.0,3489.5247167868174,9710,1363,33883285.0,4321.0,44.5,43.9,24.0,Hero Motocorp,3502.0,1.3764854028861295,3580.1799999999994,3662.995,
2017-12-18,3500.0,3549.0,3438.0,3530.85,3499.802526708496,11794,1344,41276671.0,3301.0,27.99,111.0,30.85,Hero Motocorp,3530.85,0.8238149628783553,3573.7974999999997,3659.538,
2017-12-19,3530.0,3704.75,3530.0,3696.8,3634.2165539782736,62414,2668,226825992.0,30751.0,49.27,174.75,166.8,Hero Motocorp,3696.8,4.700001416089616,3574.6125,3659.72,
2017-12-20,3703.1,3792.0,3700.0,3740.6,3766.7542437508823,106215,2639,400085802.0,73259.0,68.97,92.0,37.5,Hero Motocorp,3740.6,1.1848084830123229,3578.55,3660.6839999999997,
2017-12-21,3790.0,3820.0,3765.45,3809.0,3798.8746595147295,23863,2326,90652546.0,9259.0,38.8,54.55,19.0,Hero Motocorp,3809.0,1.8285836496818808,3585.0449999999996,3663.112,
2017-12-22,3809.05,3833.95,3772.2,3785.95,3795.445851877211,17526,1151,66518984.0,3338.0,19.05,61.75,-23.1,Hero Motocorp,3785.95,-0.6051457075347932,3591.6100000000006,3663.985,
2017-12-26,3787.0,3830.0,3746.6,3804.65,3783.8335637268447,10851,922,41058378.0,2512.0,23.15,83.4,17.65,Hero Motocorp,3804.65,0.493931509924872,3599.1074999999996,3664.9959999999996,
2017-12-27,3808.0,3833.1,3756.25,3779.35,3789.5502809819586,6762,694,25624939.0,2074.0,30.67,76.85,-28.65,Hero Motocorp,3779.35,-0.6649757533544576,3604.3825000000006,3665.1079999999997,
2017-12-28,3760.0,3788.0,3656.85,3713.5,3736.960278673183,28851,1542,107815041.0,12740.0,44.16,131.15,-46.5,Hero Motocorp,3713.5,-1.7423631047666865,3607.215,3663.5910000000003,
2017-12-29,3717.0,3807.3,3717.0,3786.3,3766.120129650888,14809,1184,55772473.0,5905.0,39.87,90.3,69.3,Hero Motocorp,3786.3,1.9604147031102803,3614.4149999999995,3664.361,
2018-01-01,3790.15,3806.85,3755.3,3768.8,3770.6765853216,11023,663,41564168.0,3889.0,35.28,51.55,-21.35,Hero Motocorp,3768.8,-0.46219264189314435,3622.5074999999997,3664.974,
2018-01-02,3780.5,3783.45,3723.05,3747.45,3751.0083033329456,17222,1312,64599865.0,4947.0,28.72,60.4,-33.05,Hero Motocorp,3747.45,-0.5664933135215544,3629.6,3664.115,
2018-01-03,3743.0,3768.85,3736.05,3751.45,3746.1296588755526,25328,660,94881972.0,19530.0,77.11,32.8,8.45,Hero Motocorp,3751.45,0.1067392493562247,3641.065,3663.9429999999998,
2018-01-04,3755.0,3755.0,3720.0,3738.5,3731.6043318233296,14128,1064,52720106.0,6860.0,48.56,35.0,-16.5,Hero Motocorp,3738.5,-0.34519985605565573,3652.9725000000008,3663.327,
2018-01-05,3740.0,3765.9,3726.1,3739.3,3738.2131573252545,9242,677,34548566.0,3051.0,33.01,39.8,-0.7,Hero Motocorp,3739.3,0.021398956800866564,3662.1674999999996,3662.866,
2018-01-08,3740.55,3800.0,3740.55,3790.35,3778.8307566294666,9767,687,36907840.0,3384.0,34.65,59.45,49.8,Hero Motocorp,3790.35,1.3652287861364298,3676.0325,3662.732,BUY
2018-01-09,3790.35,3802.9,3742.9,3751.85,3763.8093590519848,11561,671,43513400.0,4994.0,43.2,60.0,-38.5,Hero Motocorp,3751.85,-1.015737332963973,3687.8975000000005,3661.153,
2018-01-10,3750.0,3753.25,3718.25,3732.2,3729.851735563269,63380,1188,236398003.0,52870.0,83.42,35.0,-17.8,Hero Motocorp,3732.2,-0.5237416208004109,3702.2599999999998,3658.7019999999993,
2018-01-11,3775.0,3775.0,3700.55,3706.0,3714.045783885072,16010,1108,59461873.0,7952.0,49.67,74.45,-69.0,Hero Motocorp,3706.0,-0.7019988210706818,3716.4675,3656.493,
2018-01-12,3722.55,3727.25,3653.05,3685.8,3689.600579395256,11046,882,40755328.0,3665.0,33.18,74.2,-36.75,Hero Motocorp,3685.8,-0.5450620615218504,3728.0350000000008,3655.548,
2018-01-15,3695.0,3700.0,3611.05,3627.75,3635.942060146348,141854,1996,515772925.0,121038.0,85.33,88.95,-67.25,Hero Motocorp,3627.75,-1.5749633729448154,3734.3225000000007,3654.2870000000003,
2018-01-16,3630.0,3665.35,3586.55,3594.85,3612.6013052506673,10113,777,36534237.0,4223.0,41.76,78.8,-35.15,Hero Motocorp,3594.85,-0.9068982151471339,3737.5225,3652.356,
2018-01-17,3618.95,3618.95,3530.0,3566.05,3537.96020540862,225307,2539,797127200.0,212301.0,94.23,88.95,-52.9,Hero Motocorp,3566.05,-0.8011460839812412,3730.9849999999997,3650.0429999999997,
2018-01-18,3575.05,3642.0,3575.05,3592.2,3610.4429791822176,36171,1045,130593333.0,25256.0,69.82,66.95,17.15,Hero Motocorp,3592.2,0.7333043563606756,3723.565,3649.2470000000003,
2018-01-19,3592.2,3613.0,3555.05,3590.75,3577.6724563096386,9327,1053,33368951.0,3277.0,35.13,57.95,-1.45,Hero Motocorp,3590.75,-0.04036523578865303,3712.6525,3648.9830000000006,
2018-01-22,3603.2,3620.0,3589.9,3602.8,3605.007325112929,8191,641,29528615.0,2826.0,34.5,30.1,-0.4,Hero Motocorp,3602.8,0.33558448792034845,3703.495,3648.9109999999996,
2018-01-23,3585.1,3632.5,3585.1,3623.1,3622.125514569376,12389,1197,44874513.0,4253.0,34.33,47.4,38.0,Hero Motocorp,3623.1,0.5634506494948344,3694.4175000000005,3649.703,
2018-01-24,3606.0,3646.35,3600.05,3640.5,3627.4862320753055,11367,1455,41233636.0,3123.0,27.47,46.3,34.5,Hero Motocorp,3640.5,0.4802517181419219,3687.475,3649.44,
2018-01-25,3641.15,3656.2,3550.0,3569.6,3587.583545289385,19265,2589,69114797.0,7792.0,40.45,106.2,-71.55,Hero Motocorp,3569.6,-1.9475346793022985,3680.2799999999997,3647.322,
2018-01-29,3550.3,3654.0,3523.95,3640.0,3602.4246238425926,20736,4218,74699877.0,10358.0,49.95,130.05,89.7,Hero Motocorp,3640.0,1.9722097714029552,3672.965,3646.89,
2018-01-30,3660.0,3697.0,3655.0,3688.5,3675.4261003441407,22084,3290,81168110.0,8363.0,37.87,42.0,28.5,Hero Motocorp,3688.5,1.3324175824175777,3668.95,3647.9680000000003,
2018-01-31,3686.05,3745.5,3685.55,3691.6,3710.121493232948,22314,3471,82787651.0,7332.0,32.86,59.95,5.55,Hero Motocorp,3691.6,0.08404500474448184,3666.1575000000003,3648.63,
2018-02-01,3720.0,3743.95,3694.85,3734.4,3725.758037225042,22458,3270,83673074.0,8830.0,39.32,49.1,14.4,Hero Motocorp,3734.4,1.1593888828692167,3665.3049999999994,3649.7080000000005,
2018-02-02,3734.4,3753.5,3615.05,3623.65,3680.306929277403,55951,4477,205916853.0,39789.0,71.11,138.45,-110.75,Hero Motocorp,3623.65,-2.9656705227077973,3659.5625,3648.9440000000004,
2018-02-05,3624.0,3690.0,3388.0,3634.05,3590.4957603750167,29012,3481,104167463.0,11400.0,39.29,302.0,10.05,Hero Motocorp,3634.05,0.2870034357622897,3654.3,3648.0429999999997,
2018-02-06,3598.0,3598.0,3475.0,3542.65,3528.3565217391306,21850,3335,77094590.0,5499.0,25.17,123.0,-55.35,Hero Motocorp,3542.65,-2.515100232522949,3641.915,3645.803,SELL
2018-02-07,3606.0,3799.9,3546.0,3564.3,3579.724418714111,21246,1955,76054825.0,7141.0,33.61,253.9,-41.7,Hero Motocorp,3564.3,0.6111244407435157,3632.5375,3643.995,
2018-02-08,3586.6,3615.7,3558.4,3585.25,3592.00617945646,15859,2094,56965626.0,7393.0,46.62,57.3,-1.35,Hero Motocorp,3585.25,0.5877731952978138,3625.19,3642.223,
2018-02-09,3546.0,3577.0,3533.0,3546.05,3553.435480486781,9532,1949,33871347.0,4518.0,47.4,44.0,0.05,Hero Motocorp,3546.05,-1.093368663273131,3617.1924999999997,3640.007,
2018-02-12,3530.1,3658.45,3530.1,3619.35,3603.3497567954223,17475,2619,62968537.0,8822.0,50.48,128.35,89.25,Hero Motocorp,3619.35,2.067088732533384,3613.87,3639.548,
2018-02-14,3621.0,3626.9,3569.55,3599.85,3599.13416346784,10681,947,38442352.0,3544.0,33.18,57.35,-21.15,Hero Motocorp,3599.85,-0.5387707737577241,3612.475,3639.4060000000004,
2018-02-15,3580.0,3580.0,3522.0,3533.15,3548.0606897780945,11221,957,39812789.0,4378.0,39.02,58.0,-46.85,Hero Motocorp,3533.15,-1.8528549800686078,3609.3900000000003,3637.9570000000003,
2018-02-16,3533.05,3557.85,3480.0,3493.1,3516.859298928919,10270,982,36118145.0,4370.0,42.55,77.85,-39.95,Hero Motocorp,3493.1,-1.1335493822792753,3605.7425000000003,3637.376,
2018-02-19,3500.0,3514.4,3441.75,3460.15,3473.619924201408,9235,969,32078880.0,3332.0,36.08,72.65,-39.85,Hero Motocorp,3460.15,-0.9432881967306961,3599.1400000000003,3636.572,
2018-02-20,3480.45,3516.65,3445.35,3483.9,3491.8516925202534,31846,1721,111201509.0,21689.0,68.11,71.3,3.45,Hero Motocorp,3483.9,0.6863864283340293,3593.7974999999997,3635.1420000000003,
2018-02-21,3498.6,3508.05,3460.6,3490.4,3486.1173742704086,12507,913,43600870.0,8470.0,67.72,47.45,-8.2,Hero Motocorp,3490.4,0.18657251930307428,3588.1775000000002,3634.689,
2018-02-22,3508.9,3508.9,3463.2,3482.35,3480.9275917065393,9405,789,32738124.0,4507.0,47.92,45.7,-26.55,Hero Motocorp,3482.35,-0.2306325922530439,3581.1399999999994,3634.045,
2018-02-23,3450.0,3505.6,3450.0,3498.65,3488.7536626916526,8805,715,30718476.0,2931.0,33.29,55.6,48.65,Hero Motocorp,3498.65,0.4680747196577073,3574.0474999999997,3635.1189999999997,
2018-02-26,3509.25,3549.95,3509.25,3540.35,3538.573458408056,14498,961,51302238.0,8295.0,57.21,40.7,31.1,Hero Motocorp,3540.35,1.1918882997727698,3572.585,3637.4889999999996,
2018-02-27,3586.0,3600.0,3545.7,3587.95,3576.3938303341906,7780,832,27824344.0,2870.0,36.89,54.3,1.95,Hero Motocorp,3587.95,1.3444998375866657,3569.9825000000005,3640.159,
2018-02-28,3553.0,3615.9,3539.3,3600.55,3596.0071386579325,11907,1177,42817657.0,4715.0,39.6,76.6,47.55,Hero Motocorp,3600.55,0.35117546231135943,3565.585,3642.13,
2018-03-01,3620.0,3630.0,3566.1,3579.45,3578.400729828355,7399,597,26476587.0,3498.0,47.28,63.9,-40.55,Hero Motocorp,3579.45,-0.5860215800363888,3559.9775,3643.1020000000003,
2018-03-05,3599.9,3599.9,3536.4,3557.6,3555.6579077348606,40492,1977,143975700.0,27259.0,67.32,63.5,-42.3,Hero Motocorp,3557.6,-0.6104289765187398,3551.1375,3640.3180000000007,
2018-03-06,3580.0,3594.75,3538.15,3569.9,3574.761610687504,15869,905,56727892.0,9123.0,57.49,56.6,-10.1,Hero Motocorp,3569.9,0.34573870024736664,3548.45,3636.9040000000005,
2018-03-07,3555.05,3571.0,3515.75,3562.1,3545.9423981928844,15937,1838,56511684.0,10271.0,64.45,55.25,7.05,Hero Motocorp,3562.1,-0.218493515224516,3544.8525,3631.9660000000003,
2018-03-08,3562.45,3597.3,3543.2,3585.65,3568.27648980862,6427,806,22933313.0,3613.0,56.22,54.1,23.2,Hero Motocorp,3585.65,0.661126863367123,3547.0025,3627.96,
2018-03-09,3600.0,3665.45,3581.05,3587.0,3625.2964740740736,16875,1471,61176878.0,3555.0,21.07,84.4,-13.0,Hero Motocorp,3587.0,0.037650077391826464,3548.1375,3623.607,
2018-03-12,3600.0,3709.8,3600.0,3685.8,3650.956149296349,14709,1270,53701914.0,5408.0,36.77,109.8,85.8,Hero Motocorp,3685.8,2.754390855868416,3553.1649999999995,3621.736,
2018-03-13,3690.0,3728.0,3682.0,3701.3,3700.080863402062,9312,1039,34455153.0,2327.0,24.99,46.0,11.3,Hero Motocorp,3701.3,0.42053285582506206,3560.9275000000002,3621.492,
2018-03-14,3688.0,3688.0,3625.2,3635.45,3644.792248062016,9030,878,32912474.0,2877.0,31.86,62.8,-52.55,Hero Motocorp,3635.45,-1.7791046389106668,3561.7324999999996,3618.475,
2018-03-15,3628.1,3686.7,3628.1,3643.2,3655.401982829109,9784,1041,35764453.0,2746.0,28.07,58.6,15.1,Hero Motocorp,3643.2,0.21317856111346956,3563.9,3615.9629999999997,
2018-03-16,3643.5,3652.8,3529.35,3546.05,3587.4236132393503,13052,1853,46823053.0,5818.0,44.58,123.45,-97.45,Hero Motocorp,3546.05,-2.666611769872629,3564.5449999999996,3611.935,
2018-03-19,3555.0,3555.7,3438.85,3512.4,3508.9234437751006,15936,1276,55918204.0,6363.0,39.93,116.85,-42.6,Hero Motocorp,3512.4,-0.9489431903103474,3565.5099999999998,3607.1539999999995,
2018-03-20,3510.0,3594.0,3500.0,3513.25,3513.899683210137,5682,787,19965978.0,2290.0,40.3,94.0,3.25,Hero Motocorp,3513.25,0.02419997722353795,3568.165,3602.6489999999994,
2018-03-21,3530.0,3530.0,3460.0,3469.35,3489.7897097262344,72690,2697,253672814.0,57956.0,79.73,70.0,-60.65,Hero Motocorp,3469.35,-1.2495552551056721,3567.4375,3597.25,
2018-03-22,3472.35,3486.35,3440.0,3454.85,3459.802972523712,10227,1160,35383405.0,3151.0,30.81,46.35,-17.5,Hero Motocorp,3454.85,-0.41794572470347235,3565.66,3590.54,
2018-03-23,3461.0,3461.0,3353.75,3414.65,3402.508175211264,147091,1965,500478330.0,133908.0,91.04,107.25,-46.35,Hero Motocorp,3414.65,-1.1635816316193148,3562.275,3583.796,
2018-03-26,3415.0,3491.9,3366.5,3481.0,3424.4617257742257,16016,1556,54846179.0,6165.0,38.49,125.4,66.0,Hero Motocorp,3481.0,1.9430981213301557,3561.3924999999995,3578.772,
2018-03-27,3528.6,3528.6,3440.0,3465.85,3463.281295614096,28774,1657,99652456.0,19250.0,66.9,88.6,-62.75,Hero Motocorp,3465.85,-0.4352197644355127,3557.6675000000005,3573.969,
2018-03-28,3450.0,3575.0,3440.05,3545.5,3511.037666632221,19354,1709,67952623.0,4186.0,21.63,134.95,95.5,Hero Motocorp,3545.5,2.298137542017109,3555.5449999999996,3571.163,
2018-04-02,3510.0,3652.0,3510.0,3640.65,3591.415329326476,16139,1537,57961852.0,2576.0,15.96,142.0,130.65,Hero Motocorp,3640.65,2.683683542518689,3557.55,3571.421,
2018-04-03,3654.0,3684.6,3624.95,3640.3,3641.0890571863247,89392,2025,325484233.0,70209.0,78.54,59.65,-13.7,Hero Motocorp,3640.3,-0.009613667888974664,3560.5924999999997,3572.33,
2018-04-04,3665.0,3693.0,3636.35,3669.95,3671.5569360339673,28734,1761,105498517.0,16619.0,57.84,56.65,4.95,Hero Motocorp,3669.95,0.8144933109908381,3566.21,3574.408,
2018-04-05,3699.0,3800.0,3696.0,3784.15,3748.280895609189,34390,4341,128903380.0,10354.0,30.11,104.0,85.15,Hero Motocorp,3784.15,3.1117590157904162,3576.9224999999997,3578.2469999999994,
2018-04-06,3800.0,3800.0,3750.6,3782.4,3774.8609692809914,11947,872,45098264.0,4433.0,37.11,49.4,-17.6,Hero Motocorp,3782.4,-0.046245524093913026,3587.9375,3582.08,BUY
2018-04-09,3789.0,3804.0,3760.35,3788.3,3793.1149199637566,6622,729,25118007.0,2206.0,33.31,43.65,-0.7,Hero Motocorp,3788.3,0.15598561759728735,3598.0699999999997,3585.79,
2018-04-10,3800.0,3813.0,3704.05,3720.8,3733.362433606953,31065,1478,115976904.0,23947.0,77.09,108.95,-79.2,Hero Motocorp,3720.8,-1.7818018636327593,3604.7599999999998,3587.7439999999997,
2018-04-11,3750.0,3760.0,3686.0,3728.8,3702.739786664637,78843,709,291935113.0,71843.0,91.12,74.0,-21.2,Hero Motocorp,3728.8,0.21500752526337763,3606.9100000000008,3589.51,
2018-04-12,3758.6,3782.75,3731.1,3745.7,3752.975667857751,5877,704,22056238.0,1724.0,29.33,51.65,-12.9,Hero Motocorp,3745.7,0.45322892083243804,3609.13,3593.0319999999997,
2018-04-13,3766.0,3769.65,3700.05,3729.5,3711.830659070716,38266,1016,142036912.0,33654.0,87.95,69.6,-36.5,Hero Motocorp,3729.5,-0.43249592866486664,3613.8325000000004,3594.8219999999997,
2018-04-16,3750.0,3809.0,3721.6,3798.05,3790.1103174603168,13860,969,52530929.0,3612.0,26.06,87.4,48.05,Hero Motocorp,3798.05,1.8380479957098794,3621.575,3597.013,
2018-04-17,3820.95,3820.95,3760.0,3770.0,3782.3982403334103,4319,432,16336178.0,1054.0,24.4,60.95,-50.95,Hero Motocorp,3770.0,-0.7385368807677706,3632.7725000000005,3598.581,
2018-04-18,3786.65,3862.0,3730.0,3741.95,3755.0016804369134,7141,727,26814467.0,2479.0,34.72,132.0,-44.7,Hero Motocorp,3741.95,-0.7440318302387339,3644.25,3598.7319999999995,
2018-04-19,3755.1,3766.65,3712.75,3729.25,3738.0825195312495,6144,541,22966779.0,1078.0,17.55,53.9,-25.85,Hero Motocorp,3729.25,-0.33939523510468916,3655.05,3600.8439999999996,
2018-04-20,3733.9,3778.6,3695.0,3744.8,3732.2785022131834,8359,659,31198116.0,4132.0,49.43,83.6,10.9,Hero Motocorp,3744.8,0.41697392237045605,3668.8225000000007,3603.059,
2018-04-23,3744.8,3744.8,3695.0,3717.75,3712.493803000652,6132,617,22765012.0,2277.0,37.13,49.8,-27.05,Hero Motocorp,3717.75,-0.7223349711600102,3681.9675,3606.561,
2018-04-24,3770.0,3770.0,3710.0,3719.6,3721.700145296041,5506,524,20491681.0,2077.0,37.72,60.0,-50.4,Hero Motocorp,3719.6,0.04976128034428484,3697.215,3609.667,
2018-04-25,3755.0,3755.0,3703.05,3717.9,3719.379531446749,60356,1039,224486871.0,51947.0,86.07,51.95,-37.1,Hero Motocorp,3717.9,-0.04570383912247955,3709.0600000000004,3612.32,
2018-04-26,3718.15,3785.0,3660.0,3756.9,3710.3323400525856,11410,1515,42334892.0,4508.0,39.51,125.0,38.75,Hero Motocorp,3756.9,1.0489792624868821,3723.6125,3616.5370000000003,
2018-04-27,3786.6,3786.6,3703.5,3715.0,3744.7568208124344,36286,996,135882246.0,27725.0,76.41,83.1,-71.6,Hero Motocorp,3715.0,-1.1152812158960912,3732.0875,3618.45,
2018-04-30,3728.7,3748.45,3717.5,3733.7,3731.6048562593055,8731,614,32580642.0,4838.0,55.41,30.95,5.0,Hero Motocorp,3733.7,0.5033647375504602,3736.7400000000002,3621.127,
2018-05-02,3769.0,3775.0,3642.1,3662.3,3707.6693353911446,41468,4439,153749632.0,10985.0,26.49,132.9,-106.7,Hero Motocorp,3662.3,-1.9123121836248091,3737.84,3623.71,
2018-05-03,3670.0,3683.0,3640.0,3657.1,3663.701884552604,13478,1530,49379374.0,4792.0,35.55,43.0,-12.9,Hero Motocorp,3657.1,-0.14198727575568393,3737.1975000000007,3626.99,
2018-05-04,3657.0,3669.95,3648.05,3659.8,3659.800875801669,58004,665,212283090.0,55337.0,95.4,21.9,2.8,Hero Motocorp,3659.8,0.07382899018348876,3730.9799999999996,3630.9829999999997,
2018-05-07,3650.0,3675.0,3625.85,3655.05,3668.32985849392,70315,1041,257938614.0,63661.0,90.54,49.15,5.05,Hero Motocorp,3655.05,-0.12978851303350192,3724.6125,3634.4060000000004,
2018-05-08,3652.85,3674.4,3645.0,3656.65,3658.104174466492,10684,821,39083185.0,5103.0,47.76,29.4,3.8,Hero Motocorp,3656.65,0.04377505095689571,3718.03,3637.731,
2018-05-09,3670.0,3685.55,3638.05,3657.35,3659.3293024021054,121560,3145,444828070.0,105666.0,86.92,47.5,-12.65,Hero Motocorp,3657.35,0.019143204845950557,3714.8574999999996,3641.231,
2018-05-10,3655.15,3664.0,3625.45,3643.25,3644.5725367666864,18563,1604,67654200.0,6323.0,34.06,38.55,-11.9,Hero Motocorp,3643.25,-0.38552503862085974,3710.5799999999995,3644.1230000000005,
2018-05-11,3630.3,3643.5,3592.95,3616.15,3610.6611501524512,61331,868,221445459.0,55239.0,90.07,50.55,-14.15,Hero Motocorp,3616.15,-0.7438413504425978,3704.1025,3645.639,
2018-05-14,3645.0,3657.5,3620.6,3649.35,3647.8160258387616,110222,1142,402069578.0,103647.0,94.03,36.9,4.35,Hero Motocorp,3649.35,0.9181035078744015,3700.095,3646.867,
2018-05-15,3646.35,3661.75,3635.0,3653.25,3652.141313083269,60971,1394,222674708.0,50192.0,82.32,26.75,6.9,Hero Motocorp,3653.25,0.10686834641786547,3692.8549999999996,3647.9210000000003,
2018-05-16,3617.1,3635.0,3500.0,3576.4,3554.390379131904,18938,2000,67313045.0,4601.0,24.3,135.0,-40.7,Hero Motocorp,3576.4,-2.103606377882705,3683.175,3647.86,
2018-05-17,3597.0,3686.0,3535.9,3554.45,3558.396906043831,13187,1303,46924580.0,4915.0,37.27,150.1,-42.55,Hero Motocorp,3554.45,-0.6137456660328944,3673.8,3647.7969999999996,
2018-05-18,3549.75,3567.45,3538.35,3561.75,3556.431257344301,9361,1728,33291753.0,5132.0,54.82,29.1,12.0,Hero Motocorp,3561.75,0.20537635921169528,3665.425,3647.6339999999996,
2018-05-21,3570.0,3573.3,3470.0,3495.0,3499.9291891463026,25208,1683,88226215.0,14243.0,56.5,103.3,-75.0,Hero Motocorp,3495.0,-1.8740787534217707,3652.935,3646.2919999999995,
2018-05-22,3465.0,3520.0,3410.0,3509.3,3498.880300922348,19407,1209,67902770.0,7042.0,36.29,110.0,44.3,Hero Motocorp,3509.3,0.40915593705292963,3642.5125,3644.765,SELL
2018-05-23,3480.0,3486.95,3453.0,3482.15,3477.2866273353,6102,833,21218403.0,2850.0,46.71,33.95,2.15,Hero Motocorp,3482.15,-0.7736585643860594,3630.6400000000003,3642.6679999999997,
2018-05-24,3487.6,3500.8,3451.15,3486.25,3472.7402283480765,19444,905,67523961.0,12350.0,63.52,49.65,-1.35,Hero Motocorp,3486.25,0.11774334821876842,3619.0575,3638.677,
2018-05-25,3473.15,3573.3,3464.7,3550.7,3545.196910185912,22914,962,81234642.0,14600.0,63.72,108.6,77.55,Hero Motocorp,3550.7,1.8486912871997108,3608.7475,3635.665,
2018-05-28,3556.1,3621.85,3538.45,3596.85,3586.7235168299,8883,1007,31860865.0,2022.0,22.76,83.4,40.75,Hero Motocorp,3596.85,1.2997437125074063,3602.84,3634.893,
2018-05-29,3660.0,3660.0,3565.6,3612.35,3599.7851566794943,9095,782,32740046.0,3277.0,36.03,94.4,-47.65,Hero Motocorp,3612.35,0.4309326215994558,3596.7725,3634.276,
2018-05-30,3613.1,3624.0,3530.1,3606.85,3584.844746415579,9346,965,33503959.0,2102.0,22.49,93.9,-6.25,Hero Motocorp,3606.85,-0.15225545697399312,3594.0,3635.492,
2018-05-31,3575.0,3620.9,3500.0,3547.25,3550.8756453145006,24213,1790,85977352.0,10332.0,42.67,120.9,-27.75,Hero Motocorp,3547.25,-1.6524113838945365,3588.5074999999997,3636.1890000000003,
2018-06-01,3547.0,3633.25,3547.0,3623.75,3608.9015899896503,21258,1876,76718030.0,2604.0,12.25,86.25,76.75,Hero Motocorp,3623.75,2.1566001832405313,3586.7050000000004,3638.3990000000003,
2018-06-04,3641.0,3678.05,3599.75,3612.0,3627.666777703753,18012,1633,65341534.0,4318.0,23.97,78.3,-29.0,Hero Motocorp,3612.0,-0.32424974129009465,3584.5525000000002,3641.252,
2018-06-05,3612.0,3629.0,3569.0,3608.65,3583.063370745309,425354,1123,1524070337.0,418119.0,98.3,60.0,-3.35,Hero Motocorp,3608.65,-0.09274640088593467,3582.1524999999992,3644.328,
2018-06-06,3622.75,3652.0,3599.1,3638.9,3620.7002328521817,174789,1038,632858573.0,166181.0,95.08,52.9,16.15,Hero Motocorp,3638.9,0.8382636165879198,3581.2300000000005,3648.813,
2018-06-07,3660.0,3680.0,3629.25,3657.05,3652.817973542236,13531,1338,49426280.0,4710.0,34.81,50.75,-2.95,Hero Motocorp,3657.05,0.49877710297068223,3581.9200000000005,3652.3340000000003,
2018-06-08,3650.0,3655.0,3608.0,3634.4,3631.743102668476,8844,706,32119136.0,3512.0,39.71,47.0,-15.6,Hero Motocorp,3634.4,-0.6193516632258311,3582.8324999999995,3655.705,
2018-06-11,3676.0,3677.4,3602.5,3612.55,3623.708185053381,9554,589,34620908.0,3723.0,38.97,74.9,-63.45,Hero Motocorp,3612.55,-0.6011996478098136,3580.9925000000003,3657.046,
2018-06-12,3612.05,3715.0,3602.55,3688.75,3656.4712395925785,23661,1571,86515766.0,11606.0,49.05,112.45,76.7,Hero Motocorp,3688.75,2.1093133659049634,3582.7675000000004,3658.008,
2018-06-13,3672.05,3715.0,3672.05,3698.9,3697.3729101728527,21174,689,78288174.0,15916.0,75.17,42.95,26.85,Hero Motocorp,3698.9,0.27516096238564547,3588.8924999999995,3659.18,
2018-06-14,3694.75,3706.75,3632.95,3684.1,3688.9377917012976,15641,528,57698676.0,10719.0,68.53,73.8,-10.65,Hero Motocorp,3684.1,-0.40011895428371247,3595.375,3659.4629999999997,
2018-06-15,3720.6,3720.6,3655.0,3689.15,3678.5280028357297,19748,686,72643571.0,11234.0,56.89,65.6,-31.45,Hero Motocorp,3689.15,0.13707554083766116,3601.745,3657.5630000000006,
2018-06-18,3676.4,3698.2,3655.05,3668.7,3674.1645233885224,12442,776,45713955.0,2547.0,20.47,43.15,-7.7,Hero Motocorp,3668.7,-0.5543282327907573,3610.4300000000003,3655.2889999999998,
2018-06-19,3671.0,3671.0,3625.5,3655.65,3645.3091844389673,9331,632,34014380.0,2052.0,21.99,45.5,-15.35,Hero Motocorp,3655.65,-0.35571183252922633,3617.7475,3652.636,
2018-06-20,3655.0,3675.6,3643.9,3658.05,3657.2940637176257,8726,568,31913548.0,1859.0,21.3,31.7,3.05,Hero Motocorp,3658.05,0.06565179926962816,3626.5425000000005,3651.3810000000003,
2018-06-21,3660.0,3673.7,3621.0,3631.55,3647.5754169688175,8274,557,30180039.0,1614.0,19.51,52.7,-28.45,Hero Motocorp,3631.55,-0.7244296824810981,3633.8075000000003,3649.4359999999997,
2018-06-22,3620.0,3650.05,3602.15,3640.1,3628.845604979505,13174,1467,47806412.0,4502.0,34.17,47.9,20.1,Hero Motocorp,3640.1,0.23543665927772128,3638.2775,3647.324,
2018-06-25,3640.1,3640.1,3571.05,3585.15,3588.9448781481233,14731,1656,52868747.0,5190.0,35.23,69.05,-54.95,Hero Motocorp,3585.15,-1.5095739128045849,3637.6925,3644.437,
2018-06-26,3573.0,3577.1,3536.45,3567.6,3556.5779702970294,12120,1516,43105725.0,3925.0,32.38,40.65,-5.4,Hero Motocorp,3567.6,-0.48951926697627934,3635.4550000000004,3639.828,
2018-06-27,3609.0,3609.0,3522.05,3538.05,3544.6827636576104,34230,1984,121334491.0,25597.0,74.78,86.95,-70.95,Hero Motocorp,3538.05,-0.8282879246552244,3632.0150000000003,3635.189,
2018-06-28,3522.2,3545.3,3476.6,3513.85,3507.894747274529,15135,1745,53091987.0,6327.0,41.8,68.7,-8.35,Hero Motocorp,3513.85,-0.6839925947909276,3630.3450000000003,3630.627,
2018-06-29,3528.6,3531.0,3460.0,3472.05,3491.975913470278,11002,1365,38418719.0,4775.0,43.4,71.0,-56.55,Hero Motocorp,3472.05,-1.189578382685652,3622.7599999999998,3625.4830000000006,
2018-07-02,3819.0,3819.0,3394.8,3413.6,3464.6234985318974,22478,1866,77877807.0,5919.0,26.33,424.2,-405.4,Hero Motocorp,3413.6,-1.6834434987975433,3612.84,3618.8589999999995,
2018-07-03,3450.0,3483.8,3444.0,3453.5,3463.925650557621,15871,1241,54975964.0,3456.0,21.78,39.8,3.5,Hero Motocorp,3453.5,1.1688539957815713,3605.0825000000004,3613.5739999999996,
2018-07-04,3450.0,3480.0,3417.4,3468.45,3453.0826276412067,12163,1060,41999844.0,2664.0,21.9,62.6,18.45,Hero Motocorp,3468.45,0.43289416533951464,3596.56,3608.551,
2018-07-05,3484.65,3517.2,3458.95,3502.7,3495.256527018822,13176,1752,46053500.0,4905.0,37.23,58.25,18.05,Hero Motocorp,3502.7,0.9874727904395364,3588.8424999999997,3604.2470000000003,
2018-07-06,3518.0,3665.0,3489.65,3636.7,3623.32473093392,43205,3745,156545745.0,14828.0,34.32,175.35,118.7,Hero Motocorp,3636.7,3.8256202358180724,3588.9574999999995,3601.843,
2018-07-09,3690.0,3690.0,3608.3,3622.2,3635.429441811804,16249,1254,59072093.0,6170.0,37.97,81.7,-67.8,Hero Motocorp,3622.2,-0.39871311903648676,3589.44,3599.987,
2018-07-10,3629.25,3695.0,3570.5,3592.15,3597.1993207386968,28266,2366,101678436.0,11205.0,39.64,124.5,-37.1,Hero Motocorp,3592.15,-0.8296063166031598,3584.6099999999997,3597.156,
2018-07-11,3552.05,3579.4,3526.15,3540.7,3542.2567306262085,33615,2025,119072960.0,11726.0,34.88,53.25,-11.35,Hero Motocorp,3540.7,-1.432289854265556,3576.7,3594.724,
2018-07-12,3551.0,3576.95,3485.0,3498.05,3540.6052713621366,76982,2959,272562875.0,10882.0,14.14,91.95,-52.95,Hero Motocorp,3498.05,-1.2045640692518345,3567.3975,3591.5429999999997,
2018-07-13,3505.0,3520.0,3439.0,3460.6,3468.942752072013,18219,1251,63200668.0,6227.0,34.18,81.0,-44.4,Hero Motocorp,3460.6,-1.070596475179031,3555.9700000000003,3587.559,
2018-07-16,3470.0,3471.0,3415.0,3423.85,3430.500862856563,9851,1100,33793864.0,3949.0,40.09,56.0,-46.15,Hero Motocorp,3423.85,-1.0619545743512648,3543.7275,3582.935,
2018-07-17,3415.0,3510.0,3400.0,3479.55,3472.4587339077207,30061,3518,104385582.0,11025.0,36.68,110.0,64.55,Hero Motocorp,3479.55,1.626823605006078,3534.9224999999997,3579.393,
2018-07-18,3505.0,3514.8,3476.7,3501.5,3496.5657594016207,9626,866,33657942.0,3018.0,31.35,38.1,-3.5,Hero Motocorp,3501.5,0.6308286991133949,3527.095,3576.276,
2018-07-19,3510.0,3510.0,3446.05,3458.9,3476.4220615620548,9129,968,31736257.0,3630.0,39.76,63.95,-51.1,Hero Motocorp,3458.9,-1.216621447950872,3518.4625,3572.5889999999995,
2018-07-20,3462.0,3489.75,3323.0,3373.15,3386.703752988876,48095,3435,162883517.0,14610.0,30.38,166.75,-88.85,Hero Motocorp,3373.15,-2.4791118563705195,3505.1150000000002,3567.729,
2018-07-23,3385.1,3385.1,3094.0,3163.9,3185.098191260585,112067,8915,356944399.0,26604.0,23.74,291.1,-221.2,Hero Motocorp,3163.9,-6.203400382431856,3484.0524999999993,3558.02,
2018-07-24,3185.6,3208.0,3037.1,3101.45,3125.6073886648414,115799,7913,361942210.0,39044.0,33.72,170.9,-84.15,Hero Motocorp,3101.45,-1.9738297670596539,3460.745,3546.9839999999995,
2018-07-25,3141.85,3199.0,3071.1,3111.95,3131.9327613644223,72265,6086,226329121.0,14414.0,19.95,127.9,-29.9,Hero Motocorp,3111.95,0.33855132276838784,3439.44,3537.695,
2018-07-26,3052.1,3187.65,3052.1,3137.7,3121.662639948442,66721,6350,208280453.0,14685.0,22.01,135.55,85.6,Hero Motocorp,3137.7,0.8274554539758006,3420.6324999999997,3529.36,
2018-07-27,3157.85,3230.0,3136.3,3193.8,3197.872750729952,44181,3350,141285216.0,10820.0,24.49,93.7,35.95,Hero Motocorp,3193.8,1.7879338368869124,3406.72,3522.001,
2018-07-30,3181.6,3227.05,3180.0,3205.0,3200.8751421559823,16707,1485,53477021.0,4757.0,28.47,47.05,23.4,Hero Motocorp,3205.0,0.3506794414177339,3396.29,3516.2010000000005,
2018-07-31,3210.0,3303.45,3190.05,3293.8,3265.7253785083963,33883,2563,110652573.0,11830.0,34.91,113.4,83.8,Hero Motocorp,3293.8,2.770670826833088,3388.3050000000003,3511.8909999999996,
2015-01-01,983.9,990.6,978.725,987.9,986.1023638610606,38031,3712,75004918.0,16232.0,42.68,23.75,8.0,Infosys,1975.8,,,,
2015-01-02,987.5,1009.8,986.95,1006.725,1000.9865761911784,61011,6879,122142384.0,25532.0,41.85,45.7,38.45,Infosys,2013.45,1.9055572426359024,,,
2015-01-05,1007.35,1014.825,988.825,998.3,1003.078107169738,82374,8886,165255112.0,36107.0,43.83,52.0,-18.1,Infosys,1996.6,-0.836872035560865,,,
2015-01-06,992.45,994.0,967.5,978.425,976.6819835188144,221586,16076,432838108.0,132099.0,59.62,53.0,-28.05,Infosys,1956.85,-1.9908845036562206,,,
2015-01-07,978.55,987.65,975.0,982.4,982.5497193890064,774738,11785,1522437209.0,696719.0,89.93,25.3,7.7,Infosys,1964.8,0.406265171065745,,,
2015-01-08,991.25,998.425,975.5,987.275,981.3704065676308,787864,10915,1546372828.0,732650.0,92.99,45.85,-7.95,Infosys,1974.55,0.4962337133550543,,,
2015-01-09,992.5,1054.0,957.05,1036.8,1015.165453060458,1128867,114311,2291973559.0,166176.0,14.72,193.9,88.6,Infosys,2073.6,5.016332835329562,,,
2015-01-12,1047.525,1059.5,1038.125,1057.375,1050.1448062645272,221565,18848,465350668.0,67426.0,30.43,42.75,19.7,Infosys,2114.75,1.9844714506172867,,,
2015-01-13,1057.2,1057.2,1037.575,1043.625,1043.9725258810279,93215,9527,194627798.0,24996.0,26.82,39.25,-27.15,Infosys,2087.25,-1.3003901170351106,,,
2015-01-14,1047.5,1067.5,1046.45,1064.4,1055.956580321023,153260,12490,323671811.0,67541.0,44.07,42.1,33.8,Infosys,2128.8,1.990657563780096,,,
2015-01-15,1072.0,1076.45,1057.25,1066.975,1068.7178633286755,119513,13818,255451356.0,60575.0,50.68,38.4,-10.05,Infosys,2133.95,0.24192033070271624,,,
2015-01-16,1070.1,1073.675,1055.0,1057.075,1061.476150277476,68114,6788,144602773.0,17359.0,25.49,37.35,-26.05,Infosys,2114.15,-0.9278567913962199,,,
2015-01-19,1059.0,1065.5,1047.9,1051.2,1052.268404630922,60895,5767,128155769.0,22841.0,37.51,35.2,-15.6,Infosys,2102.4,-0.5557789182413786,,,
2015-01-20,1051.2,1066.45,1050.225,1061.175,1058.4205458394963,68958,5951,145973128.0,22833.0,33.11,32.45,19.95,Infosys,2122.35,0.9489155251141357,,,
2015-01-21,1063.1,1085.0,1058.65,1082.55,1080.5471951219513,360800,9675,779722856.0,23954.0,6.64,52.7,38.9,Infosys,2165.1,2.014276627323497,,,
2015-01-22,1084.5,1101.0,1080.9,1097.85,1096.048398006408,84270,10865,184727997.0,33394.0,39.63,40.2,26.7,Infosys,2195.7,1.4133296383538774,,,
2015-01-23,1100.0,1111.0,1083.375,1107.025,1098.1952658811088,105912,9755,232624114.0,39645.0,37.43,55.25,14.05,Infosys,2214.05,0.8357243703602579,,,
2015-01-27,1107.025,1108.0,1065.5,1068.0,1074.307342623227,112739,13434,242232671.0,53785.0,47.71,85.0,-78.05,Infosys,2136.0,-3.5252139743908284,,,
2015-01-28,1073.275,1077.25,1066.5,1072.55,1072.4572863723472,84013,8839,180200708.0,38307.0,45.6,21.5,-1.45,Infosys,2145.1,0.42602996254681447,,,
2015-01-29,1067.6,1074.675,1064.125,1071.45,1070.9360684788455,158005,12186,338426507.0,76686.0,48.53,21.1,7.7,Infosys,2142.9,-0.10255932124375589,1043.9537500000001,,
2015-01-30,1076.0,1081.8,1063.2,1071.375,1077.3445998188981,241853,5173,521118047.0,209768.0,86.73,37.2,-9.25,Infosys,2142.75,-0.00699986000279873,1048.1275,,
2015-02-02,1070.0,1075.6,1063.825,1067.175,1070.587348603508,64483,6786,138069368.0,18885.0,29.29,23.55,-5.65,Infosys,2134.35,-0.3920196009800536,1051.15,,
2015-02-03,1070.0,1070.0,1051.525,1060.175,1058.968588166533,73571,8347,155818756.0,21147.0,28.74,36.95,-19.65,Infosys,2120.35,-0.6559374048305089,1054.24375,,
2015-02-04,1064.0,1074.75,1064.0,1071.025,1070.4248936482325,54536,6308,116753384.0,12345.0,22.64,21.5,14.05,Infosys,2142.05,1.0234159454807212,1058.8737500000002,,
2015-02-05,1072.0,1110.0,1072.0,1096.8,1092.2291672477172,179273,17158,391614399.0,89326.0,49.83,76.0,49.6,Infosys,2193.6,2.40657314255035,1064.59375,,
2015-02-06,1096.5,1123.375,1096.2,1114.675,1113.403965660573,121493,11523,270541576.0,23676.0,19.49,54.35,36.35,Infosys,2229.35,1.6297410649161126,1070.96375,,
2015-02-09,1114.675,1127.5,1103.2,1125.1,1119.8456188978726,160907,16465,360381998.0,81749.0,50.81,48.6,20.85,Infosys,2250.2,0.9352501850315109,1075.3787499999999,,
2015-02-10,1122.45,1148.7,1112.5,1140.15,1134.7811141074153,141656,13026,321497107.0,55577.0,39.23,72.4,35.4,Infosys,2280.3,1.3376588747667117,1079.5175,,
2015-02-11,1137.5,1147.5,1129.125,1143.6,1139.7939831250103,60563,7467,138058686.0,20058.0,33.12,36.75,12.2,Infosys,2287.2,0.3025917642415221,1084.51625,,
2015-02-12,1140.0,1161.425,1137.5,1157.725,1150.6860191058845,79766,9095,183571242.0,33981.0,42.6,47.85,35.45,Infosys,2315.45,1.235134662469406,1089.1825000000001,,
2015-02-13,1155.5,1162.45,1143.475,1148.2,1155.6856175556588,109731,5570,253629077.0,69039.0,62.92,37.95,-14.6,Infosys,2296.4,-0.8227342417240546,1093.24375,,
2015-02-16,1140.5,1152.925,1133.0,1139.25,1142.4809331197905,85541,10149,195457923.0,22164.0,25.91,39.85,-2.5,Infosys,2278.5,-0.7794809266678304,1097.3525,,
2015-02-18,1142.0,1152.5,1130.55,1147.875,1141.0304933890445,69884,6639,159479550.0,26665.0,38.16,43.9,11.75,Infosys,2295.75,0.7570770243581215,1102.1862500000002,,
2015-02-19,1152.0,1166.95,1146.0,1163.3,1160.7427331508125,85835,8847,199264705.0,29728.0,34.63,41.9,22.6,Infosys,2326.6,1.3437874333006583,1107.2925,,
2015-02-20,1162.0,1167.6,1138.5,1142.15,1150.8157105761632,79717,10233,183479152.0,23045.0,28.91,58.2,-39.7,Infosys,2284.3,-1.8181036705922637,1110.2724999999998,,
2015-02-23,1151.975,1155.5,1126.625,1135.35,1140.95612960988,75951,7344,173313518.0,24969.0,32.88,57.75,-33.25,Infosys,2270.7,-0.5953683841877333,1112.1475,,
2015-02-24,1138.025,1147.5,1129.0,1139.075,1140.5294731201318,52251,7726,119187611.0,13292.0,25.44,37.0,2.1,Infosys,2278.15,0.32809265865152426,1113.75,,
2015-02-25,1145.0,1166.0,1139.175,1159.025,1157.550307108244,161995,10174,375034724.0,102972.0,63.56,53.65,28.05,Infosys,2318.05,1.7514211092333642,1118.30125,,
2015-02-26,1157.45,1157.45,1125.0,1129.75,1138.5991624310975,69845,8403,159050917.0,22046.0,31.56,64.9,-55.4,Infosys,2259.5,-2.525829900131582,1121.1612499999999,,
2015-02-27,1133.625,1140.425,1129.0,1133.175,1134.6199207428876,50721,4938,115098114.0,12297.0,24.24,22.85,-0.9,Infosys,2266.35,0.3031644169063874,1124.2475,,
2015-02-28,1135.0,1155.0,1129.0,1147.425,1139.5960338863013,73422,8043,167342840.0,11556.0,15.74,52.0,24.85,Infosys,2294.85,1.2575286253226459,1128.05,,
2015-03-02,1150.0,1154.0,1139.2,1145.725,1144.9732399471789,38621,7328,88440023.0,9859.0,25.53,29.6,-8.55,Infosys,2291.45,-0.14815783166656216,1131.9775,,
2015-03-03,1145.5,1154.5,1139.725,1148.675,1146.9585354817625,39781,4220,91254315.0,8455.0,21.25,29.55,6.35,Infosys,2297.35,0.25747888891314297,1136.4025,,
2015-03-04,1149.5,1156.75,1126.175,1136.3,1141.8821923561527,71430,7938,163129290.0,19279.0,26.99,61.15,-26.4,Infosys,2272.6,-1.0773282259995187,1139.6662499999998,,
2015-03-05,1134.2,1148.7,1118.0,1125.85,1127.7001468264734,62659,6047,141321127.0,12343.0,19.7,61.4,-16.7,Infosys,2251.7,-0.9196515004840311,1141.11875,,
2015-03-09,1127.5,1128.0,1089.6,1095.275,1100.5070021323363,121463,10648,267341764.0,32461.0,26.73,76.8,-64.45,Infosys,2190.55,-2.7157258959896846,1140.1487499999998,,
2015-03-10,1100.0,1103.5,1081.65,1100.05,1098.5052745184857,90340,7369,198477933.0,41336.0,45.76,43.7,0.1,Infosys,2200.1,0.43596357079271897,1138.8962500000002,,
2015-03-11,1095.0,1120.0,1086.3,1091.8,1105.254944008562,127073,10867,280896123.0,55436.0,43.63,67.4,-6.4,Infosys,2183.6,-0.7499659106404266,1136.47875,,
2015-03-12,1092.45,1113.175,1088.75,1108.9,1105.439486680114,86262,7915,190714842.0,33629.0,38.98,48.85,32.9,Infosys,2217.8,1.5662209195823618,1134.7437499999999,,
2015-03-13,1113.05,1114.4,1097.2,1108.225,1105.568778743892,55664,6963,123080761.0,14839.0,26.66,34.4,-9.65,Infosys,2216.45,-0.06087113355579543,1132.26875,1091.445,
2015-03-16,1105.0,1141.0,1105.0,1133.5,1127.091580597924,77167,10568,173948552.0,29231.0,37.88,72.0,57.0,Infosys,2267.0,2.280674050847087,1131.53375,1094.357,
2015-03-17,1130.1,1139.25,1109.1,1120.975,1124.7312939596366,84879,9145,190932135.0,23115.0,27.23,60.3,-18.25,Infosys,2241.95,-1.104984561093969,1130.62,1096.642,
2015-03-18,1125.0,1130.375,1110.0,1115.1,1119.9332828173483,41571,3944,93113493.0,9568.0,23.02,40.75,-19.8,Infosys,2230.2,-0.5240973259885373,1128.98125,1098.9779999999998,
2015-03-19,1113.5,1122.075,1112.1,1114.95,1114.2092222953233,510708,5515,1138071127.0,463615.0,90.78,19.95,2.9,Infosys,2229.9,-0.013451708366951642,1126.5637499999998,1101.7085,
2015-03-20,1116.5,1134.75,1116.5,1129.475,1128.353340279013,78706,9129,177616356.0,32761.0,41.62,36.5,25.95,Infosys,2258.95,1.3027490021974009,1125.93,1104.65,
2015-03-23,1126.0,1137.5,1113.425,1116.2,1117.8935431860311,360348,6685,805661405.0,302866.0,84.05,48.15,-19.6,Infosys,2232.4,-1.1753248190530918,1124.9725,1107.2285,
2015-03-24,1115.0,1126.0,1103.125,1106.05,1112.7503928662793,54726,5590,121792756.0,11356.0,20.75,45.75,-17.9,Infosys,2212.1,-0.9093352445798342,1123.32125,1108.6135000000002,
2015-03-25,1108.65,1113.85,1100.0,1108.85,1107.5559280145283,73237,7082,162228147.0,20432.0,27.9,27.7,0.4,Infosys,2217.7,0.2531531124271069,1120.8125,1109.643,
2015-03-26,1106.0,1106.75,1065.0,1072.225,1081.9501325556735,113160,10333,244866954.0,52866.0,46.72,83.5,-67.55,Infosys,2144.45,-3.3029715470983434,1117.93625,1110.215,
2015-03-27,1082.0,1112.5,1080.0,1100.975,1101.9324270786904,80772,9486,178010572.0,22781.0,28.2,65.0,37.95,Infosys,2201.95,2.681340203781857,1116.3262499999998,1110.9465,
2015-03-30,1107.0,1122.025,1097.725,1114.9,1108.5832844675933,57982,4882,128555752.0,27706.0,47.78,48.6,15.8,Infosys,2229.8,1.264788028792685,1114.7,1111.905,
2015-03-31,1121.8,1136.0,1102.425,1108.3,1111.502527957776,76544,8428,170157699.0,22613.0,29.54,67.15,-27.0,Infosys,2216.6,-0.5919813436182753,1112.8287500000001,1112.9295,SELL
2015-04-01,1104.7,1104.7,1080.0,1086.125,1085.5705874540704,158123,12042,343307356.0,45043.0,28.49,49.4,-37.15,Infosys,2172.25,-2.0008120544978802,1109.70125,1113.628,
2015-04-06,1089.0,1092.5,1081.0,1088.6,1085.819933171429,58059,6408,126083239.0,20363.0,35.07,23.0,-0.8,Infosys,2177.2,0.2278743238577352,1107.31625,1114.1765,
2015-04-07,1090.0,1091.975,1070.9,1080.625,1080.4195155373482,70057,7693,151381900.0,16496.0,23.55,42.15,-18.75,Infosys,2161.25,-0.7325923204115292,1105.0549999999998,1114.138,
2015-04-08,1087.75,1103.425,1087.0,1100.4,1095.7819417573303,39799,4709,87222051.0,12006.0,30.17,32.85,25.3,Infosys,2200.8,1.829959514170043,1105.3112500000002,1114.1889999999999,
2015-04-09,1105.0,1108.2,1093.5,1105.7,1101.9885412075805,34035,4419,75012360.0,7766.0,22.82,29.4,1.4,Infosys,2211.4,0.4816430388949522,1105.59375,1114.1625,
2015-04-10,1105.0,1119.5,1105.0,1116.65,1114.922369413032,46425,4705,103520542.0,16525.0,35.6,29.0,23.3,Infosys,2233.3,0.9903228723885382,1106.8362499999998,1115.1355,
2015-04-13,1117.5,1122.0,1108.8,1119.5,1117.0902181292245,33879,4133,75691799.0,7200.0,21.25,26.4,4.0,Infosys,2239.0,0.25522768996550926,1107.36625,1116.0745,
2015-04-15,1119.45,1121.45,1097.75,1106.6,1106.9938129170907,44205,5433,97869323.0,11516.0,26.05,47.4,-25.7,Infosys,2213.2,-1.1523001339883931,1107.2849999999999,1116.7775,
2015-04-16,1107.5,1115.0,1078.125,1095.55,1089.478359511344,74490,8126,162310486.0,23205.0,31.15,73.75,-23.9,Infosys,2191.1,-0.9985541297668488,1105.3875,1117.261,
2015-04-17,1094.0,1097.5,1076.725,1090.975,1089.060876100494,32599,4426,71004591.0,7798.0,23.92,41.55,-6.05,Infosys,2181.95,-0.41759846652367205,1103.8875,1117.737,
2015-04-20,1090.5,1092.0,1058.625,1066.625,1061.3635243617873,803964,8159,1706596129.0,351483.0,43.72,66.75,-47.75,Infosys,2133.25,-2.2319484864456007,1101.46375,1117.866,
2015-04-21,1069.0,1076.225,1059.9,1072.2,1068.5864290626544,165766,6313,354270596.0,130810.0,78.91,32.65,6.4,Infosys,2144.4,0.5226766670573202,1099.32625,1117.8895,
2015-04-22,1073.075,1087.5,1050.125,1069.225,1061.2351511094832,79181,8455,168059321.0,25081.0,31.68,74.75,-7.7,Infosys,2138.45,-0.27746689050551776,1096.3137499999998,1117.338,
2015-04-23,1072.65,1072.65,1056.25,1061.275,1061.1306031448019,106525,8014,226073875.0,53834.0,50.54,32.8,-22.75,Infosys,2122.55,-0.7435291917042508,1093.5674999999999,1116.2699999999998,
2015-04-24,1065.5,1075.0,991.0,998.125,1039.5990525259072,1521097,115788,3162662000.0,450632.0,29.63,168.0,-134.75,Infosys,1996.25,-5.950389861251804,1088.1712499999999,1113.7305,
2015-04-27,1000.5,1005.0,975.0,993.0,985.7866866858104,342672,28557,675602991.0,187868.0,54.82,60.0,-15.0,Infosys,1986.0,-0.5134627426424565,1082.37875,1110.7875,
2015-04-28,994.0,994.0,976.5,980.675,981.1407106499609,245184,21573,481120008.0,141635.0,57.77,35.0,-26.65,Infosys,1961.35,-1.241188318227593,1077.80125,1107.529,
2015-04-29,982.5,986.0,969.275,980.8,978.5651614792558,157079,17042,307424074.0,68827.0,43.82,33.45,-3.4,Infosys,1961.6,0.01274632268590814,1071.7925,1103.9905,
2015-04-30,980.0,980.075,966.325,971.2,972.0522019785232,349958,18908,680354889.0,141332.0,40.39,27.5,-17.6,Infosys,1942.4,-0.9787928221859588,1064.6074999999998,1100.4505,
2015-05-04,980.5,999.5,975.0,997.15,986.8004997597308,104050,16047,205353184.0,36987.0,35.55,49.0,33.3,Infosys,1994.3,2.6719522240527205,1059.05,1097.6085,
2015-05-05,1000.0,1002.5,977.5,983.375,985.0122912811128,240455,17679,473702261.0,151351.0,62.94,50.0,-33.25,Infosys,1966.75,-1.381437095722804,1053.9125,1094.3185,
2015-05-06,989.5,990.0,958.75,961.25,963.6621185751864,426919,30007,822811336.0,270448.0,63.35,62.5,-56.5,Infosys,1922.5,-2.249904665056568,1047.545,1090.2775,
2015-05-07,964.4,983.5,955.55,971.4,969.8630327459066,128016,16179,248315972.0,39492.0,30.85,55.9,14.0,Infosys,1942.8,1.0559167750325171,1042.08375,1086.8625,
2015-05-08,981.95,984.3,972.9,979.0,978.0613571659183,68142,8837,133294114.0,22756.0,33.39,22.8,-5.9,Infosys,1958.0,0.7823759522338936,1036.0137499999998,1083.7355,
2015-05-11,982.55,1000.0,977.0,996.0,989.150339564171,121332,5962,240031178.0,54896.0,45.24,46.0,26.9,Infosys,1992.0,1.7364657814096018,1030.52875,1080.874,
2015-05-12,999.45,999.45,970.625,974.8,977.506807004918,183414,7686,358576867.0,129049.0,70.36,57.65,-49.3,Infosys,1949.6,-2.128514056224906,1023.43625,1077.1895,
2015-05-13,977.0,982.5,966.3,977.975,977.302125287848,1676667,12562,3277220445.0,1514983.0,90.36,32.4,1.95,Infosys,1955.95,0.3257078375051403,1016.36,1074.154,
2015-05-14,980.0,980.0,955.0,967.275,964.7120635183942,132623,7961,255886016.0,59806.0,45.09,50.0,-25.45,Infosys,1934.55,-1.094097497379798,1009.3937499999998,1070.836,
2015-05-15,967.55,982.5,967.5,979.875,975.6884040954347,85168,4715,166194860.0,33977.0,39.89,30.0,24.65,Infosys,1959.75,1.3026285182600628,1003.6099999999999,1067.485,
2015-05-18,982.1,999.0,981.025,995.875,989.2872550023028,117246,6414,231979947.0,78080.0,66.6,35.95,27.55,Infosys,1991.75,1.6328613343538745,998.8549999999999,1064.4879999999998,
2015-05-19,994.5,1016.35,992.2,1009.075,1008.3952811299312,92395,6005,186341364.0,23961.0,25.93,48.3,29.15,Infosys,2018.15,1.3254675536588545,995.9775,1061.6960000000001,
2015-05-20,1016.775,1025.5,1016.775,1022.35,1022.1593854100934,68143,3972,139306014.0,20817.0,30.55,17.45,11.15,Infosys,2044.7,1.3155612813715578,993.485,1059.417,
2015-05-21,1024.5,1030.5,1017.5,1021.675,1022.7774513607892,54123,3172,110711568.0,15888.0,29.36,26.0,-5.65,Infosys,2043.35,-0.06602435565120635,991.1075000000001,1057.3335,
2015-05-22,1022.5,1024.7,1015.025,1020.9,1021.5877083006844,172287,3778,352012563.0,127246.0,73.86,19.35,-3.2,Infosys,2041.8,-0.07585582499326504,989.0887499999999,1055.846,
2015-05-25,1025.0,1028.45,1003.5,1009.0,1013.7559252127608,84132,4450,170578627.0,37645.0,44.75,49.9,-32.0,Infosys,2018.0,-1.1656381624057133,989.6324999999999,1054.025,
2015-05-26,1010.5,1015.525,1000.25,1004.65,1007.5562585613578,119724,4617,241257331.0,50685.0,42.33,30.55,-11.7,Infosys,2009.3,-0.4311199207135852,990.2149999999999,1052.282,
2015-05-27,1007.5,1007.5,976.875,984.525,983.664690558946,137813,6411,271123564.0,68230.0,49.51,61.25,-45.95,Infosys,1969.05,-2.003185188871748,990.4075,1049.7945,
2015-05-28,990.0,1013.5,988.15,1007.15,997.8182784574644,105359,5804,210258272.0,46037.0,43.7,50.7,34.3,Infosys,2014.3,2.298062517457655,991.725,1047.7730000000001,
2015-05-29,1008.5,1026.75,1001.875,1011.2,1012.6073564561248,186598,9046,377901015.0,63702.0,34.14,49.75,5.4,Infosys,2022.4,0.4021248076254924,993.725,1045.327,
2015-06-01,1015.0,1031.5,1011.65,1022.85,1023.502560859943,79075,5558,161866930.0,31957.0,40.41,39.7,15.7,Infosys,2045.7,1.1520965189873333,995.0099999999999,1043.3645,
2015-06-02,1022.5,1027.4,1002.55,1004.4,1007.867643244178,138784,6055,279751806.0,75685.0,54.53,49.7,-36.2,Infosys,2008.8,-1.803783545974491,996.06125,1041.1505,
2015-06-03,1010.0,1030.0,1004.125,1011.55,1009.0020525098032,174177,7107,351489901.0,89847.0,51.58,51.75,3.1,Infosys,2023.1,0.7118677817602448,998.5762499999998,1039.0825,
2015-06-04,1015.5,1028.3,1007.175,1014.025,1018.4501746836028,86442,6500,176073740.0,21354.0,24.7,42.25,-2.95,Infosys,2028.05,0.2446740151253124,1000.7075000000001,1036.7735,
2015-06-05,1019.5,1022.0,1004.575,1006.05,1010.2136364773476,119921,6928,242291659.0,59962.0,50.0,34.85,-26.9,Infosys,2012.1,-0.7864697615936556,1002.0600000000001,1034.5705,
2015-06-08,1006.0,1010.125,995.0,1000.125,1000.6982950796285,56073,5177,112224311.0,23496.0,41.9,30.25,-11.75,Infosys,2000.25,-0.5889369315640325,1002.26625,1032.452,
2015-06-09,1006.5,1006.5,992.55,996.275,995.6696999840352,162858,4726,324305552.0,120016.0,73.69,27.9,-20.45,Infosys,1992.55,-0.3849518810148722,1003.3400000000001,1030.2005,
2015-06-10,1005.0,1019.85,993.0,1013.1,1004.4281573440416,106086,5552,213111531.0,36971.0,34.85,53.7,16.2,Infosys,2026.2,1.6887907455271023,1005.0962499999999,1029.018,
2015-06-11,1017.5,1022.5,998.525,1000.925,1006.4437727357788,219093,7132,441009571.0,141026.0,64.37,47.95,-33.15,Infosys,2001.85,-1.2017569835159447,1006.7787500000001,1027.017,
2015-06-12,1001.0,1012.25,977.75,988.325,1001.6919342711152,364406,11369,730045102.0,247907.0,68.03,69.0,-25.35,Infosys,1976.65,-1.2588355770911774,1007.2012500000001,1024.4855,
2015-06-15,980.0,998.85,968.5,991.1,989.0448340315456,352567,8291,348704570.0,159739.0,45.31,30.35,11.1,Infosys,991.1,0.28077808413224936,1006.9625,1022.1415,
2015-06-16,994.0,1002.0,985.0,999.45,994.941391323893,124572,4971,123941839.0,50185.0,40.29,17.0,5.45,Infosys,999.45,0.8424982342851495,1006.48125,1020.408,
2015-06-17,1007.0,1020.4,993.3,995.8,1002.82654322218,200684,7792,201251242.0,68163.0,33.97,27.1,-11.2,Infosys,995.8,-0.3652008604732693,1005.1537499999998,1018.552,
2015-06-18,1000.25,1005.95,996.0,1000.9,1001.3658042790432,98293,3690,98427249.0,31006.0,31.54,9.95,0.65,Infosys,1000.9,0.5121510343442548,1004.115,1016.9575,
2015-06-19,1005.0,1010.3,992.5,996.75,1001.406048784183,105608,4277,105756490.0,43656.0,41.34,17.8,-8.25,Infosys,996.75,-0.4146268358477312,1002.9075,1014.8845,
2015-06-22,1009.0,1028.8,997.5,1024.4,1010.9978586159064,189597,6460,191682161.0,65351.0,34.47,31.3,15.4,Infosys,1024.4,2.774015550539266,1003.6775000000001,1013.2585,
2015-06-23,1025.0,1028.0,999.1,1001.15,1005.116606133428,219714,7317,220838190.0,78762.0,35.85,28.9,-23.85,Infosys,1001.15,-2.2696212417024686,1003.5024999999999,1010.9485000000001,
2015-06-24,1010.0,1013.4,991.6,995.1,1001.6710222146116,151837,6050,152090723.0,60856.0,40.08,21.8,-14.9,Infosys,995.1,-0.604305049193421,1004.03125,1008.4605,
2015-06-25,1000.0,1003.0,987.85,991.15,995.498802478072,187888,7375,187042279.0,75762.0,40.32,15.15,-8.85,Infosys,991.15,-0.3969450306501865,1003.23125,1006.1515,
2015-06-26,995.0,1011.75,995.0,1006.1,1006.4250152408048,177156,4876,178294230.0,57524.0,32.47,16.75,11.1,Infosys,1006.1,1.5083488876557638,1002.97625,1004.3625,
2015-06-29,988.0,999.0,980.0,990.25,989.1599279255789,214778,6250,212449791.0,83957.0,39.09,19.0,2.25,Infosys,990.25,-1.5753901202663734,1001.3462500000002,1002.3480000000001,
2015-06-30,993.0,993.0,983.1,985.35,987.2345418710179,130902,4604,129230976.0,50087.0,38.26,9.9,-7.65,Infosys,985.35,-0.4948245392577655,1000.39375,1000.7225,
2015-07-01,990.0,1000.0,986.15,997.7,994.901092469762,92268,3922,91797534.0,31249.0,33.87,13.85,7.7,Infosys,997.7,1.2533617496321092,999.7012500000001,999.2325,BUY
2015-07-02,1000.0,1000.4,985.15,988.15,989.6329251942428,123814,5240,122530411.0,46686.0,37.71,15.25,-11.85,Infosys,988.15,-0.9572015635962772,998.4074999999999,997.6109999999999,
2015-07-03,987.0,993.0,983.55,989.95,989.6578993421933,97141,4150,96136358.0,34689.0,35.71,9.45,2.95,Infosys,989.95,0.1821585791630831,997.6025,996.1845000000001,
2015-07-06,980.0,988.25,975.5,983.5,981.1505672727272,137500,5563,134908203.0,48909.0,35.57,12.75,3.5,Infosys,983.5,-0.6515480579827315,996.77125,995.8920000000002,
2015-07-07,990.0,990.75,980.05,982.05,985.9005027448713,86525,3317,85305041.0,29621.0,34.23,10.7,-7.95,Infosys,982.05,-0.14743263853584931,996.0599999999998,995.673,
2015-07-08,985.0,985.0,955.0,957.2,962.8057175238976,335285,12533,322814315.0,148620.0,44.33,30.0,-27.8,Infosys,957.2,-2.530421057990928,993.265,995.2035000000001,SELL
2015-07-09,960.0,966.95,934.0,937.7,942.9078428060259,325585,15038,306996650.0,158706.0,48.74,32.95,-22.3,Infosys,937.7,-2.0371918094442165,990.10375,994.3415,
2015-07-10,950.0,951.85,932.55,937.0,941.2388344597884,154023,7338,144972429.0,82247.0,53.4,19.3,-13.0,Infosys,937.0,-0.07465074117521953,987.5375,993.6575,
2015-07-13,940.0,954.45,934.1,950.05,944.6203840694915,199391,6540,188348803.0,91416.0,45.85,20.35,10.05,Infosys,950.05,1.392742796157953,985.485,992.7155,
2015-07-14,955.0,973.6,945.35,970.1,960.4495299605843,268169,7912,257562790.0,111359.0,41.53,28.25,15.1,Infosys,970.1,2.1104152413030874,984.0175000000002,992.45,
2015-07-15,971.9,985.2,969.0,982.65,980.4084391248315,135014,5381,132368865.0,43844.0,32.47,16.2,10.75,Infosys,982.65,1.29368106380785,983.36,992.878,
2015-07-16,985.5,991.2,979.1,987.8,986.7561079329722,98765,3741,97456967.0,34106.0,34.53,12.1,2.3,Infosys,987.8,0.5240930137892397,982.7049999999999,993.2059999999999,
2015-07-17,989.9,1003.95,989.0,1002.0,998.5962875277049,198520,5046,198241335.0,118016.0,59.45,14.95,12.1,Infosys,1002.0,1.4375379631504481,982.9675,993.6659999999999,
2015-07-20,1003.25,1010.0,987.25,1001.9,998.9848566823987,173740,6504,173563629.0,68504.0,39.43,22.75,-1.35,Infosys,1001.9,-0.009980039920165495,981.8425,993.784,
2015-07-21,1022.2,1127.75,1022.2,1112.65,1099.859541537778,1417565,52759,1559122391.0,354984.0,25.04,105.55,90.45,Infosys,1112.65,11.053997404930648,987.4175000000001,996.541,
2015-07-22,1105.0,1111.45,1075.75,1102.6,1100.1565071969983,304363,11970,334846935.0,85500.0,28.09,35.7,-2.4,Infosys,1102.6,-0.9032490001348314,992.7924999999999,999.0335,
2015-07-23,1103.0,1117.7,1091.0,1098.85,1105.4910057969282,184063,8066,203479991.0,49956.0,27.14,26.7,-4.15,Infosys,1098.85,-0.3401052058770171,998.1775,1001.665,
2015-07-24,1100.0,1106.2,1082.4,1089.35,1090.7752364782923,123690,6291,134917989.0,48019.0,38.82,23.8,-10.65,Infosys,1089.35,-0.864540201119357,1002.3399999999999,1003.8544999999999,
2015-07-27,1089.0,1089.0,1060.5,1065.0,1069.6451233629984,221136,6408,236537044.0,148497.0,67.15,28.5,-24.0,Infosys,1065.0,-2.235277918024503,1006.0775,1005.237,BUY
2015-07-28,1077.0,1077.0,1055.5,1063.5,1066.2779531180613,126104,4867,134461915.0,30156.0,23.91,21.5,-13.5,Infosys,1063.5,-0.14084507042253502,1009.985,1006.3254999999999,
2015-07-29,1068.0,1092.25,1065.0,1085.2,1082.3312568565925,130349,5239,141080797.0,47716.0,36.61,27.25,17.2,Infosys,1085.2,2.040432534085568,1014.36,1007.5825,
2015-07-30,1090.0,1090.0,1059.75,1069.1,1078.111550924056,111411,4802,120113486.0,33854.0,30.39,30.25,-20.9,Infosys,1069.1,-1.4835974935495932,1018.4075,1008.5310000000001,
2015-07-31,1079.0,1081.2,1061.6,1078.05,1071.647481161865,143459,6395,153737476.0,36876.0,25.7,19.6,-0.95,Infosys,1078.05,0.8371527452997851,1022.8125,1009.6740000000001,
2015-08-03,1080.0,1091.5,1069.0,1079.05,1080.7833359609017,126860,4868,137108174.0,36279.0,28.6,22.5,-0.95,Infosys,1079.05,0.09276007606326964,1027.59,1011.075,
2015-08-04,1078.0,1080.0,1053.0,1059.8,1061.5528304779643,176101,9777,186940515.0,49716.0,28.23,27.0,-18.2,Infosys,1059.8,-1.7839766461239082,1031.4775000000002,1012.178,
2015-08-05,1065.0,1090.0,1065.0,1086.55,1080.5633639699067,107932,4177,116627365.0,40846.0,37.84,25.0,21.55,Infosys,1086.55,2.524061143612011,1037.9450000000002,1014.2185,
2015-08-06,1090.2,1105.95,1079.0,1089.45,1090.6203187272424,185927,6851,202775764.0,39789.0,21.4,26.95,-0.75,Infosys,1089.45,0.2668998205328954,1045.5325,1015.8645,
2015-08-07,1089.45,1100.9,1080.0,1095.6,1095.6021519061699,102142,4011,111906995.0,38965.0,38.15,20.9,6.15,Infosys,1095.6,0.5645050254715622,1053.4625,1017.5525,
2015-08-10,1097.0,1106.0,1068.1,1081.95,1092.047023438717,102736,4320,112192543.0,32017.0,31.16,37.9,-15.05,Infosys,1081.95,-1.2458926615553034,1060.0575000000001,1018.7345,
2015-08-11,1098.9,1115.0,1073.5,1104.35,1104.327590284408,228334,10198,252155536.0,103435.0,45.3,41.5,5.45,Infosys,1104.35,2.0703359674661304,1066.77,1020.7335,
2015-08-12,1110.0,1147.0,1110.0,1141.75,1135.0529885061983,254659,9800,289051459.0,105066.0,41.26,37.0,31.75,Infosys,1141.75,3.386607506678141,1074.725,1023.3375,
2015-08-13,1147.0,1166.0,1130.0,1156.85,1155.9835798556085,295308,11818,341371199.0,93262.0,31.58,36.0,9.85,Infosys,1156.85,1.3225312021020175,1083.1775,1026.1940000000002,
2015-08-14,1166.0,1168.8,1143.0,1149.0,1157.437878828914,184615,9402,213680394.0,64931.0,35.17,25.8,-17.0,Infosys,1149.0,-0.6785667977697973,1090.5275,1029.053,
2015-08-17,1150.0,1150.75,1122.5,1141.85,1135.437869258624,94446,5825,107237565.0,28575.0,30.26,28.25,-8.15,Infosys,1141.85,-0.6222802436901764,1097.525,1031.8875,
2015-08-18,1147.0,1177.0,1147.0,1163.8,1167.3673999180216,182975,7294,213599050.0,48801.0,26.67,30.0,16.8,Infosys,1163.8,1.922319043657228,1100.0825,1035.2379999999998,
2015-08-19,1166.0,1186.0,1163.8,1175.05,1178.013423667824,284572,7715,335229636.0,158525.0,55.71,22.2,9.05,Infosys,1175.05,0.9666609383055524,1103.705,1038.4769999999999,
2015-08-20,1170.0,1170.0,1130.2,1138.2,1141.7669830462999,238532,11235,272347962.0,76782.0,32.19,39.8,-31.8,Infosys,1138.2,-3.136036764393002,1105.6725000000001,1041.2225,
2015-08-21,1141.0,1159.4,1119.1,1150.6,1145.480171268652,232617,9274,266458161.0,58540.0,25.17,40.3,9.6,Infosys,1150.6,1.0894394658232276,1108.735,1044.468,
2015-08-24,1120.0,1123.0,1080.05,1092.65,1108.5637742434972,340349,14281,377298572.0,129960.0,38.18,42.95,-27.35,Infosys,1092.65,-5.03650269424647,1110.1174999999998,1046.499,
2015-08-25,1096.0,1120.0,1045.0,1086.5,1084.4610172579023,252522,11367,273850265.0,91195.0,36.11,75.0,-9.5,Infosys,1086.5,-0.5628517823639823,1111.2675,1048.24,
2015-08-26,1099.0,1099.0,1059.6,1065.35,1076.6231522887604,187394,8081,201752719.0,44544.0,23.77,39.4,-33.65,Infosys,1065.35,-1.9466175793833473,1110.2749999999999,1049.631,
2015-08-27,1090.0,1098.9,1076.5,1084.1,1087.5390832881512,119885,5994,130379623.0,34371.0,28.67,22.4,-5.9,Infosys,1084.1,1.759984981461482,1111.025,1051.295,
2015-08-28,1095.2,1124.0,1095.0,1110.7,1114.2814914856135,170300,8106,189762138.0,43051.0,25.28,29.0,15.5,Infosys,1110.7,2.4536481874365856,1112.6575,1053.5739999999998,
2015-08-31,1130.0,1130.0,1083.6,1095.2,1100.559998974201,194970,10534,214576183.0,60586.0,31.07,46.4,-34.8,Infosys,1095.2,-1.395516341046188,1113.465,1054.99,
2015-09-01,1089.95,1114.4,1082.1,1089.65,1101.2792301003792,194363,9176,214047935.0,68924.0,35.46,32.3,-0.3,Infosys,1089.65,-0.5067567567567544,1114.9575,1056.76,
2015-09-02,1100.0,1114.6,1090.1,1100.3,1103.9723636965543,157076,6925,173407563.0,36044.0,22.95,24.5,0.3,Infosys,1100.3,0.9773780571743051,1115.645,1058.864,
2015-09-03,1110.0,1111.05,1093.95,1100.65,1101.1787659444037,84826,4220,93408590.0,23099.0,27.23,17.1,-9.35,Infosys,1100.65,0.031809506498237106,1116.205,1061.0539999999999,
2015-09-04,1107.8,1110.0,1068.0,1073.8,1078.0894839891366,158330,8850,170693908.0,51788.0,32.71,42.0,-34.0,Infosys,1073.8,-2.439467587334765,1115.115,1062.408,
2015-09-07,1081.0,1084.0,1055.0,1059.6,1065.6136187279303,114695,5734,122220554.0,31725.0,27.66,29.0,-21.4,Infosys,1059.6,-1.3224064071521768,1113.9975,1063.795,
2015-09-08,1063.0,1074.45,1052.35,1059.3,1064.7503862814888,144972,5560,154358993.0,46298.0,31.94,22.1,-3.7,Infosys,1059.3,-0.028312570781419133,1111.7450000000001,1065.274,
2015-09-09,1088.0,1099.0,1072.5,1088.5,1088.288343932221,147657,5827,160693392.0,42110.0,28.52,26.5,0.5,Infosys,1088.5,2.7565373359765832,1109.0825,1067.09,
2015-09-10,1088.0,1091.0,1061.7,1080.35,1079.2973531579453,124828,5696,134726530.0,41895.0,33.56,29.3,-7.65,Infosys,1080.35,-0.7487367937528799,1105.2575000000002,1068.934,
2015-09-11,1092.0,1105.45,1085.25,1090.7,1095.1142474643189,132213,6020,144788340.0,43983.0,33.27,20.2,-1.3,Infosys,1090.7,0.9580228629610943,1102.3425000000002,1070.9489999999998,
2015-09-14,1096.2,1100.0,1082.55,1097.75,1094.139898846394,87985,6210,96267899.0,21652.0,24.61,17.45,1.55,Infosys,1097.75,0.6463738883285997,1100.1375,1073.234,
2015-09-15,1099.0,1104.3,1088.1,1098.4,1097.9174997369253,85527,3608,93901590.0,34061.0,39.82,16.2,-0.6,Infosys,1098.4,0.059212024595778345,1096.8674999999998,1075.5610000000001,
2015-09-16,1105.0,1108.45,1098.2,1101.5,1102.068436571222,254703,2854,280700137.0,211722.0,83.13,10.25,-3.5,Infosys,1101.5,0.2822286962854914,1093.19,1078.447,
2015-09-18,1110.0,1118.0,1099.25,1104.75,1111.4521373256173,143076,4135,159022126.0,39940.0,27.92,18.75,-5.25,Infosys,1104.75,0.29505220154335543,1091.5175,1081.788,
2015-09-21,1105.0,1108.8,1093.55,1104.65,1102.9697275363649,87241,3521,96224182.0,32883.0,37.69,15.25,-0.35,Infosys,1104.65,-0.009051821679106897,1089.22,1085.141,
2015-09-22,1115.0,1135.4,1100.0,1105.5,1121.4410033787892,189121,8809,212088044.0,60326.0,31.9,35.4,-9.5,Infosys,1105.5,0.07694744941835197,1089.8625,1088.25,
2015-09-23,1109.8,1126.0,1097.5,1116.65,1113.75760431532,111417,4650,124091531.0,31718.0,28.47,28.5,6.85,Infosys,1116.65,1.0085933966531124,1091.3700000000001,1091.1809999999998,
2015-09-24,1111.0,1149.6,1110.05,1141.4,1138.2674484651382,198943,10331,226450341.0,53715.0,27.0,39.55,30.4,Infosys,1141.4,2.2164509918058517,1095.1725000000001,1094.356,
2015-09-28,1140.0,1143.35,1103.05,1108.2,1116.4392113192716,152660,10450,170435610.0,53962.0,35.35,40.3,-31.8,Infosys,1108.2,-2.908708603469423,1096.3775,1096.7640000000001,SELL
2015-09-29,1102.0,1132.0,1098.0,1121.1,1120.3577224131348,167616,7461,187789880.0,36552.0,21.81,34.0,19.1,Infosys,1121.1,1.164049810503509,1096.8974999999998,1099.146,
2015-09-30,1133.0,1165.35,1127.55,1160.45,1150.6989162661364,217212,8901,249945613.0,71646.0,32.98,37.8,27.45,Infosys,1160.45,3.509945589153518,1100.16,1102.317,
2015-10-01,1169.9,1197.0,1162.35,1173.25,1180.5597391032936,217864,11948,257201467.0,71732.0,32.93,34.65,3.35,Infosys,1173.25,1.1030203800249883,1104.34,1103.529,BUY
2015-10-05,1176.05,1188.9,1162.55,1180.5,1176.3615961267112,149537,7897,175909584.0,44843.0,29.99,26.35,4.45,Infosys,1180.5,0.6179416151715245,1108.35,1105.087,
2015-10-06,1185.0,1190.0,1148.6,1154.85,1160.6636107298073,201793,10599,234213792.0,83123.0,41.19,41.4,-30.15,Infosys,1154.85,-2.172808132147408,1111.06,1106.2069999999999,
2015-10-07,1157.9,1168.9,1128.35,1133.15,1145.6042000853556,203853,8252,233534853.0,104290.0,51.16,40.55,-24.75,Infosys,1133.15,-1.8790319089059038,1114.0275,1107.083,
2015-10-08,1140.0,1149.65,1126.0,1132.45,1137.6296184109497,141959,7735,161496763.0,67333.0,47.43,23.65,-7.55,Infosys,1132.45,-0.061774698848349185,1117.67,1108.432,
2015-10-09,1133.0,1172.6,1133.0,1167.85,1153.6359264015575,363649,10849,419518551.0,233741.0,64.28,39.6,34.85,Infosys,1167.85,3.1259658263057766,1123.0974999999999,1110.519,
2015-10-12,1202.7,1219.0,1108.9,1122.5,1147.6988386765852,1271136,50172,1458881311.0,298809.0,23.51,110.1,-80.2,Infosys,1122.5,-3.8832041786188265,1124.7975,1111.265,
2015-10-13,1107.0,1114.8,1087.1,1098.65,1097.4373794163093,458188,20085,502832638.0,148845.0,32.49,27.7,-8.35,Infosys,1098.65,-2.124721603563462,1125.7125,1111.856,
2015-10-14,1090.0,1115.0,1090.0,1097.45,1104.1086940217665,240004,10864,264990503.0,89707.0,37.38,25.0,7.45,Infosys,1097.45,-0.109224957902887,1126.05,1112.244,
2015-10-15,1102.0,1108.0,1089.0,1097.0,1095.912531762142,207401,9216,227293355.0,87170.0,42.03,19.0,-5.0,Infosys,1097.0,-0.04100414597476565,1126.0125,1112.603,
2015-10-16,1100.0,1103.2,1090.0,1093.75,1094.4679699724954,145067,6592,158771185.0,47814.0,32.96,13.2,-6.25,Infosys,1093.75,-0.29626253418414406,1125.7800000000002,1113.282,
2015-10-19,1100.0,1117.0,1100.0,1112.2,1109.1784997158552,158370,7142,175660599.0,60567.0,38.24,17.0,12.2,Infosys,1112.2,1.6868571428571455,1126.315,1113.795,
2015-10-20,1113.0,1129.8,1111.6,1125.35,1121.5514430400592,170023,8083,190689541.0,70736.0,41.6,18.2,12.35,Infosys,1125.35,1.1823413055205734,1127.345,1114.513,
2015-10-21,1125.95,1146.0,1125.35,1137.6,1138.107236003415,171006,7815,194623166.0,69528.0,40.66,20.65,11.65,Infosys,1137.6,1.0885502288177085,1128.9924999999998,1115.353,
2015-10-23,1140.0,1152.0,1125.1,1148.55,1141.4977043774338,149197,6685,170308033.0,57460.0,38.51,26.9,8.55,Infosys,1148.55,0.9625527426160296,1131.145,1116.685,
2015-10-26,1150.0,1157.25,1143.0,1151.4,1150.4556054060042,108324,4300,124621953.0,31219.0,28.82,14.25,1.4,Infosys,1151.4,0.24813895781639062,1132.8825,1117.626,
2015-10-27,1151.0,1154.0,1144.0,1148.45,1149.3437241465433,64063,3069,73630407.0,22993.0,35.89,10.0,-2.55,Infosys,1148.45,-0.2562098315094685,1133.2350000000001,1117.76,
2015-10-28,1146.0,1160.0,1139.5,1151.35,1147.3409016326195,97512,4264,111879506.0,37263.0,38.21,20.5,5.35,Infosys,1151.35,0.25251425834820207,1135.3925,1117.65,
2015-10-29,1150.0,1155.0,1136.0,1142.7,1143.200704225352,67592,4072,77271222.0,24360.0,36.04,19.0,-7.3,Infosys,1142.7,-0.7512919616102676,1136.4725,1117.524,
2015-10-30,1142.7,1144.0,1130.5,1136.05,1134.936642324051,74766,3673,84854673.0,29709.0,39.74,13.5,-6.65,Infosys,1136.05,-0.5819550188150946,1135.2525,1117.4080000000001,
2015-11-02,1130.0,1135.0,1114.3,1131.55,1124.16942421413,80325,4377,90298909.0,28758.0,35.8,20.7,1.55,Infosys,1131.55,-0.39610932617402117,1133.1675,1116.763,
2015-11-03,1134.0,1149.0,1134.0,1143.0,1142.647383806442,108784,5540,124301753.0,39026.0,35.87,15.0,9.0,Infosys,1143.0,1.0118863505810705,1131.2925,1116.122,
2015-11-04,1148.0,1155.6,1133.1,1137.05,1142.5321210153163,92385,4374,105552830.0,34112.0,36.92,22.5,-10.95,Infosys,1137.05,-0.5205599300087571,1130.4025,1116.099,
2015-11-05,1139.0,1144.85,1117.05,1122.45,1135.314619416434,145382,3336,165054310.0,23638.0,16.26,27.8,-16.55,Infosys,1122.45,-1.284024449232657,1129.8675,1115.5359999999998,
2015-11-06,1125.0,1142.7,1125.0,1138.05,1137.4562501540051,81166,4648,92322774.0,29508.0,36.36,17.7,13.05,Infosys,1138.05,1.3898169183482523,1130.1475,1116.444,
2015-11-09,1120.0,1137.65,1115.0,1133.95,1125.726449354151,91972,4417,103535313.0,27502.0,29.9,22.65,13.95,Infosys,1133.95,-0.3602653661965549,1128.4525,1117.3929999999998,
2015-11-10,1134.0,1134.0,1102.0,1106.4,1115.708962579646,113628,4853,126775778.0,44252.0,38.94,32.0,-27.6,Infosys,1106.4,-2.42956038626041,1127.6475,1118.214,
2015-11-11,1115.0,1119.45,1104.0,1109.15,1110.7329083533405,60395,3505,67082714.0,35173.0,58.24,15.45,-5.85,Infosys,1109.15,0.24855386840203497,1128.1725000000001,1118.715,
2015-11-13,1107.0,1107.0,1090.0,1100.45,1097.050735736247,88143,4771,96697343.0,36563.0,41.48,17.0,-6.55,Infosys,1100.45,-0.7843844385340137,1128.3225,1118.51,
2015-11-16,1085.0,1093.75,1067.1,1080.2,1080.9087170069995,159011,10148,171876376.0,55247.0,34.74,26.65,-4.8,Infosys,1080.2,-1.8401562996955834,1127.4825,1118.21,
2015-11-17,1082.0,1084.0,1052.05,1061.1,1061.597431821404,331519,11824,351939719.0,169568.0,51.15,31.95,-20.9,Infosys,1061.1,-1.7681910757267327,1125.85,1117.6390000000001,
2015-11-18,1044.0,1044.35,1012.25,1019.85,1030.7805285533275,408814,17648,421397511.0,188667.0,46.15,32.1,-24.15,Infosys,1019.85,-3.887475261521056,1121.2324999999998,1116.03,
2015-11-19,1032.0,1051.75,1024.6,1047.3,1037.3703182679835,300690,8191,311926881.0,177041.0,58.88,27.15,15.3,Infosys,1047.3,2.691572290042643,1117.33,1114.963,
2015-11-20,1050.0,1062.0,1042.65,1052.9,1055.0931633868315,141064,7655,148835662.0,40879.0,28.98,19.35,2.9,Infosys,1052.9,0.5347082975269979,1113.095,1114.545,SELL
2015-11-23,1051.5,1061.3,1038.05,1053.5,1053.0308777028968,125236,7038,131877375.0,37983.0,30.33,23.25,2.0,Infosys,1053.5,0.05698546870547272,1108.3425,1114.423,
2015-11-24,1045.0,1050.0,1037.0,1041.0,1043.3213531180872,120699,6339,125927844.0,36705.0,30.41,13.0,-4.0,Infosys,1041.0,-1.186521120075934,1102.8225,1114.057,
2015-11-26,1044.0,1058.7,1035.0,1053.2,1051.7945874972645,123381,6058,129771468.0,45890.0,37.19,23.7,9.2,Infosys,1053.2,1.1719500480307454,1098.06,1113.351,
2015-11-27,1050.0,1069.65,1046.2,1066.3,1059.4909092458167,117372,6761,124354567.0,39842.0,33.95,23.45,16.3,Infosys,1066.3,1.2438283327003363,1093.8075000000001,1113.0700000000002,
2015-11-30,1070.0,1098.0,1056.0,1088.45,1079.5883979553173,150439,7823,162412199.0,41115.0,27.33,42.0,18.45,Infosys,1088.45,2.0772765638188195,1091.095,1113.025,
2015-12-01,1088.5,1093.05,1072.0,1076.65,1081.4468699435126,103209,5433,111615050.0,27722.0,26.86,21.05,-11.85,Infosys,1076.65,-1.084110432266061,1088.1250000000002,1112.603,
2015-12-02,1082.0,1082.0,1058.05,1060.2,1064.2175428463308,100417,5128,106865533.0,35947.0,35.8,23.95,-21.8,Infosys,1060.2,-1.5278874285979738,1084.5575,1111.839,
2015-12-03,1062.5,1065.25,1050.0,1056.0,1059.5535651781177,177130,5443,187678723.0,96572.0,54.52,15.25,-6.5,Infosys,1056.0,-0.3961516694963252,1080.2075,1110.9289999999999,
2015-12-04,1053.0,1063.6,1040.9,1047.8,1046.242827421631,313869,7232,328383190.0,203599.0,64.87,22.7,-5.2,Infosys,1047.8,-0.7765151515151558,1075.7450000000001,1109.79,
2015-12-07,1052.0,1058.55,1040.25,1045.85,1048.9806621218197,89772,4081,94169092.0,31914.0,35.55,18.3,-6.15,Infosys,1045.85,-0.18610421836228186,1071.915,1108.614,
2015-12-08,1045.0,1062.0,1041.1,1044.95,1051.3867445678,92596,4845,97354207.0,22868.0,24.7,20.9,-0.05,Infosys,1044.95,-0.08605440550747412,1067.26,1107.4029999999998,
2015-12-09,1044.0,1047.6,1023.5,1029.35,1036.0286382106704,371357,11241,384736487.0,169605.0,45.67,24.1,-14.65,Infosys,1029.35,-1.4928943968611108,1062.03,1105.6570000000002,
2015-12-10,1035.1,1051.5,1030.45,1046.4,1040.2398217852203,214797,7345,223440393.0,102355.0,47.65,21.05,11.3,Infosys,1046.4,1.6563850973915661,1059.0300000000002,1103.757,
2015-12-11,1050.1,1060.9,1046.0,1052.35,1052.8362093429382,183240,6780,192921707.0,75046.0,40.96,14.9,2.25,Infosys,1052.35,0.5686162079510559,1056.19,1102.64,
2015-12-14,1050.0,1073.3,1049.0,1069.5,1065.5562621120052,152225,7336,162204302.0,56854.0,37.35,24.3,19.5,Infosys,1069.5,1.6296859409892228,1054.6425,1101.608,
2015-12-15,1075.0,1079.8,1058.15,1076.9,1071.0917227781097,122227,4840,130916328.0,38878.0,31.81,21.65,1.9,Infosys,1076.9,0.6919121084619118,1054.4775000000002,1099.937,
2015-12-16,1080.0,1097.8,1080.0,1095.4,1091.8998790555818,114102,5246,124587960.0,48428.0,42.44,17.8,15.4,Infosys,1095.4,1.717893954870453,1056.1924999999999,1098.38,
2015-12-17,1100.0,1110.0,1088.0,1106.95,1098.9029565319163,239233,6472,262893851.0,140976.0,58.93,22.0,6.95,Infosys,1106.95,1.054409348183305,1060.5475000000001,1096.909,
2015-12-18,1098.0,1102.95,1080.1,1085.95,1091.4149163835325,181304,6650,197877890.0,41777.0,23.04,22.85,-12.05,Infosys,1085.95,-1.8971046569402406,1062.48,1095.531,
2015-12-21,1075.0,1104.75,1070.9,1102.0,1092.875322586347,113148,5499,123656657.0,24570.0,21.71,33.85,27.0,Infosys,1102.0,1.4779685989225966,1064.935,1094.9080000000001,
2015-12-22,1100.0,1100.0,1080.5,1083.6,1086.8466464674289,101654,3842,110482309.0,33617.0,33.07,19.5,-16.4,Infosys,1083.6,-1.6696914700544574,1066.44,1093.9309999999998,
2015-12-23,1088.0,1100.0,1087.0,1098.0,1095.4636632183501,84969,3308,93080452.0,23689.0,27.88,13.0,10.0,Infosys,1098.0,1.3289036544850585,1069.29,1092.5339999999999,
2015-12-24,1100.0,1103.4,1090.4,1095.85,1095.3738234176224,44727,2099,48992785.0,11208.0,25.06,13.0,-4.15,Infosys,1095.85,-0.19581056466303481,1071.4225000000001,1092.001,
2015-12-28,1092.7,1107.6,1090.0,1101.65,1103.1238202953189,79575,3689,87781078.0,23485.0,29.51,17.6,8.95,Infosys,1101.65,0.5292695168134465,1073.19,1092.061,
2015-12-29,1101.1,1109.65,1097.5,1103.75,1104.2784726793943,56203,3066,62063763.0,15290.0,27.2,12.15,2.65,Infosys,1103.75,0.1906231561748184,1073.955,1092.187,
2015-12-30,1100.0,1106.35,1083.5,1086.05,1091.397715586092,91402,3251,99755934.0,46430.0,50.8,22.85,-13.95,Infosys,1086.05,-1.603624009060023,1074.425,1091.968,
2015-12-31,1088.0,1109.0,1088.0,1104.55,1098.0956831054868,80683,3749,88597654.0,25862.0,32.05,21.0,16.55,Infosys,1104.55,1.70342065282445,1076.6425000000002,1092.184,
2016-01-01,1100.0,1108.9,1094.3,1103.15,1102.540583485764,54123,2595,59672804.0,11364.0,21.0,14.6,3.15,Infosys,1103.15,-0.126748449594849,1079.0,1092.003,
2016-01-04,1103.15,1103.15,1077.5,1080.6,1087.9110660319727,86761,4826,94388252.0,32291.0,37.22,25.65,-22.55,Infosys,1080.6,-2.0441463082989775,1080.6399999999999,1091.108,
2016-01-05,1083.0,1088.0,1063.0,1074.8,1073.7103813129604,118328,5022,127050002.0,38125.0,32.22,25.0,-8.2,Infosys,1074.8,-0.53673884878771,1082.0875,1089.8519999999999,
2016-01-06,1073.0,1074.5,1059.1,1069.45,1066.8494032750484,108090,4874,115315752.0,42332.0,39.16,15.4,-3.55,Infosys,1069.45,-0.49776702642351234,1083.3125,1088.27,
2016-01-07,1060.0,1067.95,1048.3,1051.25,1057.6551255164968,96322,5195,101875457.0,36896.0,38.3,19.65,-8.75,Infosys,1051.25,-1.7018093412501822,1084.4075,1086.267,
2016-01-08,1056.0,1068.5,1055.9,1062.65,1061.3640929659553,84418,4808,89598234.0,29357.0,34.78,12.6,6.65,Infosys,1062.65,1.0844233055886,1085.2199999999998,1084.551,BUY
2016-01-11,1060.0,1069.45,1052.5,1057.1,1057.529268425178,257718,5613,272544328.0,147447.0,57.21,16.95,-2.9,Infosys,1057.1,-0.5222792076412963,1085.4575,1082.666,
2016-01-12,1059.0,1061.5,1031.85,1050.05,1046.0134097699752,139898,6383,146335184.0,58175.0,41.58,29.65,-8.95,Infosys,1050.05,-0.6669189291457767,1084.4850000000001,1080.813,
2016-01-13,1050.0,1090.0,1047.6,1082.35,1073.4022026717744,246428,9900,264516358.0,60361.0,24.49,42.4,32.35,Infosys,1082.35,3.076043997904865,1084.7575,1079.739,
2016-01-14,1068.0,1155.0,1054.95,1128.7,1129.607288897565,1741690,53179,1967425719.0,682679.0,39.2,100.05,60.7,Infosys,1128.7,4.282348593338581,1086.4225000000001,1079.682,
2016-01-15,1145.0,1163.45,1136.55,1140.2,1147.730272929629,245741,12004,282044385.0,71344.0,29.03,26.9,-4.8,Infosys,1140.2,1.0188712678302458,1088.085,1079.626,
2016-01-18,1138.0,1161.45,1128.0,1131.95,1145.2600895877536,182391,8803,208885133.0,54641.0,29.96,33.45,-6.05,Infosys,1131.95,-0.7235572706542737,1090.385,1079.524,
2016-01-19,1135.0,1158.7,1129.5,1139.1,1143.8957023603834,357103,8478,408488587.0,241241.0,67.56,29.2,4.1,Infosys,1139.1,0.6316533415786862,1092.24,1079.8570000000002,
2016-01-20,1139.1,1145.0,1116.6,1121.65,1127.5499393123328,210916,9135,237818323.0,68755.0,32.6,28.4,-17.45,Infosys,1121.65,-1.5319111579316869,1094.1425000000002,1079.529,
2016-01-21,1128.0,1142.5,1122.5,1136.5,1131.6624400794303,158126,7518,178945255.0,54723.0,34.61,20.0,8.5,Infosys,1136.5,1.3239424062764682,1096.0675,1079.58,
2016-01-22,1140.0,1152.0,1130.0,1135.9,1140.1107938171338,114510,5753,130554087.0,38963.0,34.03,22.0,-4.1,Infosys,1135.9,-0.05279366476022007,1098.07,1080.17,
2016-01-25,1140.0,1146.95,1125.6,1137.65,1136.0175753703727,82957,3467,94240610.0,34221.0,41.25,21.35,-2.35,Infosys,1137.65,0.1540628576459202,1099.8700000000001,1080.74,
2016-01-27,1149.4,1149.85,1136.0,1138.35,1141.0781758457665,65148,4088,74338961.0,23939.0,36.75,13.85,-11.05,Infosys,1138.35,0.061530347646443495,1101.6,1081.498,
2016-01-28,1138.0,1142.5,1127.7,1131.35,1133.5786542923431,51720,3566,58628688.0,13835.0,26.75,14.8,-6.65,Infosys,1131.35,-0.6149251109061393,1103.865,1082.521,
2016-01-29,1135.0,1169.7,1132.0,1164.85,1152.4852570897183,253783,7642,292481166.0,124793.0,49.17,37.7,29.85,Infosys,1164.85,2.961064215317988,1106.8799999999999,1084.596,
2016-02-01,1170.0,1179.85,1163.0,1171.3,1171.1429799990171,81396,5095,95326354.0,20662.0,25.38,16.85,1.3,Infosys,1171.3,0.5537193630081205,1110.2875,1087.625,
2016-02-02,1172.0,1188.25,1168.0,1174.8,1178.9624243337605,159252,7904,187752124.0,31155.0,19.56,20.25,2.8,Infosys,1174.8,0.2988132843848801,1114.9975,1090.175,
2016-02-03,1171.0,1175.0,1152.7,1158.15,1165.0864370928166,59095,3428,68850783.0,22277.0,37.7,22.3,-12.85,Infosys,1158.15,-1.4172625127681138,1119.165,1092.28,
2016-02-04,1164.0,1193.6,1161.75,1179.9,1182.0987294388653,111132,7069,131368996.0,36421.0,32.77,31.85,15.9,Infosys,1179.9,1.8779950783577304,1124.6875,1094.808,
2016-02-05,1179.0,1185.45,1172.1,1174.95,1178.512959820664,64237,3874,75704137.0,15511.0,24.15,13.35,-4.05,Infosys,1174.95,-0.41952707856598437,1130.8725,1097.487,
2016-02-08,1170.0,1171.8,1143.35,1149.1,1158.5331706948068,105756,4699,122521834.0,48554.0,45.91,28.45,-20.9,Infosys,1149.1,-2.2000936210051614,1135.1950000000002,1099.405,
2016-02-09,1130.0,1130.0,1094.0,1109.3,1107.2550669645807,151274,9847,167498903.0,49942.0,33.01,36.0,-20.7,Infosys,1109.3,-3.463580193194671,1137.8049999999998,1100.265,
2016-02-10,1108.0,1127.0,1105.55,1110.15,1116.2723005875303,119313,6153,133185797.0,34535.0,28.94,21.45,2.15,Infosys,1110.15,0.07662489858470956,1140.81,1100.6989999999998,
2016-02-11,1114.0,1114.0,1072.35,1081.15,1091.0151325836457,122451,7071,133595894.0,49007.0,40.02,41.65,-32.85,Infosys,1081.15,-2.6122596045579427,1140.75,1100.789,
2016-02-12,1086.0,1103.5,1067.0,1083.5,1082.4465898416636,162881,6373,176309983.0,68653.0,42.15,36.5,-2.5,Infosys,1083.5,0.21736114322710165,1138.49,1101.255,
2016-02-15,1090.0,1099.95,1083.5,1091.35,1084.3894780451776,1511012,7563,1638525514.0,1439018.0,95.24,16.45,1.35,Infosys,1091.35,0.7245039224734517,1136.0475000000001,1101.962,
2016-02-16,1090.0,1092.0,1075.15,1081.0,1081.0607422331632,290852,10738,314428679.0,154933.0,53.27,16.85,-9.0,Infosys,1081.0,-0.9483667017913477,1133.5,1102.626,
2016-02-17,1082.0,1101.4,1077.0,1095.45,1082.6401221487258,388379,7721,420474688.0,306185.0,78.84,24.4,13.45,Infosys,1095.45,1.3367252543940777,1131.3175,1103.618,
2016-02-18,1097.0,1126.45,1097.0,1122.7,1115.4852468047598,90760,4871,101241441.0,36142.0,39.82,29.45,25.7,Infosys,1122.7,2.487562189054726,1131.37,1105.173,
2016-02-19,1122.9,1133.25,1114.65,1125.55,1125.439500140185,74901,3834,84296544.0,22393.0,29.9,18.6,2.65,Infosys,1125.55,0.25385232029926375,1130.8225,1107.097,
2016-02-22,1133.0,1133.0,1114.3,1125.3,1127.1840388748717,107010,5195,120619964.0,55930.0,52.27,18.7,-7.7,Infosys,1125.3,-0.022211363333479728,1130.2925,1108.675,
2016-02-23,1133.0,1133.0,1117.05,1123.95,1123.5249639430613,79735,4061,89584263.0,16080.0,20.17,15.95,-9.05,Infosys,1123.95,-0.11996800853104617,1129.6075,1110.107,
2016-02-24,1123.0,1143.95,1119.0,1125.4,1134.7808309261577,205289,3771,232958022.0,139661.0,68.03,24.95,2.4,Infosys,1125.4,0.12900929756662904,1128.96,1111.225,
2016-02-25,1125.0,1130.4,1102.0,1111.25,1106.3387598664237,289872,3751,320696629.0,20774.0,7.17,28.4,-13.75,Infosys,1111.25,-1.257330726852679,1127.955,1111.912,
2016-02-26,1113.0,1130.75,1113.0,1121.05,1121.440639255198,160687,4966,180200932.0,68711.0,42.76,17.75,8.05,Infosys,1121.05,0.8818897637795198,1125.7649999999999,1112.425,
2016-02-29,1130.0,1130.0,1069.35,1083.75,1098.6421216747328,215509,9375,236767265.0,54063.0,25.09,60.65,-46.25,Infosys,1083.75,-3.327237857365861,1121.3875,1111.961,
2016-03-01,1098.0,1131.0,1089.0,1124.5,1117.6035072982868,126194,5464,141034857.0,37019.0,29.33,42.0,26.5,Infosys,1124.5,3.7600922722029972,1118.8725,1112.732,
2016-03-02,1132.0,1162.0,1125.0,1156.25,1144.5574272203264,198991,9889,227756627.0,49645.0,24.95,37.0,24.25,Infosys,1156.25,2.823477100933758,1118.7775,1113.817,
2016-03-03,1169.0,1192.9,1155.15,1169.15,1173.6477488356045,197098,7643,231323624.0,66719.0,33.85,37.75,0.15,Infosys,1169.15,1.1156756756756758,1118.24,1115.528,
2016-03-04,1170.0,1184.4,1160.0,1170.55,1172.5884309460682,125974,6178,147715655.0,31022.0,24.63,24.4,0.55,Infosys,1170.55,0.11974511397168097,1118.02,1116.979,
2016-03-08,1170.0,1190.0,1148.0,1163.55,1161.1595583476708,126706,6295,147125883.0,34313.0,27.08,42.0,-6.45,Infosys,1163.55,-0.5980094827217952,1118.7424999999998,1118.333,
2016-03-09,1147.0,1183.8,1144.0,1178.5,1169.346214932959,119628,6374,139886549.0,39367.0,32.91,39.8,31.5,Infosys,1178.5,1.2848609857762927,1122.2024999999999,1119.87,
2016-03-10,1164.0,1164.1,1142.95,1145.95,1151.1993367461396,1577978,23877,1816567227.0,262152.0,16.61,21.15,-18.05,Infosys,1145.95,-2.761985574883319,1123.9924999999998,1120.7140000000002,
2016-03-11,1146.0,1156.1,1139.0,1142.5,1147.688569516184,79183,4453,90877424.0,23944.0,30.24,17.1,-3.5,Infosys,1142.5,-0.30106025568306105,1127.06,1121.843,
2016-03-14,1150.0,1154.5,1138.0,1140.95,1144.5019634032321,74870,4617,85688862.0,22777.0,30.42,16.5,-9.05,Infosys,1140.95,-0.13566739606126754,1129.9325000000001,1122.5710000000001,
2016-03-15,1146.0,1153.9,1129.0,1134.35,1138.9610497346694,75943,3878,86496119.0,33643.0,44.3,24.9,-11.65,Infosys,1134.35,-0.5784653139927376,1132.0825,1123.195,
2016-03-16,1139.95,1154.9,1132.05,1152.0,1145.0696602185023,69839,3782,79970520.0,29168.0,41.76,22.85,12.05,Infosys,1152.0,1.5559571560805896,1135.6325,1124.623,
2016-03-17,1156.0,1169.9,1154.0,1160.2,1161.759301476614,67113,4471,77969152.0,23762.0,35.41,15.9,4.2,Infosys,1160.2,0.7118055555555669,1138.87,1126.3310000000001,
2016-03-18,1161.0,1195.8,1161.0,1190.2,1180.1722845179256,148307,7350,175027811.0,54272.0,36.59,34.8,29.2,Infosys,1190.2,2.585761075676607,1142.2450000000001,1128.746,
2016-03-21,1187.0,1199.0,1180.2,1195.0,1189.7220404459208,120111,6485,142898704.0,47988.0,39.95,18.8,8.0,Infosys,1195.0,0.4032935641068658,1145.7175,1131.621,
2016-03-22,1194.0,1194.0,1172.3,1189.9,1182.1333757520747,106871,4574,126335776.0,36119.0,33.8,21.7,-4.1,Infosys,1189.9,-0.4267782426778166,1148.9475,1134.1660000000002,
2016-03-23,1189.0,1212.0,1181.95,1207.75,1199.2593138970844,159976,7268,191852708.0,80503.0,50.32,30.05,18.75,Infosys,1207.75,1.5001260610135292,1153.1375,1137.179,
2016-03-28,1229.95,1234.65,1196.2,1204.7,1214.965202277938,162252,7545,197130534.0,49569.0,30.55,38.45,-25.25,Infosys,1204.7,-0.25253570689297566,1157.1025,1140.272,
2016-03-29,1200.0,1217.5,1191.6,1198.95,1206.596246999782,114575,4903,138245765.0,38598.0,33.69,25.9,-1.05,Infosys,1198.95,-0.47729725242798837,1161.4875,1142.604,
2016-03-30,1200.0,1209.0,1196.0,1205.8,1203.8393986838253,78561,4846,94574827.0,24438.0,31.11,13.0,5.8,Infosys,1205.8,0.5713332499270196,1165.725,1144.146,
2016-03-31,1210.0,1228.95,1200.6,1217.95,1217.1949189008808,113873,6444,138605637.0,35200.0,30.91,28.35,7.95,Infosys,1217.95,1.0076297893514718,1172.435,1145.701,
2016-04-01,1212.0,1221.8,1197.0,1205.9,1209.2050803743775,123298,11268,149092568.0,40994.0,33.25,24.8,-6.1,Infosys,1205.9,-0.9893673796132818,1176.505,1147.18,
2016-04-04,1212.0,1249.9,1212.0,1243.55,1234.5555853920516,119168,8404,147119520.0,49484.0,41.52,37.9,31.55,Infosys,1243.55,3.12214943195952,1180.8700000000001,1149.269,
2016-04-05,1243.0,1243.0,1215.0,1218.6,1232.1930471873302,246634,5125,303900700.0,30431.0,12.34,28.0,-24.4,Infosys,1218.6,-2.0063527803465875,1183.3425,1151.208,
2016-04-06,1224.5,1228.0,1197.0,1201.1,1208.192228009371,103294,6832,124799008.0,32816.0,31.77,31.0,-23.4,Infosys,1201.1,-1.4360741834892554,1184.8700000000001,1152.5,
2016-04-07,1212.0,1214.85,1164.0,1181.65,1165.0941645483344,5832025,12730,6794858295.0,5594017.0,95.92,50.85,-30.35,Infosys,1181.65,-1.6193489301473463,1185.775,1153.415,
2016-04-08,1175.0,1178.0,1162.05,1167.35,1169.3870117473507,92191,5831,107806958.0,29429.0,31.92,15.95,-7.65,Infosys,1167.35,-1.210172216815486,1185.2175000000002,1154.009,
2016-04-11,1167.0,1187.25,1151.4,1184.4,1170.079447919205,147732,8614,172858177.0,36667.0,24.82,35.85,17.4,Infosys,1184.4,1.4605730929027505,1187.1399999999999,1154.93,
2016-04-12,1185.0,1194.95,1178.6,1182.3,1186.5980755997575,170027,5913,201753711.0,101894.0,59.93,16.35,-2.7,Infosys,1182.3,-0.17730496453901567,1189.13,1155.949,
2016-04-13,1194.0,1195.0,1166.5,1172.05,1174.797902802582,801832,21119,941990552.0,581221.0,72.49,28.5,-21.95,Infosys,1172.05,-0.8669542417322207,1190.685,1156.0929999999998,
2016-04-18,1245.55,1267.9,1233.45,1238.8,1247.8656929252304,753862,29252,940718527.0,269636.0,35.77,34.45,-6.75,Infosys,1238.8,5.695149524337695,1195.9075,1157.443,
2016-04-20,1245.0,1249.95,1225.5,1243.25,1237.5670626954088,151925,7815,188017376.0,45239.0,29.78,24.45,-1.75,Infosys,1243.25,0.3592185986438512,1200.47,1158.812,
2016-04-21,1250.0,1250.0,1219.0,1226.4,1228.735295283131,151414,6596,186047726.0,44808.0,29.59,31.0,-23.6,Infosys,1226.4,-1.355318721093901,1203.7800000000002,1160.177,
2016-04-22,1221.0,1229.0,1210.0,1213.85,1216.5984175112144,96304,6191,117163294.0,24970.0,25.93,19.0,-7.15,Infosys,1213.85,-1.0233202870189362,1204.9625,1160.856,
2016-04-25,1214.0,1224.45,1201.05,1217.05,1213.1638900280889,129233,6957,156780809.0,43129.0,33.37,23.4,3.05,Infosys,1217.05,0.2636240062610762,1206.065,1161.698,
2016-04-26,1215.0,1239.0,1209.0,1232.95,1227.6753479125248,120720,7283,148204968.0,44939.0,37.23,30.0,17.95,Infosys,1232.95,1.306437697711682,1208.2175,1163.375,
2016-04-27,1229.9,1242.0,1228.2,1240.0,1236.949671583314,69424,4448,85873994.0,30152.0,43.43,13.8,10.1,Infosys,1240.0,0.5717993430390589,1209.83,1165.989,
2016-04-28,1233.0,1239.9,1210.05,1211.45,1213.3814731319267,517659,6966,628117840.0,31008.0,5.99,29.85,-21.55,Infosys,1211.45,-2.302419354838703,1210.1675,1168.015,
2016-04-29,1212.0,1224.4,1206.0,1210.85,1213.934048280191,93993,5790,114101303.0,24520.0,26.09,18.4,-1.15,Infosys,1210.85,-0.049527425812057047,1210.7625,1170.6090000000002,
2016-05-02,1214.0,1214.0,1196.3,1200.65,1201.34658276315,116483,6201,139936454.0,36615.0,31.43,17.7,-13.35,Infosys,1200.65,-0.8423834496428029,1210.505,1172.952,
2016-05-03,1200.0,1212.05,1174.3,1180.75,1189.5468225614377,138555,7730,164817660.0,37514.0,27.08,37.75,-19.25,Infosys,1180.75,-1.6574355557406495,1208.645,1174.74,
2016-05-04,1191.0,1192.5,1171.55,1189.55,1182.9030430919593,108048,5763,127810308.0,29738.0,27.52,20.95,-1.45,Infosys,1189.55,0.7452890112216837,1207.8274999999999,1176.911,
2016-05-05,1191.0,1199.0,1181.85,1192.45,1188.0271937086093,531520,4047,631460214.0,480536.0,90.41,17.15,1.45,Infosys,1192.45,0.24378966836198224,1205.2725,1178.8509999999999,
2016-05-06,1192.0,1192.0,1176.7,1181.45,1181.8268176935314,73541,4069,86912726.0,28560.0,38.84,15.3,-10.55,Infosys,1181.45,-0.9224705438383163,1203.4150000000002,1180.026,
2016-05-09,1190.0,1200.5,1181.55,1199.15,1193.0112889902844,76269,4015,90989778.0,30612.0,40.14,18.95,9.15,Infosys,1199.15,1.4981590418553514,1203.3174999999999,1181.498,
2016-05-10,1200.0,1216.0,1196.4,1212.55,1207.1717851709234,74273,3853,89660270.0,23646.0,31.84,19.6,12.55,Infosys,1212.55,1.117458199558019,1204.8625,1183.243,
2016-05-11,1205.0,1214.95,1193.0,1201.05,1203.1240209236068,109159,5888,131331815.0,36847.0,33.76,21.95,-3.95,Infosys,1201.05,-0.9484144983711973,1206.5475000000001,1184.785,
2016-05-12,1208.95,1212.5,1197.8,1210.2,1206.1654861447032,115768,3517,139635366.0,27306.0,23.59,14.7,1.25,Infosys,1210.2,0.7618333957787105,1207.8375,1186.481,
2016-05-13,1207.0,1209.0,1192.65,1206.7,1202.7140961297173,82888,3972,99690566.0,31583.0,38.1,16.35,-0.3,Infosys,1206.7,-0.2892083953065616,1209.0575,1188.39,
2016-05-16,1210.0,1221.75,1208.0,1213.95,1214.9181869870465,80904,4638,98291741.0,27304.0,33.75,13.75,3.95,Infosys,1213.95,0.6008121322615301,1211.1525,1190.248,
2016-05-17,1218.0,1225.0,1210.0,1214.05,1219.621619001454,61890,4748,75482382.0,19670.0,31.78,15.0,-3.95,Infosys,1214.05,0.00823757156389604,1209.915,1192.854,
2016-05-18,1203.5,1213.95,1198.0,1209.75,1204.2065983004377,66017,2803,79498107.0,20631.0,31.25,15.95,6.25,Infosys,1209.75,-0.35418640088957787,1208.24,1194.5590000000002,
2016-05-19,1209.0,1215.85,1201.1,1205.35,1208.2882854889212,41837,2344,50551157.0,11271.0,26.94,14.75,-3.65,Infosys,1205.35,-0.3637115106427058,1207.1875,1195.5410000000002,
2016-05-20,1204.0,1219.5,1200.05,1201.75,1210.020536581418,49424,3787,59804055.0,19058.0,38.56,19.45,-2.25,Infosys,1201.75,-0.2986684365536951,1206.5825,1196.193,
2016-05-23,1201.5,1204.4,1185.55,1190.75,1192.7762340786603,107246,6271,127920480.0,32929.0,30.7,18.85,-10.75,Infosys,1190.75,-0.9153318077803174,1205.2675000000002,1196.597,
2016-05-24,1190.0,1194.0,1178.5,1188.2,1184.6722833846625,84747,6426,100397422.0,30576.0,36.08,15.5,-1.8,Infosys,1188.2,-0.21415074532856737,1203.03,1197.09,
2016-05-25,1196.0,1212.85,1196.0,1208.85,1208.4759001854538,54461,3082,65814806.0,21721.0,39.88,16.85,12.85,Infosys,1208.85,1.7379229086012415,1201.4725,1197.697,
2016-05-26,1208.0,1236.9,1208.0,1231.65,1224.630685543172,112874,5490,138228964.0,55669.0,49.32,28.9,23.65,Infosys,1231.65,1.8860900856185747,1202.4824999999998,1199.4109999999998,
2016-05-27,1230.0,1256.85,1230.0,1246.4,1247.657528190558,169649,6628,211663852.0,87236.0,51.42,26.85,16.4,Infosys,1246.4,1.1975804814679414,1204.26,1201.489,
2016-05-30,1247.0,1270.0,1244.1,1263.45,1264.1421708440826,132179,8396,167093048.0,53733.0,40.65,25.9,16.45,Infosys,1263.45,1.36793966623876,1207.4,1203.9389999999999,
2016-05-31,1268.0,1268.0,1239.0,1249.85,1249.1810755989254,72964,4798,91145248.0,15180.0,20.8,29.0,-18.15,Infosys,1249.85,-1.0764177450631296,1210.855,1206.249,
2016-06-01,1241.0,1267.5,1241.0,1256.45,1257.6195011234415,87677,4720,110264305.0,37002.0,42.2,26.5,15.45,Infosys,1256.45,0.5280633676041147,1214.2,1208.338,
2016-06-02,1253.0,1274.0,1253.0,1260.25,1264.1516706838695,105795,5250,133740926.0,48457.0,45.8,21.0,7.25,Infosys,1260.25,0.3024394126308172,1217.59,1210.339,
2016-06-03,1264.0,1278.0,1263.45,1266.45,1270.0580187045375,63514,4269,80666465.0,17759.0,27.96,14.55,2.45,Infosys,1266.45,0.49196587978574957,1221.84,1211.864,
2016-06-06,1270.0,1277.25,1260.05,1267.1,1269.307184094975,49192,3135,62439759.0,16219.0,32.97,17.2,-2.9,Infosys,1267.1,0.051324568676203164,1225.2375,1213.306,
2016-06-07,1267.0,1272.0,1255.35,1257.2,1261.1308252098563,295440,13011,372588491.0,180270.0,61.02,16.65,-9.8,Infosys,1257.2,-0.7813116565385414,1227.47,1214.652,
2016-06-08,1260.0,1264.95,1236.0,1238.3,1243.881065741139,202263,6836,251591116.0,102116.0,50.49,28.95,-21.7,Infosys,1238.3,-1.503340757238314,1229.3325,1215.263,
2016-06-09,1228.9,1228.9,1181.1,1185.45,1192.9378444092454,495595,25762,591214031.0,223877.0,45.17,47.8,-43.45,Infosys,1185.45,-4.267947993216503,1228.095,1214.878,
2016-06-10,1175.5,1190.0,1170.9,1180.8,1181.3954387352417,247826,11473,292780506.0,100353.0,40.49,19.1,5.3,Infosys,1180.8,-0.39225610527648946,1226.8,1214.515,
2016-06-13,1176.0,1185.8,1166.25,1182.55,1176.5835425016253,121513,6349,142970196.0,36782.0,30.27,19.55,6.55,Infosys,1182.55,0.1482046070460763,1225.23,1214.05,
2016-06-14,1183.1,1184.9,1167.75,1175.2,1173.4382765107691,99403,4635,116643285.0,34223.0,34.43,17.15,-7.9,Infosys,1175.2,-0.6215382013445403,1223.2875,1213.195,
2016-06-15,1180.0,1191.15,1179.0,1189.2,1184.8687387699777,126892,4726,150350364.0,59985.0,47.27,12.15,9.2,Infosys,1189.2,1.1912865895166824,1222.26,1212.861,
2016-06-16,1193.7,1193.7,1170.5,1186.2,1179.5391194328845,161237,5681,190185349.0,77893.0,48.31,23.2,-7.5,Infosys,1186.2,-0.25227043390514403,1221.3025,1211.714,
2016-06-17,1190.0,1191.4,1175.1,1178.3,1179.133429993717,103455,5517,121987249.0,42729.0,41.3,16.3,-11.7,Infosys,1178.3,-0.6659922441409671,1220.1299999999999,1210.9080000000001,
2016-06-20,1178.2,1211.9,1177.9,1208.6,1199.5082990426313,144354,7121,173153821.0,72362.0,50.13,34.0,30.4,Infosys,1208.6,2.571501315454472,1221.0224999999998,1211.058,
2016-06-21,1209.0,1215.0,1196.5,1205.9,1203.441471683063,120352,3874,144836588.0,73827.0,61.34,18.5,-3.1,Infosys,1205.9,-0.22339897401950637,1221.9075,1211.5430000000001,
2016-06-22,1197.25,1211.7,1190.0,1198.55,1198.6942821668952,76515,3564,91718093.0,33704.0,44.05,21.7,1.3,Infosys,1198.55,-0.609503275561829,1221.3925,1212.1670000000001,
2016-06-23,1199.9,1214.65,1193.45,1211.55,1202.8566971960863,159955,6162,192402943.0,79139.0,49.48,21.2,11.65,Infosys,1211.55,1.0846439447665945,1220.3875,1212.71,
2016-06-24,1199.0,1199.0,1159.0,1194.5,1186.6857894018328,227077,8734,269469049.0,86988.0,38.31,40.0,-4.5,Infosys,1194.5,-1.4072881845569651,1217.7925,1212.954,
2016-06-27,1176.0,1179.8,1160.0,1166.25,1170.7431955671311,192742,8803,225651385.0,80876.0,41.96,19.8,-9.75,Infosys,1166.25,-2.365006278777726,1212.9325,1212.838,
2016-06-28,1166.25,1173.0,1156.0,1161.05,1161.6952165757161,187648,7361,217989784.0,82168.0,43.79,17.0,-5.2,Infosys,1161.05,-0.44587352625937715,1208.4925,1211.2830000000001,SELL
2016-06-29,1165.0,1179.35,1161.25,1176.55,1170.315997295244,119789,5447,140190983.0,48224.0,40.26,18.1,11.55,Infosys,1176.55,1.3349984927436331,1204.4975,1209.9489999999998,
2016-06-30,1192.7,1192.7,1168.1,1170.75,1174.9133443617313,145080,6288,170456428.0,72244.0,49.8,24.6,-21.95,Infosys,1170.75,-0.49296672474608005,1200.0225,1208.836,
2016-07-01,1180.0,1180.55,1170.0,1172.1,1174.4752047011928,97337,5179,114319893.0,41841.0,42.99,10.55,-7.9,Infosys,1172.1,0.11531069827033225,1195.3049999999998,1208.001,
2016-07-04,1176.0,1194.8,1176.0,1184.25,1186.2228766994253,159245,5680,188900062.0,86085.0,54.06,18.8,8.25,Infosys,1184.25,1.0366009726132663,1191.1625,1207.345,
2016-07-05,1185.0,1185.5,1171.55,1175.45,1177.1116014098743,73198,3924,86162215.0,31913.0,43.6,13.95,-9.55,Infosys,1175.45,-0.7430863415663902,1187.075,1206.195,
2016-07-07,1175.45,1175.45,1155.0,1157.2,1160.4199836610076,167697,9614,194598950.0,70120.0,41.81,20.45,-18.25,Infosys,1157.2,-1.552596877791479,1183.02,1204.539,
2016-07-08,1177.2,1177.2,1153.2,1158.75,1161.9923621265027,1305599,4558,1517096066.0,1234536.0,94.56,24.0,-18.45,Infosys,1158.75,0.13394400276529606,1181.685,1203.485,
2016-07-11,1165.0,1178.0,1160.5,1174.85,1169.920709043374,126988,6736,148565891.0,44516.0,35.06,17.5,9.85,Infosys,1174.85,1.3894282632146648,1181.3875,1202.765,
2016-07-12,1174.0,1180.0,1168.0,1176.0,1174.3523912647277,93277,4172,109540068.0,34177.0,36.64,12.0,2.0,Infosys,1176.0,0.09788483636210543,1181.06,1202.2720000000002,
2016-07-13,1180.0,1195.0,1175.1,1193.15,1186.35217723453,132209,7002,156846435.0,54484.0,41.21,19.9,13.15,Infosys,1193.15,1.4583333333333393,1181.9575,1202.52,
2016-07-14,1195.0,1195.05,1165.2,1175.85,1179.0529190794114,243844,10041,287504980.0,79826.0,32.74,29.85,-19.15,Infosys,1175.85,-1.4499434270628275,1181.29,1202.246,
2016-07-15,1186.35,1195.0,1058.3,1072.25,1086.32539434568,2710883,121133,2944901044.0,1008017.0,37.18,136.7,-114.1,Infosys,1072.25,-8.81064761661776,1175.5925,1199.842,
2016-07-18,1075.0,1084.45,1056.0,1081.7,1070.6745872815327,949800,24398,1016926723.0,580374.0,61.1,28.45,6.7,Infosys,1081.7,0.881324318022858,1170.7625,1197.847,
2016-07-19,1086.5,1089.0,1075.0,1086.3,1081.967326969593,693722,9889,750584538.0,518618.0,74.76,14.0,-0.2,Infosys,1086.3,0.4252565406304809,1164.6475,1195.59,
2016-07-20,1071.0,1089.5,1070.0,1083.05,1081.9120904857157,260461,9808,281795905.0,125011.0,48.0,19.5,12.05,Infosys,1083.05,-0.2991807051459072,1158.5049999999999,1193.0,
2016-07-21,1080.0,1087.0,1075.5,1080.35,1081.8979225583025,966766,7620,1045942127.0,853037.0,88.24,11.5,0.35,Infosys,1080.35,-0.24929596971515755,1152.595,1190.586,
2016-07-22,1075.0,1077.45,1067.0,1072.65,1070.8022790187508,229748,10060,246014682.0,112734.0,49.07,10.45,-2.35,Infosys,1072.65,-0.7127319850048441,1145.65,1187.835,
2016-07-25,1065.0,1083.0,1065.0,1080.5,1074.0260901925267,223034,7590,239544335.0,95790.0,42.95,18.0,15.5,Infosys,1080.5,0.7318323777560254,1139.95,1185.311,
2016-07-26,1080.0,1089.8,1074.0,1088.8,1086.6087571688877,238182,6081,258810647.0,152903.0,64.2,15.8,8.8,Infosys,1088.8,0.7681628875520596,1136.0775,1182.808,
2016-07-27,1088.7,1097.1,1080.0,1087.55,1085.6293588196593,375417,10468,407563717.0,179348.0,47.77,17.1,-1.15,Infosys,1087.55,-0.11480529022777075,1132.4025,1180.2779999999998,
2016-07-28,1087.55,1087.55,1076.05,1079.2,1079.5710323993655,331025,6205,357365001.0,231709.0,70.0,11.5,-8.35,Infosys,1079.2,-0.7677807916877333,1127.535,1177.667,
2016-07-29,1078.0,1078.0,1067.0,1073.95,1073.1032503984452,240309,5846,257876369.0,147145.0,61.23,11.0,-4.05,Infosys,1073.95,-0.4864714603409981,1122.695,1175.039,
2016-08-01,1074.0,1087.5,1069.0,1085.0,1078.6244173963144,291579,11537,314504229.0,133150.0,45.67,18.5,11.0,Infosys,1085.0,1.028911960519574,1118.34,1172.704,
2016-08-02,1089.9,1089.9,1076.05,1084.3,1081.2531331639227,196367,7478,212322434.0,105949.0,53.95,13.85,-5.6,Infosys,1084.3,-0.064516129032266,1113.3425000000002,1170.575,
2016-08-03,1085.0,1087.25,1072.0,1085.0,1081.05618753656,160694,6230,173719243.0,65917.0,41.02,15.25,0.0,Infosys,1085.0,0.06455777921239303,1108.8200000000002,1168.511,
2016-08-04,1090.0,1090.0,1070.0,1072.15,1076.335799341758,208434,7333,224344976.0,110033.0,52.79,20.0,-17.85,Infosys,1072.15,-1.1843317972350165,1104.5674999999999,1165.777,
2016-08-05,1065.0,1074.0,1051.0,1067.4,1066.7891060797824,234663,10329,250335932.0,97804.0,41.68,23.0,2.4,Infosys,1067.4,-0.4430350230844593,1100.0,1162.492,
2016-08-08,1068.0,1082.6,1061.65,1078.8,1068.2869832586528,1039761,5176,1110763142.0,954021.0,91.75,20.95,10.8,Infosys,1078.8,1.0680157391792955,1095.1975,1159.14,
2016-08-09,1079.0,1084.25,1071.55,1081.5,1079.813944970258,136508,5687,147403242.0,51640.0,37.83,12.7,2.5,Infosys,1081.5,0.2502780867630783,1090.4725,1155.501,
2016-08-10,1079.9,1086.05,1075.05,1079.95,1080.297270526084,127204,4876,137418134.0,43077.0,33.86,11.0,0.05,Infosys,1079.95,-0.1433194637078139,1084.8125,1152.1029999999998,
2016-08-11,1081.9,1094.0,1075.8,1077.1,1079.9902654571656,209563,4405,226326000.0,139330.0,66.49,18.2,-4.8,Infosys,1077.1,-0.2639011065327268,1079.875,1148.516,
2016-08-12,1075.0,1078.85,1060.0,1063.3,1068.4102500086092,232312,9771,248204522.0,133076.0,57.28,18.85,-11.7,Infosys,1063.3,-1.281218085600222,1079.4275,1144.577,
2016-08-16,1042.0,1058.0,1027.6,1050.95,1046.0024614399574,331107,13379,346338737.0,90320.0,27.28,30.4,8.95,Infosys,1050.95,-1.1614784162512826,1077.8899999999999,1140.267,
2016-08-17,1046.0,1051.9,1030.5,1033.4,1038.2023439110335,203762,9194,211546186.0,88470.0,43.42,21.4,-12.6,Infosys,1033.4,-1.669917693515388,1075.2450000000001,1135.5929999999998,
2016-08-18,1035.0,1044.8,1022.95,1024.3,1029.571643051107,229792,8816,236587327.0,134661.0,58.6,21.85,-10.7,Infosys,1024.3,-0.8805883491387778,1072.3075000000001,1130.935,
2016-08-19,1026.5,1038.9,1019.0,1021.1,1025.7331241029156,186716,8145,191520786.0,81923.0,43.88,19.9,-5.4,Infosys,1021.1,-0.3124084740798505,1069.3449999999998,1126.591,
2016-08-22,1021.1,1030.0,1009.2,1015.4,1014.7899284127376,210652,9146,213767528.0,106929.0,50.76,20.8,-5.7,Infosys,1015.4,-0.5582215258055134,1066.4825,1123.19,
2016-08-23,1016.45,1041.0,1016.45,1039.25,1034.4335425132451,233292,9278,241325070.0,86103.0,36.91,24.55,22.8,Infosys,1039.25,2.34882804805987,1064.42,1120.359,
2016-08-24,1045.0,1061.95,1045.0,1057.55,1055.8076768985065,182209,8748,192377661.0,78951.0,43.33,16.95,12.55,Infosys,1057.55,1.760885253788791,1062.8574999999998,1117.8590000000002,
2016-08-25,1058.0,1058.0,1032.3,1036.55,1043.60979196257,119690,5422,124909656.0,44285.0,37.0,25.7,-21.45,Infosys,1036.55,-1.9857217152853268,1060.3075,1115.086,
2016-08-26,1037.0,1046.0,1017.1,1020.75,1029.4724921417956,181021,9968,186356140.0,68139.0,37.64,28.9,-16.25,Infosys,1020.75,-1.5242872992137335,1057.3849999999998,1111.7169999999999,
2016-08-29,1020.0,1028.0,1011.8,1022.25,1018.8592604399108,200768,7538,204554336.0,63950.0,31.85,16.2,2.25,Infosys,1022.25,0.14695077149156077,1054.8,1108.438,
2016-08-30,1037.0,1055.1,1024.8,1041.0,1036.5877066877445,188509,6914,195406112.0,52845.0,28.03,30.3,4.0,Infosys,1041.0,1.8341892883345645,1052.6,1105.692,
2016-08-31,1041.5,1046.0,1030.6,1036.8,1038.4122684817264,213914,7548,222130922.0,63507.0,29.69,15.4,-4.7,Infosys,1036.8,-0.4034582132564912,1050.225,1102.256,
2016-09-01,1036.0,1039.9,1032.25,1037.65,1035.9500418643595,103907,3624,107642461.0,43386.0,41.75,7.65,1.65,Infosys,1037.65,0.08198302469137886,1047.8574999999998,1098.891,
2016-09-02,1037.0,1039.0,1026.8,1031.05,1032.009458313148,1044478,3507,1077911175.0,980415.0,93.87,12.2,-5.95,Infosys,1031.05,-0.6360526188984861,1045.8025,1095.541,
2016-09-06,1040.0,1048.9,1035.0,1045.1,1044.7415677706897,286075,5025,298874444.0,189944.0,66.4,13.9,5.1,Infosys,1045.1,1.3626885214102158,1044.6875,1092.212,
2016-09-07,1045.0,1058.5,1043.5,1055.0,1054.5890077116117,262202,6841,276515347.0,178142.0,67.94,15.0,10.0,Infosys,1055.0,0.9472777724619741,1043.4975,1089.422,
2016-09-08,1048.0,1050.0,1025.0,1037.9,1033.6960385914272,556393,12109,575141240.0,391861.0,70.43,25.0,-10.1,Infosys,1037.9,-1.6208530805687071,1041.3174999999999,1086.855,
2016-09-09,1038.0,1040.75,1027.65,1036.0,1034.44136427415,231625,6604,239602481.0,148562.0,64.14,13.1,-2.0,Infosys,1036.0,-0.18306195201850395,1039.12,1084.354,
2016-09-12,1028.0,1057.2,1026.0,1054.0,1053.0645780199975,300737,8144,316695482.0,202299.0,67.27,31.2,26.0,Infosys,1054.0,1.737451737451745,1037.965,1081.903,
2016-09-14,1055.0,1057.3,1043.0,1047.1,1052.830327549354,392521,6075,413258013.0,309494.0,78.85,14.3,-7.9,Infosys,1047.1,-0.6546489563567404,1037.1550000000002,1079.43,
2016-09-15,1048.0,1054.8,1036.05,1041.35,1039.3331773608113,149599,4770,155483204.0,65922.0,44.07,18.75,-6.65,Infosys,1041.35,-0.5491357081463089,1036.675,1076.815,
2016-09-16,1051.0,1064.15,1038.0,1060.35,1049.0916430951643,206464,6204,216599657.0,97695.0,47.32,26.15,9.35,Infosys,1060.35,1.8245546646180388,1038.0224999999998,1074.337,
2016-09-19,1050.0,1068.65,1043.0,1061.15,1053.9488167999232,645622,6710,680452543.0,538783.0,83.45,25.65,11.15,Infosys,1061.15,0.07544678643844893,1039.865,1072.0510000000002,
2016-09-20,1054.0,1057.25,1046.5,1050.35,1050.1221489654858,87819,3471,92220677.0,42407.0,48.29,10.75,-3.65,Infosys,1050.35,-1.0177637468784084,1041.3275,1069.914,
2016-09-21,1051.0,1060.25,1051.0,1056.7,1056.4565435525192,93680,3459,98968849.0,42188.0,45.03,9.25,5.7,Infosys,1056.7,0.6045603846337011,1043.3925,1067.873,
2016-09-22,1056.0,1060.65,1051.6,1058.5,1057.2272623595825,70148,2822,74162378.0,26425.0,37.67,9.05,2.5,Infosys,1058.5,0.17034162960158916,1044.355,1065.5459999999998,
2016-09-23,1059.0,1059.85,1040.0,1043.0,1049.0042557435913,90231,4003,94652703.0,43613.0,48.33,19.85,-16.0,Infosys,1043.0,-1.4643363249881913,1043.6275,1062.886,
2016-09-26,1041.0,1043.0,1031.4,1035.7,1038.0902602911456,740248,4188,768444239.0,687667.0,92.9,11.6,-5.3,Infosys,1035.7,-0.6999041227229053,1043.585,1059.737,
2016-09-27,1035.7,1049.55,1035.0,1040.45,1043.776961643546,179709,5909,187576114.0,76437.0,42.53,14.55,4.75,Infosys,1040.45,0.45862701554504337,1044.5700000000002,1057.029,
2016-09-28,1040.0,1041.8,1034.0,1038.6,1037.7550234073547,179858,3205,186648543.0,122794.0,68.27,7.8,-1.4,Infosys,1038.6,-0.1778076793695127,1045.3875,1056.356,
2016-09-29,1041.0,1044.0,1024.0,1029.9,1031.6047270658169,346219,7076,357161157.0,213617.0,61.7,20.0,-11.1,Infosys,1029.9,-0.8376660889658938,1044.8325,1055.32,
2016-09-30,1031.0,1043.85,1031.0,1038.1,1039.019427486094,221130,4979,229758366.0,147912.0,66.89,12.85,7.1,Infosys,1038.1,0.7961938052237993,1044.8974999999998,1054.356,
2016-10-03,1038.1,1040.8,1026.5,1037.85,1034.1296223446104,91512,3873,94635270.0,31924.0,34.89,14.3,-0.25,Infosys,1037.85,-0.0240824583373489,1044.9075,1053.452,
2016-10-04,1040.0,1051.1,1038.0,1048.8,1044.6009568159493,109948,3490,114851786.0,42816.0,38.94,13.1,8.8,Infosys,1048.8,1.055065760948115,1045.795,1052.8210000000001,
2016-10-05,1048.7,1049.5,1037.0,1041.15,1040.8010517090272,63896,2527,66503024.0,26705.0,41.79,12.5,-7.55,Infosys,1041.15,-0.7294050343249259,1045.5974999999999,1052.191,
2016-10-06,1041.0,1041.15,1025.0,1026.65,1030.396215755728,111515,4454,114904634.0,56934.0,51.06,16.15,-14.35,Infosys,1026.65,-1.3926907746242168,1044.1799999999998,1051.114,
2016-10-07,1030.0,1032.75,1010.05,1012.65,1018.8947757979952,387753,11376,395079506.0,276000.0,71.18,22.7,-17.35,Infosys,1012.65,-1.3636585009497049,1042.9175,1049.591,
2016-10-10,1014.55,1032.0,1010.0,1029.55,1022.286472161322,207535,6966,212160223.0,92054.0,44.36,22.0,15.0,Infosys,1029.55,1.668888559719539,1042.595,1048.431,
2016-10-13,1029.45,1057.5,1024.55,1052.05,1047.970025135796,350894,9471,367726394.0,134460.0,38.32,32.95,22.6,Infosys,1052.05,2.185420814919148,1042.4975,1047.888,
2016-10-14,1060.0,1080.7,996.15,1027.4,1035.2097380233956,1856578,42801,1921947625.0,791789.0,42.65,84.55,-32.6,Infosys,1027.4,-2.3430445321039772,1041.5125,1046.9569999999999,
2016-10-17,1036.0,1041.75,1017.9,1022.05,1028.0023222296827,233827,8629,240374699.0,93653.0,40.05,23.85,-13.95,Infosys,1022.05,-0.5207319447148251,1040.5475000000001,1045.698,
2016-10-18,1030.0,1039.9,1027.4,1038.2,1035.0747247565496,139967,5244,144876304.0,70595.0,50.44,12.5,8.2,Infosys,1038.2,1.580157526539816,1039.44,1044.7759999999998,
2016-10-19,1042.0,1045.05,1035.0,1041.6,1041.935230019416,126185,4395,131476597.0,57116.0,45.26,10.05,-0.4,Infosys,1041.6,0.32748988634172527,1038.4625,1043.9080000000001,
2016-10-20,1041.1,1049.95,1035.0,1036.95,1039.8108680773666,106661,5482,110907267.0,52538.0,49.26,14.95,-4.15,Infosys,1036.95,-0.44642857142855874,1037.7925,1043.204,
2016-10-21,1035.0,1041.0,1025.05,1038.1,1036.076456724216,70432,2770,72972937.0,29573.0,41.99,15.95,3.1,Infosys,1038.1,0.11090216500311278,1036.8625,1042.618,
2016-10-24,1040.0,1042.0,1027.0,1029.0,1032.6644516086585,75995,5015,78477335.0,29795.0,39.21,15.0,-11.0,Infosys,1029.0,-0.8766014834794222,1035.3875,1041.622,
2016-10-25,1029.9,1035.9,1015.5,1017.35,1022.1925347299276,112655,5077,115155100.0,57724.0,51.24,20.4,-12.55,Infosys,1017.35,-1.132167152575314,1034.105,1040.339,
2016-10-26,1020.0,1020.6,1010.1,1014.85,1013.8442996742672,142755,6234,144731343.0,62164.0,43.55,10.5,-5.15,Infosys,1014.85,-0.24573647220720307,1033.0625,1039.037,
2016-10-27,1015.9,1019.8,1004.35,1006.15,1009.3826071255633,121843,6937,122986205.0,46674.0,38.31,15.45,-9.75,Infosys,1006.15,-0.8572695472237268,1031.3475,1037.618,
2016-10-28,1007.0,1009.8,994.0,997.45,998.9293319649107,236769,10368,236515499.0,98985.0,41.81,15.8,-9.55,Infosys,997.45,-0.8646822044426683,1029.29,1036.3010000000002,
2016-10-30,1001.0,1006.45,1000.0,1002.5,1002.7070155210644,56375,3298,56527608.0,37209.0,66.0,6.45,1.5,Infosys,1002.5,0.5062910421574918,1027.9199999999998,1035.3319999999999,
2016-11-01,1009.85,1009.85,986.0,988.85,992.5909329697952,230329,8919,228622477.0,158942.0,69.01,23.85,-21.0,Infosys,988.85,-1.3615960099750635,1025.4575,1034.441,
2016-11-02,988.0,988.0,980.0,981.1,983.0953156073293,141299,6832,138910385.0,59793.0,42.32,8.0,-6.9,Infosys,981.1,-0.7837386863528306,1022.6199999999999,1033.577,
2016-11-03,984.5,984.5,965.1,966.9,972.2788567608224,209405,10057,203600054.0,107221.0,51.2,19.4,-17.6,Infosys,966.9,-1.4473550096830157,1018.525,1032.493,
2016-11-04,966.9,978.85,962.0,970.8,970.7150475797256,203448,7934,197490035.0,89256.0,43.87,16.85,3.9,Infosys,970.8,0.40335091529630773,1015.0074999999999,1031.601,
2016-11-07,982.25,990.0,975.6,978.75,981.0815402781423,106708,4997,104689249.0,53480.0,50.12,14.4,-3.5,Infosys,978.75,0.8189122373300384,1012.6125,1030.391,
2016-11-08,986.05,990.0,970.95,982.8,979.1530063560042,147105,6390,144038303.0,65694.0,44.66,19.05,-3.25,Infosys,982.8,0.4137931034482678,1011.1199999999999,1028.896,
2016-11-09,940.0,973.7,900.3,955.85,946.7835178291537,408320,19062,386590646.0,133145.0,32.61,73.4,15.85,Infosys,955.85,-2.74216524216524,1007.4350000000001,1027.282,
2016-11-10,961.05,965.2,935.0,938.6,945.464910406413,271448,11185,256644559.0,128357.0,47.29,30.2,-22.45,Infosys,938.6,-1.8046764659726988,1001.7625,1025.6390000000001,
2016-11-11,940.0,942.0,919.0,921.85,928.6731723606947,215606,8403,200227508.0,88866.0,41.22,23.0,-18.15,Infosys,921.85,-1.7845727679522638,996.4849999999999,1023.6310000000001,
2016-11-15,922.0,938.0,909.55,924.75,925.4449177312212,244625,10252,226386963.0,113620.0,46.45,28.45,2.75,Infosys,924.75,0.3145848022997111,991.6199999999999,1021.306,
2016-11-16,926.1,956.7,926.1,940.1,944.9291250534442,182434,7726,172387200.0,70673.0,38.74,30.6,14.0,Infosys,940.1,1.6599080832657487,986.7149999999999,1019.372,
2016-11-17,934.8,949.0,926.25,929.55,936.9299777158365,135971,5445,127395306.0,50258.0,36.96,22.75,-5.25,Infosys,929.55,-1.1222210403148636,981.1125,1017.21,
2016-11-18,929.8,932.9,918.0,919.8,925.8750059913533,104317,4647,96584503.0,44330.0,42.5,14.9,-10.0,Infosys,919.8,-1.0488946264321397,975.2549999999999,1014.985,
2016-11-21,930.9,930.9,906.75,911.15,918.9678832888842,132361,4760,121635508.0,54822.0,41.42,24.15,-19.75,Infosys,911.15,-0.9404218308327827,968.9075,1012.306,
2016-11-22,921.75,928.0,912.0,913.95,919.2707543886784,103448,5352,95096721.0,43403.0,41.96,16.0,-7.8,Infosys,913.95,0.30730395653844056,963.1550000000001,1009.485,
2016-11-23,924.0,924.0,913.2,920.5,918.8275570089635,171245,4296,157344625.0,103186.0,60.26,10.8,-3.5,Infosys,920.5,0.7166694020460662,958.3125,1007.137,
2016-11-24,923.3,940.0,922.9,932.7,935.0858647075432,350633,6231,327871962.0,243593.0,69.47,17.1,9.4,Infosys,932.7,1.3253666485605775,954.2049999999999,1005.071,
2016-11-25,930.3,984.9,930.3,977.3,969.7134162943842,396652,13551,384638766.0,109572.0,27.62,54.6,47.0,Infosys,977.3,4.7818162324434255,952.7625,1003.5369999999999,
2016-11-28,994.8,994.8,970.65,979.65,978.912122978328,375741,5017,367817420.0,251288.0,66.88,24.15,-15.15,Infosys,979.65,0.24045840581192746,951.8725000000001,1002.188,
2016-11-29,983.0,983.45,967.4,972.65,976.2854918599992,109828,3997,107223483.0,31220.0,28.43,16.05,-10.35,Infosys,972.65,-0.714540907466954,950.3800000000001,1000.814,
2016-11-30,970.0,977.5,962.0,975.45,970.6724891446323,141635,3731,137481198.0,73028.0,51.56,15.5,5.45,Infosys,975.45,0.28787333573228047,949.71,999.1159999999999,
2016-12-01,976.0,984.0,969.45,976.05,974.7992837294222,99683,3299,97170917.0,44201.0,44.34,14.55,0.05,Infosys,976.05,0.06151007227432892,949.4575000000001,997.414,
2016-12-02,969.0,969.9,961.0,964.1,966.3287839528234,89536,3004,86521214.0,20779.0,23.21,8.9,-4.9,Infosys,964.1,-1.2243225244608302,949.3174999999999,995.689,
2016-12-05,965.0,968.2,957.9,961.4,962.4544120729408,85878,3095,82653660.0,22231.0,25.89,10.3,-3.6,Infosys,961.4,-0.28005393631366227,948.8475000000001,993.783,
2016-12-06,966.5,978.7,962.7,966.95,971.9481815999785,112489,2746,109333479.0,67242.0,59.78,16.0,0.45,Infosys,966.95,0.5772831287705449,948.2575,991.952,
2016-12-07,967.2,972.6,960.9,966.6,966.9157180580945,123075,4257,119003152.0,55746.0,45.29,11.7,-0.6,Infosys,966.6,-0.036196287295109375,947.4475,990.4240000000001,
2016-12-08,966.6,987.8,966.6,984.75,982.5656910493325,85826,3872,84329683.0,34954.0,40.73,21.2,18.15,Infosys,984.75,1.8777157045313464,948.8924999999999,989.405,
2016-12-09,986.5,1007.05,983.0,987.35,994.9062401545859,190444,6546,189473924.0,49971.0,26.24,24.05,0.85,Infosys,987.35,0.26402640264027166,951.3299999999999,988.3430000000001,
2016-12-12,981.0,981.5,965.45,977.5,973.6695779540764,183653,3508,178817339.0,101684.0,55.37,16.05,-3.5,Infosys,977.5,-0.997619891629109,954.1125,987.1210000000001,
2016-12-13,977.0,991.85,973.5,990.05,983.727762597376,117842,3749,115924447.0,63391.0,53.79,18.35,13.05,Infosys,990.05,1.2838874680306755,957.3775000000002,986.324,
2016-12-14,991.55,1004.0,984.0,999.05,998.2541861982313,331088,7385,330509982.0,178106.0,53.79,20.0,7.5,Infosys,999.05,0.9090449977273929,960.325,985.543,
2016-12-15,997.9,1018.9,990.0,993.25,1007.512743830674,259145,9415,261091890.0,87531.0,33.78,28.9,-4.65,Infosys,993.25,-0.5805515239477477,963.51,984.6510000000001,
2016-12-16,999.2,1009.0,998.0,1004.2,1003.9107714688688,112733,4206,113173873.0,30982.0,27.48,11.0,5.0,Infosys,1004.2,1.1024414799899462,967.7300000000001,983.7589999999999,
2016-12-19,1005.0,1006.05,994.2,1002.2,1000.688097350108,80041,2766,80096076.0,32867.0,41.06,11.85,-2.8,Infosys,1002.2,-0.19916351324437143,972.2824999999999,982.98,
2016-12-20,998.0,1018.95,998.0,1010.4,1012.7647546701807,129010,5290,130656781.0,59933.0,46.46,20.95,12.4,Infosys,1010.4,0.8181999600878065,977.1049999999999,982.655,
2016-12-21,1015.0,1020.95,1001.05,1003.7,1013.748913588856,117589,6125,119205721.0,45394.0,38.6,19.9,-11.3,Infosys,1003.7,-0.6631037212984858,981.265,982.4760000000001,
2016-12-22,1002.9,1006.9,970.2,985.2,991.8988302734526,348543,6883,345719394.0,242380.0,69.54,36.7,-17.7,Infosys,985.2,-1.843180233137387,983.8900000000001,981.5889999999999,BUY
2016-12-23,981.35,1006.6,975.0,989.3,990.2709870118115,154679,7093,153174126.0,50491.0,32.64,31.6,7.95,Infosys,989.3,0.4161591555014166,984.49,980.334,
2016-12-26,989.0,993.85,976.0,983.0,984.1228329064112,107748,3810,106037267.0,49236.0,45.7,17.85,-6.0,Infosys,983.0,-0.6368139088244185,984.6575,979.446,
2016-12-27,983.1,1002.9,982.25,999.25,995.6129506934907,132518,3821,131936637.0,74938.0,56.55,20.65,16.15,Infosys,999.25,1.6531027466937909,985.9875,978.99,
2016-12-28,999.5,1009.75,995.2,999.15,1001.3385738882884,452433,6060,453038615.0,372428.0,82.32,14.55,-0.35,Infosys,999.15,-0.010007505629228142,987.1724999999999,978.2090000000001,
2016-12-29,1000.0,1007.45,986.4,994.1,996.4570624375776,165205,5688,164619689.0,97135.0,58.8,21.05,-5.9,Infosys,994.1,-0.5054296151728921,988.075,977.2589999999999,
2016-12-30,995.25,1012.0,993.0,1010.7,1004.059467753272,217681,7180,218564669.0,100226.0,46.04,19.0,15.45,Infosys,1010.7,1.6698521275525513,990.4050000000001,976.7339999999999,
2017-01-02,1012.0,1013.1,1000.0,1001.6,1005.4118498853626,74583,3017,74986632.0,24385.0,32.7,13.1,-10.4,Infosys,1001.6,-0.9003660829128401,992.415,976.0040000000001,
2017-01-03,1002.35,1005.9,980.8,994.65,991.5495731950728,418341,8769,414805840.0,251027.0,60.01,25.1,-7.7,Infosys,994.65,-0.6938897763578367,993.8,975.317,
2017-01-04,994.6,1003.3,993.7,998.3,999.2279781864512,142847,3795,142736719.0,81600.0,57.12,9.6,3.7,Infosys,998.3,0.36696325340572766,995.385,974.936,
2017-01-05,999.0,1009.0,989.1,996.4,999.357101838959,520675,6097,520340259.0,448326.0,86.1,19.9,-2.6,Infosys,996.4,-0.1903235500350542,995.9675,974.567,
2017-01-06,993.0,998.95,968.45,971.45,971.7317883666782,887743,16337,862648093.0,670566.0,75.54,30.5,-21.55,Infosys,971.45,-2.5040144520272922,995.1725,973.873,
2017-01-09,974.0,976.85,965.0,970.55,969.455547605901,257174,5672,249318761.0,147901.0,57.51,11.85,-3.45,Infosys,970.55,-0.09264501518350121,994.825,973.335,
2017-01-10,976.25,980.95,968.0,970.6,974.0760894980322,457619,12589,445755726.0,370235.0,80.9,12.95,-5.65,Infosys,970.6,0.005151718097984315,993.8525,972.697,
2017-01-11,978.0,978.0,964.0,969.0,968.11583539018,193257,8497,187095162.0,100293.0,51.9,14.0,-9.0,Infosys,969.0,-0.16484648670925806,992.35,972.3,
2017-01-12,972.25,1004.4,972.25,1000.05,991.3684964528712,261761,8578,259501609.0,134210.0,51.27,32.15,27.8,Infosys,1000.05,3.204334365325079,992.6899999999999,972.6790000000001,
2017-01-13,1026.35,1045.0,964.0,975.15,991.2959509157891,1266558,46053,1255533817.0,337431.0,26.64,81.0,-51.2,Infosys,975.15,-2.4898755062246813,991.2375,972.8439999999999,
2017-01-16,965.0,965.5,952.5,955.7,959.0375402411743,274905,10340,263644215.0,107305.0,39.03,13.0,-9.3,Infosys,955.7,-1.9945649387273723,988.9125,972.5419999999999,
2017-01-17,959.8,964.75,954.0,956.05,958.0298175134067,211084,7596,202224766.0,119137.0,56.44,10.75,-3.75,Infosys,956.05,0.036622371036920676,986.195,972.0879999999999,
2017-01-18,958.0,961.0,950.0,950.9,954.9145231204898,161026,6159,153766066.0,89402.0,55.52,11.0,-7.1,Infosys,950.9,-0.5386747555044202,983.555,971.45,
2017-01-19,951.0,960.3,949.6,958.55,953.6532130849198,284633,6358,271441175.0,155807.0,54.74,10.7,7.55,Infosys,958.55,0.8045009990535368,982.2224999999999,971.5040000000001,
2017-01-20,953.0,955.0,946.0,948.8,948.9306711664435,221048,7143,209759227.0,137889.0,62.38,9.0,-4.2,Infosys,948.8,-1.017161337436756,980.1975,971.7079999999999,
2017-01-23,947.0,957.5,939.5,951.75,952.8735307229152,177213,5621,168861577.0,65815.0,37.14,18.0,4.75,Infosys,951.75,0.31091905564923916,978.635,972.3059999999999,
2017-01-24,952.85,953.0,940.15,945.1,944.1284984239182,125628,4486,118608975.0,47025.0,37.43,12.85,-7.75,Infosys,945.1,-0.6987128972944512,975.9275,972.7130000000001,
2017-01-25,948.75,950.0,935.0,936.65,940.312188887394,222990,7921,209680215.0,114548.0,51.37,15.0,-12.1,Infosys,936.65,-0.8940852819807499,972.8025000000001,972.6439999999999,
2017-01-27,935.0,948.0,926.4,942.15,939.6034983140845,319411,9202,300119693.0,149270.0,46.73,21.6,7.15,Infosys,942.15,0.5871990604815025,970.2049999999999,972.896,SELL
2017-01-30,938.7,951.9,929.65,948.35,942.5359019406729,492355,9028,464062264.0,326516.0,66.32,22.25,9.65,Infosys,948.35,0.6580693095579404,967.0875,973.467,
2017-01-31,943.9,947.0,905.0,929.3,922.8279196881225,870855,23940,803649308.0,428687.0,49.23,42.0,-14.6,Infosys,929.3,-2.0087520430220995,963.4725000000001,973.83,
2017-02-01,921.9,923.2,906.0,916.55,913.281326042256,334107,12496,305133684.0,97689.0,29.24,17.2,-5.35,Infosys,916.55,-1.372000430431508,959.5674999999999,973.8820000000001,
2017-02-02,916.0,945.2,911.0,935.35,930.7411036988934,457353,10478,425677236.0,202259.0,44.22,34.2,19.35,Infosys,935.35,2.051170148928061,956.4199999999998,974.1790000000001,
2017-02-03,934.0,940.7,921.5,934.95,929.5020232025421,338325,8565,314473772.0,82890.0,24.5,19.2,0.95,Infosys,934.95,-0.04276474047147927,953.3475000000001,974.2239999999999,
2017-02-06,939.0,941.65,931.0,934.45,935.6785432546883,206625,5051,193334579.0,108079.0,52.31,10.65,-4.55,Infosys,934.45,-0.05347879565752445,951.4975000000001,973.3670000000001,
2017-02-07,934.9,949.4,929.05,944.75,940.1551923349001,254452,6701,239224369.0,92164.0,36.22,20.35,9.85,Infosys,944.75,1.1022526619936857,950.2075000000001,972.6690000000001,
2017-02-08,940.0,943.95,932.35,936.45,936.8501523722,189339,6417,177382271.0,58869.0,31.09,11.6,-3.55,Infosys,936.45,-0.8785392961100813,948.5,971.945,
2017-02-09,936.0,949.9,936.0,948.1,944.444387994254,330675,7828,312304148.0,203916.0,61.67,13.9,12.1,Infosys,948.1,1.24406001388222,947.4549999999999,971.398,
2017-02-10,945.0,971.8,944.0,968.05,965.6016973395632,1185031,10423,1144267945.0,834603.0,70.43,27.8,23.05,Infosys,968.05,2.104208416833653,945.8549999999999,971.238,
2017-02-13,975.0,985.0,963.1,983.5,977.6102254717581,473230,9927,462634487.0,253287.0,53.52,21.9,8.5,Infosys,983.5,1.595991942564945,946.2724999999998,971.6260000000001,
2017-02-14,982.55,988.5,972.7,987.3,979.3259006167998,503405,5234,492997555.0,389767.0,77.43,15.8,4.75,Infosys,987.3,0.3863751906456381,947.8525000000002,972.1439999999999,
2017-02-15,982.15,998.0,969.9,982.35,982.0558727638512,294759,9185,289469807.0,99709.0,33.83,28.1,0.2,Infosys,982.35,-0.5013673655423823,949.1674999999999,972.4520000000001,
2017-02-16,992.0,1014.8,990.0,1011.9,1004.1056519135558,374068,13770,375603793.0,174289.0,46.59,24.8,19.9,Infosys,1011.9,3.008092838601306,952.2175000000001,973.3579999999998,
2017-02-17,1011.9,1012.05,993.4,999.7,1001.11161320623,157562,5772,157737148.0,35300.0,22.4,18.65,-12.2,Infosys,999.7,-1.205652732483442,954.275,973.6569999999999,
2017-02-20,998.9,1028.1,993.5,1011.7,1004.807336506468,134042,4404,134686385.0,46850.0,34.95,34.6,12.8,Infosys,1011.7,1.2003601080324167,957.4199999999998,974.1439999999999,
2017-02-21,1020.0,1024.8,1000.1,1012.95,1015.1849747594468,263663,5381,267666716.0,62642.0,23.76,24.7,-7.05,Infosys,1012.95,0.12355441336364681,960.4799999999999,974.8530000000001,
2017-02-22,1012.7,1015.0,988.25,991.85,995.4248216276816,164123,7235,163372108.0,57989.0,35.33,26.75,-20.85,Infosys,991.85,-2.0830248284713027,962.8174999999999,974.8890000000001,
2017-02-23,991.0,1019.9,991.0,1009.05,1009.9032922525598,201473,7970,203468246.0,64010.0,31.77,28.9,18.05,Infosys,1009.05,1.734133185461495,966.4375,975.0889999999999,
2017-02-27,1005.5,1022.45,1005.5,1012.75,1017.119494197575,153815,7666,156448235.0,64491.0,41.93,16.95,7.25,Infosys,1012.75,0.3666815321341943,969.9675000000001,975.4789999999999,
2017-02-28,1011.0,1021.85,1009.0,1012.3,1015.10829458898,80872,3349,82093838.0,28908.0,35.75,12.85,1.3,Infosys,1012.3,-0.0444334732164986,973.165,975.6410000000001,
2017-03-01,1014.6,1026.2,1011.8,1025.0,1023.5450258694086,152690,6736,156285090.0,57880.0,37.91,14.4,10.4,Infosys,1025.0,1.2545688037143288,977.95,976.097,BUY
2017-03-02,1025.0,1027.9,1016.1,1020.65,1023.1421355671496,96218,3676,98444690.0,26290.0,27.32,11.8,-4.35,Infosys,1020.65,-0.4243902439024394,983.155,976.302,
2017-03-03,1010.1,1034.25,1000.5,1031.15,1019.0984024290802,186408,8606,189968095.0,66027.0,35.42,33.75,21.05,Infosys,1031.15,1.0287561847842186,987.945,976.8510000000001,
2017-03-06,1019.8,1035.9,1018.0,1033.85,1029.1597071723427,155040,5552,159560921.0,53860.0,34.74,17.9,14.05,Infosys,1033.85,0.2618435727100632,992.8900000000001,977.8240000000001,
2017-03-07,1024.0,1025.5,1015.0,1019.7,1019.8708251720154,119466,5266,121839888.0,55684.0,46.61,10.5,-4.3,Infosys,1019.7,-1.368670503457936,997.1524999999999,978.432,
2017-03-08,1020.0,1020.0,1004.25,1007.25,1010.0387279541054,112606,3843,113736421.0,44246.0,39.29,15.75,-12.75,Infosys,1007.25,-1.220947337452194,1000.2774999999999,978.9169999999999,
2017-03-09,1007.25,1013.0,999.0,1011.6,1008.3804399653228,92280,4437,93053347.0,30869.0,33.45,14.0,4.35,Infosys,1011.6,0.43186895011169124,1004.0350000000001,979.164,
2017-03-10,1011.7,1027.5,1011.7,1020.1,1020.4731516133784,169675,4365,173148782.0,117882.0,69.48,15.8,8.4,Infosys,1020.1,0.8402530644523454,1007.635,979.5830000000001,
2017-03-14,1032.5,1041.75,1023.65,1035.0,1034.334008886578,169244,5643,175054825.0,87866.0,51.92,18.1,2.5,Infosys,1035.0,1.4606411136163011,1010.9825000000001,980.4010000000001,
2017-03-15,1035.0,1035.0,1008.0,1012.1,1015.186140490474,111851,5505,113549585.0,39336.0,35.17,27.0,-22.9,Infosys,1012.1,-2.212560386473428,1012.4125000000001,980.4290000000001,
2017-03-16,1012.0,1032.0,1012.0,1028.5,1024.6393636055902,103395,4234,105942587.0,47360.0,45.8,20.0,16.5,Infosys,1028.5,1.6203932417745204,1014.4724999999999,980.967,
2017-03-17,1035.0,1042.5,1020.45,1040.0,1032.3591685654333,111037,4936,114630065.0,42886.0,38.62,22.05,5.0,Infosys,1040.0,1.1181332036946934,1017.3549999999999,981.8740000000001,
2017-03-20,1029.0,1029.0,1015.9,1020.6,1019.9638776612044,137062,4581,139798289.0,61308.0,44.73,13.1,-8.4,Infosys,1020.6,-1.8653846153846132,1017.79,982.32,
2017-03-21,1021.0,1034.8,1018.9,1032.0,1027.5625,101168,3428,103956443.0,29134.0,28.8,15.9,11.0,Infosys,1032.0,1.1169900058788818,1019.4050000000001,983.0319999999999,
2017-03-22,1020.0,1039.0,1020.0,1027.8,1029.3257745459557,116068,4497,119471784.0,42984.0,37.03,19.0,7.8,Infosys,1027.8,-0.40697674418604946,1020.21,984.1590000000001,
2017-03-23,1028.0,1042.55,1026.55,1040.6,1037.7263406351456,107188,3720,111231811.0,59190.0,55.22,16.0,12.6,Infosys,1040.6,1.2453784783031718,1021.5925,985.56,
2017-03-24,1040.4,1043.95,1026.0,1031.8,1033.7470824413065,138729,5340,143410699.0,69004.0,49.74,17.95,-8.6,Infosys,1031.8,-0.8456659619450302,1023.5900000000001,986.784,
2017-03-27,1033.0,1041.95,1024.3,1028.8,1034.64867333953,250667,6298,259352279.0,137379.0,54.81,17.65,-4.2,Infosys,1028.8,-0.29075402209730594,1024.5774999999999,987.98,
2017-03-28,1026.25,1038.75,1026.25,1035.1,1035.0936955666684,71188,2263,73686250.0,29987.0,42.12,12.5,8.85,Infosys,1035.1,0.6123639191290886,1025.695,988.6809999999999,
2017-03-29,1035.0,1040.5,1025.85,1031.35,1033.851664237763,341718,2349,353285723.0,127931.0,37.44,14.65,-3.65,Infosys,1031.35,-0.3622838373104065,1026.6475,989.805,
2017-03-30,1034.2,1035.85,1020.1,1024.5,1027.4193796665277,139022,4709,142833897.0,63292.0,45.53,15.75,-9.7,Infosys,1024.5,-0.6641780191011692,1026.6225,991.1809999999999,
2017-03-31,1026.0,1028.8,1009.8,1020.8,1022.889774395731,316705,4969,323954306.0,26315.0,8.31,19.0,-5.2,Infosys,1020.8,-0.36115178135676107,1026.63,992.4760000000001,
2017-04-03,1027.1,1030.5,1006.55,1009.45,1011.3316758431924,157467,5491,159251365.0,63991.0,40.64,23.95,-17.65,Infosys,1009.45,-1.1118730407523425,1025.545,993.6469999999999,
2017-04-05,1005.0,1006.0,991.0,995.4,997.5024008678524,175145,6067,174707558.0,81488.0,46.53,15.0,-9.6,Infosys,995.4,-1.3918470454207799,1023.6225000000001,994.3839999999999,
2017-04-06,995.1,1005.8,992.0,999.15,1000.134141847298,89547,3164,89559012.0,27871.0,31.12,13.8,4.05,Infosys,999.15,0.376732971669691,1022.595,995.3910000000001,
2017-04-07,1000.0,1000.0,979.0,981.25,986.3851728085934,214862,7715,211936691.0,96104.0,44.73,21.0,-18.75,Infosys,981.25,-1.791522794375222,1021.2950000000001,995.9810000000001,
2017-04-10,982.0,991.0,950.0,952.95,965.2012080803939,331766,11770,320220944.0,173341.0,52.25,41.0,-29.05,Infosys,952.95,-2.884076433121019,1018.3625,996.1379999999999,
2017-04-11,955.0,971.2,955.0,967.15,966.2278623872988,157718,5571,152391526.0,69259.0,43.91,16.2,12.15,Infosys,967.15,1.4901096594784446,1015.7149999999999,996.748,
2017-04-12,972.0,976.05,961.05,968.8,968.7144399549268,212099,6185,205463364.0,75815.0,35.75,15.0,-3.2,Infosys,968.8,0.1706043529959178,1012.405,997.2810000000001,
2017-04-13,974.0,990.95,927.0,931.4,942.8838459893544,1552568,46351,1463891287.0,449623.0,28.96,63.95,-42.6,Infosys,931.4,-3.860445912469035,1008.3699999999999,996.942,
2017-04-17,932.0,932.35,921.9,924.8,926.9466778037166,280146,7932,259680404.0,99502.0,35.52,10.45,-7.2,Infosys,924.8,-0.7086106935795589,1003.1850000000001,996.852,
2017-04-18,925.0,934.0,919.55,922.4,926.5649540132237,270730,7986,250848930.0,97481.0,36.01,14.45,-2.6,Infosys,922.4,-0.2595155709342545,997.305,996.969,
2017-04-19,929.8,929.8,912.0,918.8,917.8176624520676,308768,8585,283392724.0,123095.0,39.87,17.8,-11.0,Infosys,918.8,-0.3902862098872584,992.2149999999999,996.6379999999999,SELL
2017-04-20,920.0,929.8,919.05,927.65,924.3715009459069,187122,6480,172970244.0,67404.0,36.02,10.75,7.65,Infosys,927.65,0.9632128863735323,986.9974999999998,996.492,
2017-04-21,934.2,934.2,921.3,923.7,925.9254413607747,138039,3457,127813822.0,58306.0,42.24,12.9,-10.5,Infosys,923.7,-0.42580714709210543,981.7924999999999,996.2769999999999,
2017-04-24,918.8,928.0,913.0,926.05,919.5540647398141,197282,5498,181411465.0,76750.0,38.9,15.0,7.25,Infosys,926.05,0.25441160549961594,976.0650000000002,995.9029999999999,
2017-04-25,929.8,933.0,920.5,929.0,928.8596556239037,161916,4646,150397240.0,58626.0,36.21,12.5,-0.8,Infosys,929.0,0.3185573133200226,970.925,995.7539999999999,
2017-04-26,933.0,934.7,910.4,914.05,917.3016815890451,265820,9858,243837133.0,110632.0,41.62,24.3,-18.95,Infosys,914.05,-1.6092572658772952,965.1875,995.073,
2017-04-27,920.0,926.45,916.0,923.95,922.5720919946926,126616,3355,116812388.0,41033.0,32.41,10.45,3.95,Infosys,923.95,1.0830917345878266,959.6299999999999,994.1909999999999,
2017-04-28,925.05,926.5,916.9,919.4,920.4448151826957,103697,3029,95447366.0,46632.0,44.97,9.6,-5.65,Infosys,919.4,-0.49245089019969157,954.0324999999999,992.909,
2017-05-02,924.8,925.75,915.65,921.0,921.2140973696056,77745,2757,71619790.0,30270.0,38.93,10.1,-3.8,Infosys,921.0,0.17402653904721177,948.8574999999998,991.5830000000001,
2017-05-03,924.3,938.8,918.2,935.65,932.3148025875528,224150,5225,208978363.0,59400.0,26.5,20.6,11.35,Infosys,935.65,1.5906623235613537,944.6,990.6489999999999,
2017-05-04,935.0,939.2,929.15,936.3,935.2125775606813,106046,3090,99175553.0,28090.0,26.49,10.05,1.3,Infosys,936.3,0.06947042163201189,940.9424999999999,989.137,
2017-05-05,936.0,936.4,921.25,931.5,928.8768979014995,107553,3298,99903497.0,31594.0,29.38,15.15,-4.5,Infosys,931.5,-0.5126561999359125,937.7475000000001,987.7729999999999,
2017-05-08,936.0,948.45,932.75,945.45,940.8919852243017,153766,5485,144677197.0,82616.0,53.73,15.7,9.45,Infosys,945.45,1.497584541062813,935.0625,986.448,
2017-05-09,949.9,951.0,942.25,946.7,947.3580096665391,201313,2353,190715483.0,146941.0,72.99,8.75,-3.2,Infosys,946.7,0.1322121740970017,933.3349999999998,985.1229999999999,
2017-05-10,947.0,949.7,937.2,943.2,944.0617205188826,79941,2182,75469238.0,33125.0,41.44,12.5,-3.8,Infosys,943.2,-0.3697052920671795,932.8474999999999,984.15,
2017-05-11,945.0,948.7,937.75,943.85,944.7824290361872,64857,1992,61275754.0,23438.0,36.14,10.95,-1.15,Infosys,943.85,0.06891433418150239,931.6825000000001,982.846,
2017-05-12,950.0,965.7,950.0,963.9,959.1597645261869,839329,6777,805050606.0,209651.0,24.98,15.7,13.9,Infosys,963.9,2.1242782221751355,931.4375,981.8690000000001,
2017-05-15,965.0,965.7,949.25,951.95,952.797000731529,150370,3339,143272085.0,43316.0,28.81,16.45,-13.05,Infosys,951.95,-1.2397551613237856,932.4649999999999,980.6619999999999,
2017-05-16,952.0,960.15,948.0,956.5,953.8544295296712,126571,3012,120730309.0,30433.0,24.04,12.15,4.5,Infosys,956.5,0.4779662797415707,934.05,979.2919999999999,
2017-05-17,955.0,958.3,944.2,952.2,945.8687989537393,1393152,4375,1317739009.0,71781.0,5.15,14.1,-2.8,Infosys,952.2,-0.4495556717198035,935.54,977.9229999999999,
2017-05-18,949.0,973.85,944.0,961.7,966.5510886280736,662623,8156,640458982.0,514537.0,77.65,29.85,12.7,Infosys,961.7,0.9976895610166014,937.6850000000001,976.534,
2017-05-19,956.0,962.75,947.8,957.9,953.1210981297021,123082,4356,117312051.0,36756.0,29.86,14.95,1.9,Infosys,957.9,-0.39513361755225684,939.1975,975.015,
2017-05-22,957.8,966.5,956.55,959.75,960.6527399834004,242173,4672,232644156.0,175440.0,72.44,9.95,1.95,Infosys,959.75,0.19313080697358487,941.0,973.816,
2017-05-23,963.0,966.75,953.85,957.4,959.5825132167549,713110,5388,684287886.0,642495.0,90.1,12.9,-5.6,Infosys,957.4,-0.2448554311018536,942.5674999999999,972.819,
2017-05-24,957.15,965.3,950.4,953.55,959.085773410665,142072,3501,136259234.0,60039.0,42.26,14.9,-3.6,Infosys,953.55,-0.4021307708376831,943.7949999999998,971.658,
2017-05-25,959.9,984.9,959.9,981.9,973.383473475592,207884,6233,202350850.0,104599.0,50.32,25.0,22.0,Infosys,981.9,2.9731005191127924,947.1875,970.8939999999999,
2017-05-26,980.0,1000.0,980.0,996.2,993.296127872041,184059,6215,182825092.0,84842.0,46.1,20.0,16.2,Infosys,996.2,1.4563601181383001,950.8000000000002,970.1179999999999,
2017-05-29,992.7,996.85,976.0,985.3,980.3721408473075,352552,4372,345632159.0,274359.0,77.82,20.85,-7.4,Infosys,985.3,-1.0941577996386398,954.095,969.582,
2017-05-30,985.3,1000.0,979.85,996.45,995.4368794171301,91547,3923,91129260.0,38487.0,42.04,20.15,11.15,Infosys,996.45,1.131635035014722,957.8675000000001,968.9409999999999,
2017-05-31,991.15,992.15,975.1,976.95,984.3316394317025,103115,4466,101499357.0,49176.0,47.69,17.05,-14.2,Infosys,976.95,-1.9569471624266144,959.9324999999999,967.68,
2017-06-01,969.0,979.55,959.35,970.95,969.7014217549848,103112,3317,99987853.0,35327.0,34.26,20.2,1.95,Infosys,970.95,-0.6141563027790564,961.665,966.687,
2017-06-02,970.95,975.1,965.0,969.45,967.3107578943936,306705,1788,296679046.0,268175.0,87.44,10.1,-1.5,Infosys,969.45,-0.1544878727019916,963.5625,965.4359999999999,
2017-06-05,969.0,969.75,958.25,960.2,961.862379491276,220316,3295,211913672.0,143314.0,65.05,11.5,-8.8,Infosys,960.2,-0.9541492598896251,964.3,964.084,BUY
2017-06-06,965.0,986.85,965.0,979.45,980.5559897529417,667899,5951,654912365.0,561707.0,84.1,21.85,14.45,Infosys,979.45,2.004790668610701,965.9375000000002,962.8609999999999,
2017-06-07,982.05,988.7,945.5,961.5,959.6240326567657,458343,10778,439836958.0,105114.0,22.93,43.2,-20.55,Infosys,961.5,-1.8326611874010967,966.8525000000002,961.455,
2017-06-08,961.1,964.7,949.0,956.3,952.5314868240104,609366,5501,580440302.0,494425.0,81.14,15.7,-4.8,Infosys,956.3,-0.5408216328653181,967.475,960.005,
2017-06-09,940.0,952.0,923.05,948.65,932.5403967384121,1029192,15501,959763116.0,400351.0,38.9,28.95,8.65,Infosys,948.65,-0.7999581721217175,966.7125,958.2760000000001,
2017-06-12,943.0,966.7,940.0,963.8,953.2701741961592,217456,6004,207294319.0,74018.0,34.04,26.7,20.8,Infosys,963.8,1.5970062720708444,967.3050000000001,956.925,
2017-06-13,959.7,963.0,952.35,958.2,958.8827756127728,101873,2493,97684265.0,34013.0,33.39,10.65,-1.5,Infosys,958.2,-0.5810334094210279,967.39,955.599,
2017-06-14,957.0,961.95,951.5,958.65,958.0624217380416,175692,2057,168323903.0,16573.0,9.43,10.45,1.65,Infosys,958.65,0.04696305572948756,967.7125,954.3559999999999,
2017-06-15,955.0,967.0,950.0,952.3,955.1971736204576,200610,3882,191622105.0,77849.0,38.81,17.0,-2.7,Infosys,952.3,-0.6623898190163291,967.2425,953.2130000000001,
2017-06-16,951.9,952.9,936.0,940.5,943.5188307556771,163456,4447,154223814.0,52589.0,32.17,16.9,-11.4,Infosys,940.5,-1.2391053239525274,966.3725000000001,952.115,
2017-06-19,938.6,940.45,928.0,929.45,932.1789633618314,127026,5802,118410965.0,57216.0,45.04,12.45,-9.15,Infosys,929.45,-1.1749069643806398,964.8575000000001,950.7209999999999,
2017-06-20,935.0,947.0,934.15,943.8,942.8434610793789,148289,6502,139813314.0,56370.0,38.01,12.85,8.8,Infosys,943.8,1.5439238259185473,964.1775,949.972,
2017-06-21,943.5,949.0,936.5,943.95,941.0846029173421,92550,4549,87097380.0,31289.0,33.81,12.5,0.45,Infosys,943.95,0.015893197711380758,963.6975,949.7919999999999,
2017-06-22,945.0,968.3,935.85,940.3,953.6043935411191,276952,6164,264102644.0,142097.0,51.31,32.45,-4.7,Infosys,940.3,-0.3866730229355464,961.6175,949.255,
2017-06-23,940.0,948.8,938.55,943.35,943.9083581249496,99496,3538,93915106.0,26609.0,26.74,10.25,3.35,Infosys,943.35,0.32436456450068984,958.975,948.7459999999999,
2017-06-27,944.05,946.95,924.0,926.35,929.2314153443072,168701,8555,156762269.0,64262.0,38.09,22.95,-17.7,Infosys,926.35,-1.8020883023268097,956.0274999999999,948.645,
2017-06-28,930.3,932.55,921.2,924.4,924.6560011356707,429702,4116,397326533.0,236590.0,55.06,11.35,-5.9,Infosys,924.4,-0.21050358935608138,952.425,948.637,
2017-06-29,927.0,947.3,925.3,929.5,938.9749791853637,184966,5519,173678446.0,59762.0,32.31,22.0,2.5,Infosys,929.5,0.5517092167892645,950.0525000000001,948.779,
2017-06-30,927.35,937.9,927.0,935.65,934.2801938432181,79652,2343,74417286.0,31578.0,39.64,10.9,8.3,Infosys,935.65,0.6616460462614215,948.2875,949.1160000000001,SELL
2017-07-03,935.0,954.0,935.0,951.4,945.1020927813603,120175,3952,113577644.0,38713.0,32.21,19.0,16.4,Infosys,951.4,1.6833217549297341,947.385,949.591,
2017-07-04,955.0,967.8,949.7,960.5,960.5504288149517,113219,3986,108752559.0,37356.0,32.99,18.1,5.5,Infosys,960.5,0.9564851797351226,947.4,950.327,
2017-07-05,955.6,958.4,946.65,951.05,951.1434680732576,95171,3113,90521275.0,28686.0,30.14,11.75,-4.55,Infosys,951.05,-0.9838625715773097,945.9799999999999,950.827,
2017-07-06,946.0,957.0,944.3,947.5,950.07608135807,95135,2389,90385488.0,27360.0,28.76,12.7,1.5,Infosys,947.5,-0.37327164712686045,945.28,951.197,
2017-07-07,945.0,947.0,934.4,936.0,940.3901437129977,169922,3134,159792974.0,109775.0,64.6,12.6,-9.0,Infosys,936.0,-1.2137203166226906,944.265,951.636,
2017-07-10,945.0,960.45,940.0,959.05,952.568382225496,1107744,37886,1055201910.0,662407.0,59.8,20.45,14.05,Infosys,959.05,2.46260683760684,944.7850000000001,952.3380000000001,
2017-07-11,955.0,988.9,955.0,975.8,979.0852774130788,273437,9035,267718141.0,84550.0,30.92,33.9,20.8,Infosys,975.8,1.7465199937438003,945.3849999999999,953.466,
2017-07-12,976.0,980.55,969.55,973.8,974.7490823414481,139213,6103,135697744.0,31811.0,22.85,11.0,-2.2,Infosys,973.8,-0.20496003279361075,946.1650000000002,954.5219999999999,
2017-07-13,973.95,983.35,965.0,976.3,976.9298463056311,324345,8576,316862311.0,118425.0,36.51,18.35,2.35,Infosys,976.3,0.2567262271513604,947.0475,955.335,
2017-07-14,1000.0,1006.65,968.0,972.05,985.3280812095056,685437,16258,675380324.0,131563.0,19.19,38.65,-27.95,Infosys,972.05,-0.4353170132131545,948.0350000000001,956.05,
2017-07-17,973.25,991.2,973.25,985.35,984.8760031702234,170335,6620,167758854.0,49845.0,29.26,17.95,12.1,Infosys,985.35,1.3682423743634597,950.2774999999999,957.1270000000001,
2017-07-18,984.9,1004.3,981.5,985.4,995.4810696049923,225616,6984,224596457.0,80024.0,35.47,22.8,0.5,Infosys,985.4,0.005074339067334677,953.075,957.9259999999999,
2017-07-19,989.0,989.4,970.0,979.9,975.9105527946499,162990,7937,159063661.0,50913.0,31.24,19.4,-9.1,Infosys,979.9,-0.5581489750355217,954.8799999999999,958.59,
2017-07-20,980.0,980.0,967.05,969.0,970.5598137915373,132110,5472,128220657.0,53093.0,40.19,12.95,-11.0,Infosys,969.0,-1.1123584039187673,956.1324999999999,959.1059999999999,
2017-07-21,971.0,982.5,971.0,979.9,977.6500624843789,120030,4058,117347337.0,41682.0,34.73,11.5,8.9,Infosys,979.9,1.1248710010319796,958.1125,959.827,
2017-07-24,981.1,993.75,981.1,991.2,990.8156253722819,486862,3628,482390477.0,428952.0,88.11,12.65,10.1,Infosys,991.2,1.1531788958057065,960.5049999999999,960.3729999999999,BUY
2017-07-25,991.0,999.0,986.25,994.15,993.3051684586696,128162,4523,127303977.0,47185.0,36.82,12.75,3.15,Infosys,994.15,0.29761904761904656,963.8949999999999,961.217,
2017-07-26,996.0,999.0,991.1,993.75,993.7940591468856,1200097,2143,1192649269.0,1165211.0,97.09,7.9,-2.25,Infosys,993.75,-0.04023537695518886,967.3624999999998,961.962,
2017-07-27,994.0,1003.75,968.0,972.3,990.8568839611504,205819,5119,203937173.0,77699.0,37.75,35.75,-21.7,Infosys,972.3,-2.1584905660377407,969.5024999999999,962.364,
2017-07-28,980.0,1002.0,963.0,997.85,992.2234812442205,447702,7121,444220437.0,266115.0,59.44,39.0,17.85,Infosys,997.85,2.627789776817857,972.6125,963.087,
2017-07-31,997.85,1021.0,987.35,1011.3,1010.408794047146,312052,10528,315300085.0,113063.0,36.23,33.65,13.45,Infosys,1011.3,1.347897980658419,975.6074999999998,964.155,
2017-08-01,1007.0,1016.95,998.45,1005.0,1005.9851390639232,80143,2636,80622667.0,24100.0,30.07,18.5,-2.0,Infosys,1005.0,-0.6229605458320964,977.8324999999999,965.06,
2017-08-02,1005.0,1012.0,988.2,992.45,999.0077806715152,92537,2565,92445183.0,18952.0,20.48,23.8,-12.55,Infosys,992.45,-1.2487562189054668,979.9024999999999,965.7610000000001,
2017-08-03,992.45,998.8,981.0,983.6,987.9413762590116,76846,2941,75919343.0,25576.0,33.28,17.8,-8.85,Infosys,983.6,-0.8917325809864485,981.7074999999999,966.362,
2017-08-04,985.2,988.6,977.3,985.35,982.6693039559341,69895,2169,68683671.0,18889.0,27.02,11.3,0.15,Infosys,985.35,0.17791785278569172,984.175,966.4309999999999,
2017-08-07,982.0,983.65,966.0,968.15,972.2005639223081,104979,2941,102060643.0,41800.0,39.82,17.65,-13.85,Infosys,968.15,-1.7455726391637505,984.6299999999999,965.87,
2017-08-08,970.0,971.05,955.55,964.6,963.8915134938701,104566,3710,100790280.0,36195.0,34.61,15.5,-5.4,Infosys,964.6,-0.3666787171409336,984.07,965.4559999999999,
2017-08-09,966.25,973.6,964.55,969.45,969.4684104104339,84569,2472,81986974.0,28636.0,33.86,9.05,3.2,Infosys,969.45,0.5027990877047417,983.8525,964.916,
2017-08-10,971.9,988.0,970.0,982.5,982.3937751119826,260085,6304,255505885.0,119614.0,45.99,18.0,10.6,Infosys,982.5,1.3461240909794059,984.1625,965.0269999999999,
2017-08-11,977.0,995.6,969.55,987.75,987.0327831641752,154195,4662,152195520.0,46891.0,30.41,26.05,10.75,Infosys,987.75,0.5343511450381699,984.9475,965.363,
2017-08-14,985.15,987.75,976.3,979.45,981.6987982777456,77805,2426,76381075.0,27306.0,35.1,11.45,-5.7,Infosys,979.45,-0.8402935965578284,984.6525000000001,965.563,
2017-08-16,984.0,986.1,970.0,976.8,976.0281921141869,90238,2569,88074832.0,20830.0,23.08,16.1,-7.2,Infosys,976.8,-0.27056000816786385,984.2225000000001,965.895,
2017-08-17,1010.0,1028.9,998.0,1021.15,1014.1101062580444,532195,13212,539704328.0,165771.0,31.15,30.9,11.15,Infosys,1021.15,4.540335790335792,986.2850000000001,966.729,
2017-08-18,1021.5,1021.5,884.4,923.1,923.7444617946886,8157426,156020,7535377090.0,3601624.0,44.15,137.1,-98.4,Infosys,923.1,-9.601919404592852,983.9900000000001,965.961,
2017-08-21,929.0,929.0,870.0,873.5,890.2806882928693,4476699,113153,3985518667.0,1723285.0,38.49,59.0,-55.5,Infosys,873.5,-5.373199003358254,978.6700000000001,964.305,
2017-08-22,892.5,897.0,861.5,877.15,877.1443223271982,1967963,43912,1726187572.0,570140.0,28.97,35.5,-15.35,Infosys,877.15,0.41785918717802684,972.9675,962.875,
2017-08-23,881.1,904.0,874.55,894.5,890.96027656321,2121468,47758,1890143716.0,536352.0,25.28,29.45,13.4,Infosys,894.5,1.9779969218491678,967.985,961.489,
2017-08-24,907.0,918.8,902.35,912.5,911.4564119747549,1304177,28155,1188700489.0,526553.0,40.37,16.45,5.5,Infosys,912.5,2.0122973728339932,963.9225,960.575,
2017-08-28,947.0,953.5,937.9,941.15,944.8573983846202,1421709,28732,1343312267.0,554197.0,38.98,15.6,-5.85,Infosys,941.15,3.1397260273972494,962.365,960.225,
2017-08-29,943.4,943.4,926.0,927.55,933.2747730291376,603822,14362,563531840.0,249737.0,41.36,17.4,-15.85,Infosys,927.55,-1.4450406417680473,958.85,959.73,SELL
2017-08-30,935.1,939.55,924.0,926.65,930.6220488611117,404166,10093,376125791.0,120498.0,29.81,15.55,-8.45,Infosys,926.65,-0.09702980971375563,954.6175000000001,959.453,
2017-08-31,928.0,932.7,912.7,915.3,917.31034260904,994749,12306,912493546.0,11228.0,30.22,20.0,-12.7,Infosys,915.3,-1.224842173420393,950.1325,959.17,
2017-09-01,915.2,926.2,910.25,920.1,919.9250808221245,298495,7622,274593037.0,105528.0,35.35,15.95,4.9,Infosys,920.1,0.524418223533285,946.515,958.696,
2017-09-04,921.25,921.75,893.6,901.3,904.6905826082808,587084,13607,531129366.0,243959.0,41.55,28.15,-19.95,Infosys,901.3,-2.04325616780785,942.4,957.8430000000001,
2017-09-05,903.35,904.5,897.25,901.1,900.6981889147304,347416,6718,312916962.0,130582.0,37.59,7.25,-2.25,Infosys,901.1,-0.022190169754787714,938.1875,957.059,
2017-09-06,899.0,900.0,890.25,895.7,894.0157260762883,439334,7775,392771505.0,192036.0,43.71,9.75,-3.3,Infosys,895.7,-0.5992675618688215,934.5650000000002,956.1060000000001,
2017-09-07,898.0,900.85,892.55,895.55,896.3091120528516,280332,5391,251264126.0,173389.0,61.85,8.3,-2.45,Infosys,895.55,-0.016746678575429996,931.1125,955.49,
2017-09-08,896.1,898.0,882.25,884.4,889.3319180269656,459029,9871,408229141.0,304493.0,66.33,15.75,-11.7,Infosys,884.4,-1.2450449444475487,926.8599999999999,954.69,
2017-09-11,890.0,892.2,874.0,878.55,881.140715595637,344077,9303,303180254.0,182044.0,52.91,18.2,-11.45,Infosys,878.55,-0.6614654002713771,921.6625,953.671,
2017-09-12,881.0,887.55,879.05,883.85,882.4533758806278,266997,6853,235612404.0,132489.0,49.62,8.5,2.85,Infosys,883.85,0.6032667463434116,916.4675,952.635,
2017-09-13,885.0,887.75,881.0,883.55,883.6001740988794,408963,7136,361359778.0,279213.0,68.27,6.75,-1.45,Infosys,883.55,-0.03394241104260898,911.6725,951.278,
2017-09-14,886.4,896.3,881.6,892.3,891.505336585689,271803,7137,242313825.0,133742.0,49.21,14.7,5.9,Infosys,892.3,0.9903231282892833,907.4474999999999,949.914,
2017-09-15,895.0,912.25,893.0,908.6,903.177411307115,509060,7467,459771493.0,330797.0,64.98,19.25,13.6,Infosys,908.6,1.8267398856886885,901.82,949.065,
2017-09-18,910.0,917.95,906.5,908.45,912.3499790981951,277488,6134,253166171.0,139715.0,50.35,11.45,-1.55,Infosys,908.45,-0.01650891481399519,901.0875,948.2840000000001,
2017-09-19,910.1,915.4,903.65,911.3,909.8666701010864,174702,4002,158955527.0,61194.0,35.03,11.75,1.2,Infosys,911.3,0.3137211734272505,902.9775,947.79,
2017-09-20,915.3,916.0,907.55,912.0,911.0803121523459,122248,2941,111377746.0,53642.0,43.88,8.45,-3.3,Infosys,912.0,0.0768133435751217,904.72,946.8489999999999,
2017-09-21,912.5,915.25,908.45,909.55,910.9164917509008,139591,3278,127155744.0,54847.0,39.29,6.8,-2.95,Infosys,909.55,-0.26864035087720284,905.4725000000001,945.5239999999999,
2017-09-22,908.2,909.9,888.4,898.05,896.7679500163904,204387,5931,183287711.0,92052.0,45.04,21.5,-10.15,Infosys,898.05,-1.264361497443789,904.75,944.0090000000001,
2017-09-25,901.0,902.15,890.0,896.65,894.6265537231512,155594,4076,139198524.0,58276.0,37.45,12.15,-4.35,Infosys,896.65,-0.15589332442513815,902.525,942.4159999999999,
2017-09-26,896.0,908.05,894.5,906.45,899.305833041327,522249,5846,469661572.0,427888.0,81.93,13.55,10.45,Infosys,906.45,1.0929571181620634,901.47,941.104,
2017-09-27,905.0,907.95,895.1,898.65,900.3854709433629,135494,4502,121996829.0,58903.0,43.47,12.85,-6.35,Infosys,898.65,-0.8604997517789204,900.0699999999999,939.37,
2017-09-28,898.0,903.95,893.05,895.7,899.7050950611299,111402,2651,100228947.0,49832.0,44.73,10.9,-2.3,Infosys,895.7,-0.32827018305234823,899.0899999999999,937.576,
2017-09-29,900.0,902.25,895.1,898.75,898.6860833667366,241991,2596,217473944.0,31495.0,13.01,7.15,-1.25,Infosys,898.75,0.34051579770011386,898.0225,935.953,
2017-10-03,908.0,911.65,902.0,903.95,905.6598659969656,106117,2799,96105908.0,49765.0,46.9,9.65,-4.05,Infosys,903.95,0.5785813630041714,898.1550000000001,934.6519999999999,
2017-10-04,903.95,904.95,897.45,899.8,901.7541378756227,99568,2164,89785856.0,38025.0,38.19,7.5,-4.15,Infosys,899.8,-0.45909618894851567,898.0899999999999,933.05,
2017-10-05,899.0,905.2,898.7,903.1,903.0587176279668,118312,4384,106842683.0,54647.0,46.19,6.5,4.1,Infosys,903.1,0.3667481662591676,898.4599999999998,931.288,
2017-10-06,906.6,920.6,903.05,919.45,916.5806592995312,203064,5227,186124535.0,85971.0,42.34,17.55,12.85,Infosys,919.45,1.8104307385671703,899.655,929.7940000000001,
2017-10-09,922.0,928.6,914.3,923.65,923.5140976039056,120446,2974,111233579.0,49462.0,41.07,14.3,1.65,Infosys,923.65,0.4567948229919905,901.6175000000001,928.3919999999999,
2017-10-10,940.0,945.85,929.1,935.6,935.5372485797635,260520,6441,243726164.0,130437.0,50.07,16.75,-4.4,Infosys,935.6,1.293780111514109,904.4699999999999,927.658,
2017-10-11,936.0,937.7,928.15,930.6,932.1556507168125,171872,4698,160211456.0,89640.0,52.16,9.55,-5.4,Infosys,930.6,-0.5344164172723431,906.8075000000001,926.313,
2017-10-12,930.0,934.65,920.0,927.15,925.6555632972451,335844,7652,310875867.0,152760.0,45.49,14.65,-2.85,Infosys,927.15,-0.3707285622179257,908.9875,924.63,
2017-10-13,930.05,934.0,927.6,931.9,930.5291231264439,1228079,5835,1142763275.0,1087403.0,88.55,6.4,1.85,Infosys,931.9,0.512322709378199,910.9675000000001,923.1679999999999,
2017-10-16,935.0,942.0,933.5,939.3,937.5227435871808,220106,5217,206354381.0,123226.0,55.98,8.5,4.3,Infosys,939.3,0.7940766176628422,912.5024999999999,922.105,
2017-10-17,935.0,937.4,930.25,931.45,932.5124608406976,192483,4130,179492796.0,106734.0,55.45,7.15,-3.55,Infosys,931.45,-0.8357287341637321,913.6524999999999,921.062,
2017-10-18,929.0,930.0,923.25,924.45,926.7334316516946,185791,4993,172178731.0,104018.0,55.99,6.75,-4.55,Infosys,924.45,-0.7515164528423379,914.3100000000001,919.844,
2017-10-19,930.0,933.35,925.85,927.1,927.6228031002212,100767,2788,93473767.0,70573.0,70.04,7.5,-2.9,Infosys,927.1,0.28665693114824364,915.0649999999999,919.023,
2017-10-23,928.2,942.8,928.2,939.65,936.1966081880224,263458,8936,246648486.0,171008.0,64.91,14.6,11.45,Infosys,939.65,1.353683529284866,916.57,918.5240000000001,
2017-10-24,945.0,947.5,924.0,926.75,934.1741253014752,445725,9323,416384762.0,235951.0,52.94,23.5,-18.25,Infosys,926.75,-1.3728515936784924,918.0050000000001,917.67,BUY
2017-10-25,920.0,944.15,915.25,935.4,935.3404999399111,416050,11664,389148415.0,175324.0,42.14,28.9,15.4,Infosys,935.4,0.9333693013218181,919.9424999999999,916.7280000000001,
2017-10-26,940.15,950.35,940.15,947.5,945.9375128012562,527292,11869,498785283.0,336760.0,63.87,10.2,7.35,Infosys,947.5,1.2935642505879752,921.9949999999999,915.923,
2017-10-27,955.0,957.05,945.0,947.45,949.2290165974376,399399,10844,379121120.0,261381.0,65.44,12.05,-7.55,Infosys,947.45,-0.005277044854878898,924.4350000000001,915.283,
2017-10-30,954.0,955.0,941.0,944.65,946.65259305925,514296,10347,486859642.0,354831.0,68.99,14.0,-9.35,Infosys,944.65,-0.2955301071296712,926.8825,914.64,
2017-10-31,923.4,930.35,920.0,921.65,925.0457853901056,212404,4872,196483425.0,107453.0,50.59,10.35,-1.75,Infosys,921.65,-2.434764198380357,928.0274999999999,912.65,
2017-11-01,924.0,928.95,922.0,926.25,925.7021620151613,117668,2321,108925522.0,62583.0,53.19,6.95,2.25,Infosys,926.25,0.49910486627244843,929.1424999999999,912.7130000000001,
2017-11-02,924.0,926.55,919.8,922.9,923.1809553763043,108104,2615,99799554.0,60086.0,55.58,6.75,-1.1,Infosys,922.9,-0.3616734143049971,930.2975,913.7009999999999,
2017-11-03,922.7,929.4,918.0,926.65,926.039925173704,74840,1631,69304828.0,31313.0,41.84,11.4,3.95,Infosys,926.65,0.40632787951024874,931.475,914.6909999999999,
2017-11-06,925.0,934.85,922.35,928.6,928.408658447795,122239,2092,113487746.0,80922.0,66.2,12.5,3.6,Infosys,928.6,0.21043543948633392,931.9325000000001,915.3729999999999,
2017-11-07,928.5,959.8,927.0,955.7,950.2193640568736,415729,9302,395033746.0,191019.0,45.95,32.8,27.2,Infosys,955.7,2.9183717424079214,933.5350000000001,916.237,
2017-11-08,958.25,961.5,947.3,951.95,954.7036794106888,158558,2898,151375906.0,43951.0,27.72,14.2,-6.3,Infosys,951.95,-0.3923825468243214,934.3525,916.453,
2017-11-09,958.5,962.0,949.15,954.6,955.1639135519677,144503,3229,138024051.0,64947.0,44.95,12.85,-3.9,Infosys,954.6,0.27837596512421126,935.5525,916.9939999999999,
2017-11-10,954.6,962.75,950.2,960.6,958.3895104177359,97430,2615,93375890.0,42713.0,43.84,12.55,6.0,Infosys,960.6,0.628535512256434,937.225,917.673,
2017-11-13,960.6,968.9,949.1,951.8,956.5271232219612,1275844,4195,1220379391.0,87315.0,6.84,19.8,-8.8,Infosys,951.8,-0.9160941078492635,938.2199999999999,918.403,
2017-11-14,950.0,954.4,944.0,949.45,949.1657821378792,74616,2138,70822954.0,24126.0,32.33,10.4,-0.55,Infosys,949.45,-0.246900609371703,938.7275,918.99,
2017-11-15,947.0,953.45,945.0,951.95,950.1874281787918,84411,2324,80206271.0,37767.0,44.74,8.45,4.95,Infosys,951.95,0.26331033756386013,939.7524999999999,920.003,
2017-11-16,951.15,995.45,948.85,988.6,971.6125093102878,645791,14864,627458614.0,249904.0,38.7,46.6,37.45,Infosys,988.6,3.849992121434953,942.9599999999998,921.753,
2017-11-17,989.8,989.8,963.0,970.95,972.5967326199608,297180,4320,289036297.0,137476.0,46.26,26.8,-18.85,Infosys,970.95,-1.7853530244790639,945.1524999999999,923.258,
2017-11-20,969.7,970.0,957.35,961.35,962.4427324123624,145571,3764,140103751.0,55725.0,38.28,12.65,-8.35,Infosys,961.35,-0.9887223852927618,946.2375,924.5740000000001,
2017-11-21,961.35,971.55,959.65,966.4,966.934976567249,101994,2772,98621566.0,38166.0,37.42,11.9,5.05,Infosys,966.4,0.5253029593800251,948.2199999999999,926.214,
2017-11-22,965.0,970.85,962.5,966.3,966.4552461219005,81870,2421,79123691.0,35557.0,43.43,8.35,1.3,Infosys,966.3,-0.010347682119205004,949.765,927.9689999999999,
2017-11-23,970.0,994.35,969.85,991.4,985.9628028180751,311986,10468,307606591.0,109387.0,35.06,24.5,21.4,Infosys,991.4,2.5975369967918827,951.96,930.12,
2017-11-24,989.1,1019.2,989.1,1009.95,1009.0901155985824,491269,15386,495734692.0,265270.0,54.0,30.1,20.85,Infosys,1009.95,1.8710913859188993,955.085,932.6479999999999,
2017-11-27,1000.0,1005.0,994.0,997.5,997.5687943591408,172456,4418,172036724.0,58625.0,33.99,11.0,-2.5,Infosys,997.5,-1.232734293776927,957.7275,934.752,
2017-11-28,996.9,1000.15,981.5,984.5,989.1374647224835,153072,4264,151409250.0,58039.0,37.92,18.65,-12.4,Infosys,984.5,-1.3032581453634062,960.8700000000001,936.27,
2017-11-29,989.0,992.0,981.5,983.3,985.5301333668848,63584,1982,62663948.0,23469.0,36.91,10.5,-5.7,Infosys,983.3,-0.12188928390046705,963.7225000000001,937.7669999999999,
2017-11-30,989.0,989.8,967.35,974.95,982.147317710968,128491,3991,126197091.0,53445.0,41.59,22.45,-14.05,Infosys,974.95,-0.8491813281806038,966.325,939.04,
2017-12-01,977.5,983.0,956.45,958.5,965.8247143255296,143520,4871,138615163.0,53084.0,36.99,26.55,-19.0,Infosys,958.5,-1.6872660136417306,967.9175000000001,939.97,
2017-12-04,983.0,996.95,969.65,985.3,985.948844570754,405001,10122,399310268.0,118255.0,29.2,27.3,2.3,Infosys,985.3,2.7960354720917957,970.7524999999999,941.485,
2017-12-05,986.0,1002.6,979.3,984.4,991.3639510246333,309135,6561,306465295.0,82306.0,26.62,23.3,-1.6,Infosys,984.4,-0.0913427382523091,972.1875,943.212,
2017-12-06,984.4,994.0,970.0,990.4,989.3462109015235,142237,3301,140721637.0,41665.0,29.29,24.0,6.0,Infosys,990.4,0.6095083299471726,974.11,945.0870000000001,
2017-12-07,987.5,1002.15,982.4,1000.1,995.5606261716771,219237,4614,218263725.0,76333.0,34.82,19.75,12.6,Infosys,1000.1,0.9794022617124476,976.385,946.96,
2017-12-08,1000.1,1006.85,996.05,1001.55,1002.1130256231694,195292,4765,195704657.0,70802.0,36.25,10.8,1.45,Infosys,1001.55,0.1449855014498569,978.4325000000001,949.0179999999999,
2017-12-11,997.0,1005.0,995.0,1003.5,1000.7580934964968,94057,2445,94128304.0,33845.0,35.98,10.0,6.5,Infosys,1003.5,0.19469821776247898,981.0175000000002,951.174,
2017-12-12,1003.0,1014.0,1000.0,1011.1,1008.771452150334,161161,3541,162574616.0,47548.0,29.5,14.0,8.1,Infosys,1011.1,0.7573492775286628,984.1,953.421,
2017-12-13,1012.0,1018.0,999.0,1003.45,1011.3463340742104,141274,3291,142876942.0,33404.0,23.64,19.0,-8.55,Infosys,1003.45,-0.7566017208980313,986.675,955.4110000000001,
2017-12-14,1005.25,1016.0,1000.05,1012.45,1009.7673577763968,123907,4065,125117244.0,40679.0,32.83,15.95,7.2,Infosys,1012.45,0.8969056754198013,987.8675000000001,957.664,
2017-12-15,1015.0,1026.0,1011.0,1023.45,1018.2476292622836,188338,5155,191774722.0,103645.0,55.03,15.0,8.45,Infosys,1023.45,1.086473406094135,990.4925000000001,960.071,
2017-12-18,1015.0,1029.85,1005.6,1015.35,1021.0020724330363,166471,3819,169967236.0,23831.0,14.32,24.25,0.35,Infosys,1015.35,-0.791440715227909,993.1924999999999,961.9889999999999,
2017-12-19,1015.35,1017.5,1000.0,1004.8,1012.2003854827184,1739637,3273,1760861242.0,1609332.0,92.51,17.5,-10.55,Infosys,1004.8,-1.0390505736938116,995.1125,963.6120000000001,
2017-12-20,1004.8,1015.0,1001.95,1013.3,1009.7255326231692,108144,2333,109195758.0,20094.0,18.58,13.05,8.5,Infosys,1013.3,0.8459394904458684,997.4625,965.1659999999999,
2017-12-21,1013.3,1028.0,998.05,1021.55,1013.0357225532928,302386,7467,306327820.0,98739.0,32.65,29.95,8.25,Infosys,1021.55,0.8141715187999665,998.97,966.985,
2017-12-22,1019.4,1044.2,1016.2,1038.4,1033.6219615462044,312947,8592,323468892.0,145388.0,46.46,28.0,19.0,Infosys,1038.4,1.6494542606823037,1000.3924999999999,969.21,
2017-12-26,1029.8,1040.0,1023.1,1034.35,1030.1621901935187,1024914,9487,1055827651.0,813232.0,79.35,16.9,4.55,Infosys,1034.35,-0.39002311248075294,1002.235,971.2590000000001,
2017-12-27,1029.0,1038.85,1025.1,1034.05,1034.0204580577515,201241,6164,208087311.0,98535.0,48.96,13.75,5.05,Infosys,1034.05,-0.02900372214433844,1004.7125,973.154,
2017-12-28,1031.9,1039.9,1026.1,1034.0,1035.089320917126,168919,5878,174846253.0,85849.0,50.82,13.8,2.1,Infosys,1034.0,-0.004835356123977785,1007.2475000000001,975.205,
2017-12-29,1030.0,1046.1,1030.0,1039.3,1039.5808312894612,183883,5096,191161242.0,83918.0,45.64,16.1,9.3,Infosys,1039.3,0.5125725338491316,1010.4649999999999,977.502,
2018-01-01,1040.0,1043.65,1031.8,1034.55,1038.1028727169628,109339,2943,113505130.0,30310.0,27.72,11.85,-5.45,Infosys,1034.55,-0.4570383912248621,1014.2674999999999,979.6510000000001,
2018-01-02,1037.2,1043.4,1022.95,1029.5,1030.4575185472263,180620,6413,186121237.0,70480.0,39.02,20.45,-7.7,Infosys,1029.5,-0.48813493789570117,1016.4775,981.448,
2018-01-03,1035.0,1035.0,1018.0,1019.1,1022.5510840978015,158934,3961,162518134.0,48806.0,30.71,17.0,-15.9,Infosys,1019.1,-1.010199125789213,1018.2125,983.295,
2018-01-04,1022.0,1022.0,1009.6,1015.3,1013.5585144972856,319784,4220,324119796.0,211434.0,66.12,12.4,-6.7,Infosys,1015.3,-0.37287802963399397,1019.4575000000001,984.8929999999999,
2018-01-05,1015.3,1026.0,1006.25,1012.1,1013.3708059002842,281139,7799,284898055.0,106639.0,37.93,19.75,-3.2,Infosys,1012.1,-0.3151777799665023,1020.0574999999999,986.185,
2018-01-08,1015.0,1038.8,1015.0,1035.65,1029.1405576053628,153944,4743,158430014.0,61435.0,39.91,23.8,20.65,Infosys,1035.65,2.326845173401848,1021.7625,987.949,
2018-01-09,1040.0,1044.5,1029.25,1041.3,1037.4511009954936,262081,7184,271896222.0,88401.0,33.73,15.25,1.3,Infosys,1041.3,0.5455511031719151,1023.6524999999999,989.882,
2018-01-10,1049.9,1055.55,1034.6,1051.6,1048.7875360462756,704303,7624,738664208.0,484894.0,68.85,20.95,1.7,Infosys,1051.6,0.9891481801594049,1025.6775,992.4809999999999,
2018-01-11,1053.0,1083.3,1053.0,1075.6,1077.5949022669683,1315369,8487,1417434929.0,1127996.0,85.76,30.3,22.6,Infosys,1075.6,2.2822365918600207,1029.285,995.4679999999998,
2018-01-12,1089.0,1089.0,1069.55,1078.4,1076.4666123635545,284821,7105,306600297.0,130811.0,45.93,19.45,-10.6,Infosys,1078.4,0.260319821494992,1032.5825,998.578,
2018-01-15,1078.5,1092.05,1065.5,1080.4,1080.471968322948,222748,6806,240672970.0,79419.0,35.65,26.55,1.9,Infosys,1080.4,0.18545994065282123,1035.4299999999998,1001.653,
2018-01-16,1080.0,1134.4,1080.0,1122.9,1115.8363818365146,685309,19627,764692715.0,273743.0,39.94,54.4,42.9,Infosys,1122.9,3.9337282487967418,1040.8075000000001,1005.5390000000001,
2018-01-17,1118.0,1160.0,1118.0,1152.25,1151.8070111706477,814814,19041,938508478.0,477297.0,58.58,42.0,34.25,Infosys,1152.25,2.6137679223439125,1048.18,1009.47,
2018-01-18,1149.0,1164.45,1132.35,1152.75,1149.6729097960504,330817,11175,380331343.0,131742.0,39.82,32.1,3.75,Infosys,1152.75,0.04339336081580214,1055.1525000000001,1013.4860000000001,
2018-01-19,1148.9,1148.9,1136.0,1143.25,1142.428499704337,179258,5194,204789448.0,74200.0,41.39,12.9,-5.65,Infosys,1143.25,-0.8241162437649052,1061.2375,1017.2590000000001,
2018-01-22,1141.7,1155.0,1130.1,1150.3,1144.4058551889332,295157,5671,337779399.0,129944.0,44.03,24.9,8.6,Infosys,1150.3,0.6166630220861613,1066.8325,1021.0529999999999,
2018-01-23,1151.2,1187.0,1151.2,1175.2,1175.137312542604,1032768,11609,1213644212.0,702602.0,68.03,35.8,24.0,Infosys,1175.2,2.1646526992958437,1073.875,1025.521,
2018-01-24,1177.8,1220.0,1167.0,1185.15,1194.3491372978835,531006,14630,634206558.0,160078.0,30.15,53.0,7.35,Infosys,1185.15,0.8466643975493682,1081.4299999999998,1030.235,
2018-01-25,1184.4,1191.5,1160.8,1170.8,1168.958565791915,522853,8983,611193493.0,244859.0,46.83,30.7,-13.6,Infosys,1170.8,-1.2108171961355163,1088.27,1034.612,
2018-01-29,1165.0,1196.2,1165.0,1181.5,1184.0058457932632,219303,9229,259656034.0,89236.0,40.69,31.2,16.5,Infosys,1181.5,0.913905022207051,1095.3799999999999,1038.47,
2018-01-30,1180.5,1183.05,1161.8,1169.7,1169.169279973116,690377,7891,807167580.0,531416.0,76.97,21.25,-10.8,Infosys,1169.7,-0.9987304274227671,1102.1375,1042.445,
2018-01-31,1160.0,1166.0,1143.05,1150.65,1156.2505344632891,182426,8807,210930160.0,74957.0,41.09,22.95,-9.35,Infosys,1150.65,-1.6286227237753192,1108.1950000000002,1046.231,
2018-02-01,1150.0,1158.0,1120.0,1144.5,1141.1795331522046,672082,10221,766966223.0,383189.0,57.02,38.0,-5.5,Infosys,1144.5,-0.5344805110155226,1114.465,1049.793,
2018-02-02,1140.0,1162.45,1130.05,1141.7,1146.009106370993,461545,11585,528934773.0,213390.0,46.23,32.4,1.7,Infosys,1141.7,-0.24464831804280607,1120.785,1053.3010000000002,
2018-02-05,1138.0,1155.0,1135.0,1138.3,1142.9354519806234,262998,5888,300589738.0,143078.0,54.4,20.0,0.3,Infosys,1138.3,-0.29780152404310645,1127.095,1056.239,
2018-02-06,1109.0,1127.9,1098.7,1108.45,1114.7226779268667,218587,6157,243663886.0,74543.0,34.1,29.2,-0.55,Infosys,1108.45,-2.6223315470438324,1130.7350000000001,1058.209,
2018-02-07,1112.1,1125.0,1103.9,1108.75,1114.2457057919105,234793,9824,261617092.0,92813.0,39.53,21.1,-3.35,Infosys,1108.75,0.027064820244482313,1134.1075,1060.4340000000002,
2018-02-08,1120.3,1145.0,1117.05,1134.55,1139.4048193550773,216336,7463,246494281.0,118233.0,54.65,27.95,14.25,Infosys,1134.55,2.326944757609928,1138.255,1063.435,
2018-02-09,1124.9,1124.9,1107.2,1111.8,1113.8842339160633,135912,3335,151390234.0,30772.0,22.64,17.7,-13.1,Infosys,1111.8,-2.005200299678289,1140.065,1066.005,
2018-02-12,1112.0,1120.0,1098.75,1103.8,1106.7205320468643,362750,4957,401462873.0,210100.0,57.92,21.25,-8.2,Infosys,1103.8,-0.7195538765965126,1141.335,1068.582,
2018-02-14,1104.0,1117.4,1091.7,1098.05,1106.4641690252226,192208,3109,212671265.0,130534.0,67.91,25.7,-5.95,Infosys,1098.05,-0.5209277042942606,1142.2175,1071.373,
2018-02-15,1100.1,1129.7,1100.1,1114.15,1119.7306916278856,282999,7929,316882666.0,166411.0,58.8,29.6,14.05,Infosys,1114.15,1.4662355994718101,1141.78,1073.95,
2018-02-16,1121.0,1140.0,1116.05,1124.85,1124.132671263878,563385,6975,633319485.0,329630.0,58.51,23.95,3.85,Infosys,1124.85,0.960373378808943,1140.4099999999999,1076.759,
2018-02-19,1125.2,1135.0,1120.0,1130.0,1124.6302082178415,270582,3551,304304691.0,40212.0,14.86,15.0,4.8,Infosys,1130.0,0.4578388229541819,1139.2724999999998,1079.551,
2018-02-20,1132.0,1147.9,1121.0,1134.7,1139.7852572181253,122989,3296,140181049.0,19992.0,16.26,26.9,2.7,Infosys,1134.7,0.4159292035398332,1138.8449999999998,1082.243,
2018-02-21,1146.0,1151.65,1140.4,1148.7,1147.2165915450248,145098,5921,166458833.0,59232.0,40.82,11.25,2.7,Infosys,1148.7,1.2338062924120985,1138.7649999999999,1085.1860000000001,
2018-02-22,1148.9,1164.0,1140.1,1160.5,1156.326660759264,143323,6091,165728206.0,65516.0,45.71,23.9,11.6,Infosys,1160.5,1.027248193610153,1138.03,1088.326,
2018-02-23,1165.0,1166.0,1147.2,1155.65,1158.0934293606945,121632,5388,140861220.0,38825.0,31.92,18.8,-9.35,Infosys,1155.65,-0.4179233089185663,1136.555,1091.2169999999999,
2018-02-26,1157.0,1157.0,1136.15,1141.05,1144.3413792153658,108917,3769,124638230.0,38670.0,35.5,20.85,-15.95,Infosys,1141.05,-1.263358283217253,1135.0675,1093.969,
2018-02-27,1142.1,1152.8,1125.85,1148.3,1134.2267678962533,347461,4038,394099567.0,61885.0,17.81,26.95,6.2,Infosys,1148.3,0.6353796941413581,1133.4075,1096.6860000000001,
2018-02-28,1148.05,1189.2,1142.35,1174.25,1170.4012446683794,400910,10970,469225563.0,247082.0,61.63,46.85,26.2,Infosys,1174.25,2.259862405294788,1133.635,1099.702,
2018-03-01,1173.45,1173.45,1156.4,1160.25,1161.8947531891292,90150,2568,104744812.0,37613.0,41.72,17.05,-13.2,Infosys,1160.25,-1.1922503725782407,1134.115,1102.6,
2018-03-05,1160.0,1170.1,1144.05,1153.1,1160.1165858732556,764295,3766,886671306.0,233778.0,30.59,26.05,-6.9,Infosys,1153.1,-0.6162464985994487,1134.5449999999998,1105.5659999999998,
2018-03-06,1167.25,1167.25,1129.85,1146.85,1154.7560198360627,117362,5481,135524476.0,69971.0,59.62,37.4,-20.4,Infosys,1146.85,-0.5420171711039812,1134.8025,1108.237,
2018-03-07,1151.3,1160.0,1138.2,1142.8,1145.692423303582,151702,2775,173803832.0,42790.0,28.21,21.8,-8.5,Infosys,1142.8,-0.3531412128874756,1135.0275,1110.662,
2018-03-08,1144.0,1165.0,1144.0,1156.7,1159.4531794802642,207644,5304,240753496.0,108829.0,52.41,21.0,12.7,Infosys,1156.7,1.2163108155407887,1137.44,1113.0279999999998,
2018-03-09,1160.2,1166.0,1156.5,1163.4,1163.1381229305211,107817,2967,125406063.0,47243.0,43.82,9.5,3.2,Infosys,1163.4,0.5792340278378161,1140.1725,1115.609,
2018-03-12,1170.3,1191.85,1170.3,1185.85,1187.0995022480413,373881,7354,443833949.0,231474.0,61.91,21.55,15.55,Infosys,1185.85,1.929688843046229,1142.7375,1118.645,
2018-03-13,1176.2,1195.5,1175.0,1180.55,1185.7689634296732,89198,2740,105768220.0,23426.0,26.26,20.5,4.35,Infosys,1180.55,-0.4469367963907733,1146.175,1121.576,
2018-03-14,1179.0,1189.0,1169.45,1180.2,1179.5952259873945,64893,1815,76547473.0,12289.0,18.94,19.55,1.2,Infosys,1180.2,-0.02964719833974394,1149.9950000000001,1124.394,
2018-03-15,1180.0,1187.9,1172.25,1182.15,1176.7942757762028,459416,2521,540638119.0,34397.0,7.49,15.65,2.15,Infosys,1182.15,0.1652262328418974,1154.2,1127.346,
2018-03-16,1184.8,1185.0,1169.0,1172.5,1174.9544994761748,55362,1670,65047831.0,12588.0,22.74,16.0,-12.3,Infosys,1172.5,-0.8163092670135041,1157.1174999999998,1130.206,
2018-03-19,1164.7,1180.0,1143.8,1147.15,1162.400582116683,277264,3313,322291835.0,194987.0,70.33,36.2,-17.55,Infosys,1147.15,-2.1620469083155625,1158.2325,1132.767,
2018-03-20,1147.15,1170.0,1147.15,1162.1,1158.0635401038785,692539,7440,802004166.0,421000.0,60.79,22.85,14.95,Infosys,1162.1,1.3032297432767903,1159.8375,1135.703,
2018-03-21,1163.1,1176.6,1163.1,1168.6,1172.218381313274,88405,2275,103629966.0,32881.0,37.19,13.5,5.5,Infosys,1168.6,0.5593322433525616,1161.5325,1138.8329999999999,
2018-03-22,1166.9,1176.05,1153.6,1158.8,1167.6023438588113,251295,2933,293412631.0,175841.0,69.97,22.45,-8.1,Infosys,1158.8,-0.838610302926579,1162.0375,1141.296,
2018-03-23,1145.0,1173.7,1140.0,1167.45,1165.9359843049983,341510,9329,398178798.0,175792.0,51.47,33.7,22.45,Infosys,1167.45,0.74646185709355,1162.385,1143.819,
2018-03-26,1167.0,1167.0,1143.9,1154.3,1152.3982424859907,196300,5327,226215775.0,79831.0,40.67,23.1,-12.7,Infosys,1154.3,-1.1263865690179564,1162.3174999999999,1145.873,
2018-03-27,1145.0,1170.0,1145.0,1152.8,1155.0209057015547,109970,2388,127017649.0,33813.0,30.75,25.0,7.8,Infosys,1152.8,-0.12994888677120287,1162.905,1147.4170000000001,
2018-03-28,1153.0,1153.0,1129.0,1134.4,1140.2683818536973,95733,2623,109161313.0,25845.0,27.0,24.0,-18.6,Infosys,1134.4,-1.5961138098542604,1162.21,1148.537,
2018-04-02,1135.5,1148.95,1122.0,1137.5,1134.9480442784156,72812,2387,82637837.0,14965.0,20.55,26.95,2.0,Infosys,1137.5,0.2732722143864441,1160.3725,1149.6789999999999,
2018-04-03,1136.8,1145.0,1129.6,1140.05,1135.326760765722,55686,3307,63221806.0,22976.0,41.26,15.4,3.25,Infosys,1140.05,0.22417582417582071,1159.3625,1150.022,
2018-04-04,1140.5,1145.0,1120.0,1124.55,1130.3281886510988,174290,3027,197004900.0,110266.0,63.27,25.0,-15.95,Infosys,1124.55,-1.3595894916889617,1157.935,1149.468,
2018-04-05,1134.05,1150.4,1129.95,1145.0,1141.4200139591694,57310,1822,65414781.0,17301.0,30.19,20.45,10.95,Infosys,1145.0,1.8185051798497165,1157.8425,1149.313,
2018-04-06,1140.0,1145.7,1123.65,1129.3,1130.299233600054,88857,3167,100434999.0,31335.0,35.26,22.05,-10.7,Infosys,1129.3,-1.371179039301318,1157.1675,1149.0339999999999,
2018-04-09,1129.9,1129.9,1106.8,1110.95,1114.676297124009,167351,7851,186542193.0,76021.0,45.43,23.1,-18.95,Infosys,1110.95,-1.624900380766836,1154.8799999999999,1148.247,
2018-04-10,1127.0,1127.0,1105.55,1114.15,1115.4115463378107,221698,4287,247284509.0,157266.0,70.94,21.45,-12.85,Infosys,1114.15,0.2880417660560797,1152.4175,1147.0259999999998,
2018-04-11,1118.0,1131.75,1117.7,1123.9,1122.297643123376,340196,3443,381801169.0,78970.0,23.21,14.05,5.9,Infosys,1123.9,0.8751065834941452,1149.32,1145.801,
2018-04-12,1132.9,1172.0,1128.3,1162.25,1156.2910209276017,282880,7302,327091604.0,85210.0,30.12,43.7,29.35,Infosys,1162.25,3.4122252869472236,1148.405,1145.63,
2018-04-13,1174.5,1184.0,1150.2,1169.0,1170.746876791414,294809,8181,345146716.0,48975.0,16.61,33.8,-5.5,Infosys,1169.0,0.5807700580769959,1147.8449999999998,1145.38,
2018-04-16,1099.3,1140.0,1099.0,1132.8,1124.8873111458515,531561,12748,597946224.0,66320.0,12.48,41.0,33.5,Infosys,1132.8,-3.0966638152266968,1145.3775,1144.642,
2018-04-17,1131.95,1131.95,1115.35,1125.0,1121.6586451178791,157534,4613,176699373.0,52294.0,33.2,16.6,-6.95,Infosys,1125.0,-0.6885593220338992,1143.0025,1144.1290000000001,SELL
2018-04-18,1124.0,1134.0,1113.7,1125.45,1124.269046023941,158222,4070,177884097.0,29403.0,18.58,20.3,1.45,Infosys,1125.45,0.039999999999995595,1141.9175,1143.748,
2018-04-19,1124.0,1139.0,1124.0,1132.7,1132.2271101752979,119682,2417,135507205.0,42168.0,35.23,15.0,8.7,Infosys,1132.7,0.6441867697365433,1140.4475,1143.568,
2018-04-20,1138.5,1191.8,1134.9,1178.25,1172.481591878765,562279,13115,659261777.0,232365.0,41.33,56.9,39.75,Infosys,1178.25,4.021364880374323,1140.9299999999998,1144.3670000000002,
2018-04-23,1166.0,1212.4,1155.0,1183.35,1192.219444990764,518622,9393,618311233.0,163936.0,31.61,57.4,17.35,Infosys,1183.35,0.43284532145129173,1142.1575,1145.865,
2018-04-24,1185.0,1196.0,1150.0,1153.9,1168.528049471244,171251,4595,200111597.0,45767.0,26.73,46.0,-31.1,Infosys,1153.9,-2.4886973422909353,1141.48,1146.768,
2018-04-25,1154.0,1171.3,1145.2,1160.9,1161.4011976294175,243147,4957,282391217.0,100854.0,41.48,26.1,6.9,Infosys,1160.9,0.6066383568766875,1141.81,1147.295,
2018-04-26,1165.0,1182.0,1160.0,1175.65,1171.745048671792,148546,4492,174058040.0,70124.0,47.21,22.0,10.65,Infosys,1175.65,1.270565940218793,1142.9525,1148.572,
2018-04-27,1180.0,1191.7,1175.0,1185.15,1184.4084093486686,143721,3269,170224361.0,45949.0,31.97,16.7,5.15,Infosys,1185.15,0.8080636243779971,1145.49,1150.1989999999998,
2018-04-30,1188.0,1207.95,1185.0,1199.4,1199.8439581424957,128818,4823,154561499.0,67901.0,52.71,22.95,11.4,Infosys,1199.4,1.2023794456397896,1148.585,1152.226,
2018-05-02,1200.0,1204.0,1180.4,1197.8,1191.652068637598,261839,6994,312020986.0,114909.0,43.89,23.6,-2.2,Infosys,1197.8,-0.13340003335001738,1151.4725,1153.899,
2018-05-03,1198.0,1204.65,1175.0,1181.85,1195.5182496516384,88988,2903,106386778.0,30425.0,34.19,29.65,-16.15,Infosys,1181.85,-1.3316079479045007,1154.3375,1155.039,
2018-05-04,1190.0,1196.0,1156.8,1172.9,1166.6346774118151,106963,4179,124786745.0,27631.0,25.83,39.2,-17.1,Infosys,1172.9,-0.7572873038033445,1155.7325,1155.897,
2018-05-07,1177.1,1190.2,1176.8,1183.35,1182.2827918693536,92096,3195,108883516.0,29976.0,32.55,13.4,6.25,Infosys,1183.35,0.8909540455281695,1158.435,1156.87,BUY
2018-05-08,1176.55,1180.0,1162.0,1165.35,1167.026987422784,193127,3345,225384421.0,74219.0,38.43,18.0,-11.2,Infosys,1165.35,-1.5211053365445593,1161.1550000000002,1157.203,
2018-05-09,1170.0,1176.45,1163.3,1171.25,1170.5432293722859,124117,2801,145284314.0,39279.0,31.65,13.15,1.25,Infosys,1171.25,0.5062856652507941,1164.01,1157.4180000000001,
2018-05-10,1165.0,1183.0,1163.1,1167.55,1172.7545336125868,78304,2069,91831371.0,28396.0,36.26,19.9,2.55,Infosys,1167.55,-0.3159018143009673,1166.1925,1157.656,
2018-05-11,1170.5,1189.0,1166.35,1181.0,1174.573356750252,61494,3214,72229214.0,26667.0,43.37,22.65,10.5,Infosys,1181.0,1.1519849256991233,1167.13,1158.455,
2018-05-14,1175.0,1194.7,1170.05,1189.6,1183.658480965266,58761,2380,69552956.0,21832.0,37.15,24.65,14.6,Infosys,1189.6,0.7281964436917754,1168.16,1159.281,
2018-05-15,1189.3,1207.75,1186.8,1192.55,1196.1655668015203,204419,26606,244518969.0,97214.0,47.56,20.95,3.25,Infosys,1192.55,0.2479825151311399,1171.1474999999998,1159.647,
2018-05-16,1192.55,1197.5,1185.0,1190.05,1191.588677007299,109600,2970,130598119.0,57189.0,52.18,12.5,-2.5,Infosys,1190.05,-0.20963481615026147,1174.4,1160.243,
2018-05-17,1198.9,1198.9,1175.0,1184.95,1186.9215819831309,69002,2203,81899963.0,20465.0,29.66,23.9,-13.95,Infosys,1184.95,-0.42855342212511083,1177.375,1160.88,
2018-05-18,1186.0,1187.55,1173.05,1183.75,1180.9458383114295,52731,1495,62272455.0,23499.0,44.56,14.5,-2.25,Infosys,1183.75,-0.10127009578463353,1179.9275,1161.618,
2018-05-21,1180.0,1188.0,1170.3,1182.6,1182.1369745393833,83855,2574,99128096.0,29895.0,35.65,17.7,2.6,Infosys,1182.6,-0.09714889123548787,1180.145,1162.414,
2018-05-22,1175.6,1197.95,1174.55,1193.55,1187.2817695502943,97019,2773,115188890.0,33107.0,34.12,23.4,17.95,Infosys,1193.55,0.92592592592593,1180.655,1163.151,
2018-05-23,1196.8,1206.7,1180.9,1185.25,1197.176625440343,104464,3222,125061859.0,34187.0,32.73,25.8,-11.55,Infosys,1185.25,-0.6954044656696357,1182.2225,1163.588,
2018-05-24,1192.45,1227.6,1192.45,1221.85,1217.422842183348,254783,8355,310178644.0,99353.0,39.0,35.15,29.4,Infosys,1221.85,3.0879561273992717,1185.27,1164.308,
2018-05-25,1223.0,1248.0,1221.35,1228.8,1238.9471297110997,205711,7153,254865053.0,71861.0,34.93,26.65,5.8,Infosys,1228.8,0.5688095920121095,1187.9275000000002,1165.2730000000001,
2018-05-28,1228.3,1232.95,1206.1,1214.5,1219.9480554985987,190203,4148,232037780.0,103588.0,54.46,26.85,-13.8,Infosys,1214.5,-1.163736979166663,1189.395,1165.959,
2018-05-29,1220.0,1225.55,1207.0,1216.65,1215.1037660324653,58709,1347,71337527.0,22384.0,38.13,18.55,-3.35,Infosys,1216.65,0.17702758336763935,1190.2575,1166.6490000000001,
2018-05-30,1216.7,1229.0,1207.0,1214.1,1214.455906282238,376108,2330,456766582.0,248437.0,66.05,22.0,-2.6,Infosys,1214.1,-0.2095919122179879,1191.0725,1167.481,
2018-05-31,1217.0,1240.0,1210.45,1231.9,1227.2011128096544,105319,2739,129247594.0,31429.0,29.84,29.55,14.9,Infosys,1231.9,1.466106581006521,1193.575,1169.1760000000002,
2018-06-01,1231.9,1245.15,1217.9,1220.25,1226.1386633730476,132782,3182,162809144.0,74750.0,56.3,27.25,-11.65,Infosys,1220.25,-0.945693643964618,1195.9424999999999,1170.3390000000002,
2018-06-04,1220.0,1243.35,1212.75,1239.6,1234.3305214551187,88790,2319,109596207.0,33659.0,37.91,30.6,19.6,Infosys,1239.6,1.5857406269206953,1198.755,1171.759,
2018-06-05,1225.1,1241.0,1217.0,1221.2,1227.3650665502944,45830,1638,56250141.0,11760.0,25.66,24.0,-3.9,Infosys,1221.2,-1.484349790254913,1201.5475,1173.007,
2018-06-06,1221.2,1240.6,1220.1,1235.6,1233.2221137056438,67578,2373,83338684.0,18980.0,28.09,20.5,14.4,Infosys,1235.6,1.1791680314444664,1204.7649999999999,1174.37,
2018-06-07,1238.0,1257.0,1237.0,1250.8,1250.9313380169551,157001,5088,196397471.0,45891.0,29.23,20.0,12.8,Infosys,1250.8,1.2301715765620003,1208.9275,1176.3,
2018-06-08,1249.9,1262.45,1245.15,1259.75,1259.2677297160792,415785,3948,523584633.0,351912.0,84.64,17.3,9.85,Infosys,1259.75,0.7155420530860379,1212.865,1178.4389999999999,
2018-06-11,1259.75,1270.0,1256.0,1263.05,1262.1443372477115,68721,1892,86735821.0,19946.0,29.02,14.0,3.3,Infosys,1263.05,0.26195673744791037,1216.5375,1181.0120000000002,
2018-06-12,1265.0,1270.85,1250.9,1258.4,1259.8691217404044,109216,4314,137597866.0,37078.0,33.95,19.95,-6.6,Infosys,1258.4,-0.36815644669647707,1219.8300000000002,1183.43,
2018-06-13,1265.0,1284.0,1261.0,1276.1,1276.4777648861452,112907,4148,144123275.0,49839.0,44.14,23.0,11.1,Infosys,1276.1,1.406547997457075,1224.1325,1186.151,
2018-06-14,1259.0,1259.0,1234.05,1238.7,1243.796084349417,149758,7717,186268414.0,59766.0,39.91,24.95,-20.3,Infosys,1238.7,-2.930804795862385,1226.8200000000002,1188.434,
2018-06-15,1238.7,1290.0,1237.0,1280.45,1269.0595575139241,194266,6833,246535124.0,80259.0,41.31,53.0,41.75,Infosys,1280.45,3.3704690401227033,1231.6550000000002,1191.1429999999998,
2018-06-18,1285.0,1290.5,1262.3,1266.5,1272.9651224238153,90832,2918,115625968.0,27662.0,30.45,28.2,-18.5,Infosys,1266.5,-1.0894607364598463,1235.85,1193.887,
2018-06-19,1266.0,1266.0,1236.0,1244.05,1246.0351035960944,104975,3251,130802535.0,31936.0,30.42,30.0,-21.95,Infosys,1244.05,-1.7726016581129156,1238.375,1196.549,
2018-06-20,1245.0,1252.45,1239.1,1243.35,1246.3193774262597,55126,2076,68704602.0,18899.0,34.28,13.35,-1.65,Infosys,1243.35,-0.056267834894097035,1241.28,1199.133,
2018-06-21,1250.0,1255.8,1237.45,1246.35,1247.4209176628397,50694,1772,63236756.0,19682.0,38.83,18.35,-3.65,Infosys,1246.35,0.24128362890578625,1242.505,1201.5819999999999,
2018-06-22,1245.5,1254.0,1241.8,1246.45,1248.798627874476,39355,1338,49146470.0,12807.0,32.54,12.2,0.95,Infosys,1246.45,0.008023428410974809,1243.3875,1203.266,
2018-06-25,1250.0,1278.95,1250.0,1272.3,1271.7416146847038,145403,6131,184915046.0,73993.0,50.89,28.95,22.3,Infosys,1272.3,2.073889847165944,1246.2775,1205.3319999999999,
2018-06-26,1269.9,1283.8,1260.0,1277.85,1278.1949239501748,76989,2807,98406949.0,33739.0,43.82,23.8,7.95,Infosys,1277.85,0.4362178731431188,1249.3375,1208.233,
2018-06-27,1281.15,1293.9,1264.3,1269.2,1281.287577670627,100585,3513,128878311.0,39082.0,38.85,29.6,-11.95,Infosys,1269.2,-0.6769182611417457,1252.0925,1211.117,
2018-06-28,1269.2,1298.2,1269.2,1288.85,1290.7509406715885,98334,3579,126924703.0,29000.0,29.49,29.0,19.65,Infosys,1288.85,1.5482193507721398,1254.94,1214.385,
2018-06-29,1295.2,1313.45,1284.0,1306.75,1297.9610615142087,118623,5715,153968035.0,43961.0,37.06,29.45,11.55,Infosys,1306.75,1.3888350079528378,1259.2649999999999,1217.866,
2018-07-02,1313.9,1341.8,1313.9,1334.45,1325.234574331754,120951,4919,160288447.0,37593.0,31.08,27.9,20.55,Infosys,1334.45,2.1197627702314925,1264.0075,1220.99,
2018-07-03,1340.0,1358.0,1333.3,1353.65,1346.7310929876937,137330,4698,184946581.0,52889.0,38.51,24.7,13.65,Infosys,1353.65,1.4387950091798052,1270.63,1224.396,
2018-07-04,1353.0,1354.95,1339.7,1344.6,1345.3576104746317,65988,2287,88777458.0,18113.0,27.45,15.25,-8.4,Infosys,1344.6,-0.6685627747202161,1276.08,1228.21,
2018-07-05,1349.8,1350.0,1268.85,1284.5,1287.5221062438084,457269,15352,588743946.0,200665.0,43.88,81.15,-65.3,Infosys,1284.5,-4.469730774951652,1277.7649999999999,1230.682,
2018-07-06,1280.0,1301.35,1269.5,1284.5,1281.9876707027147,198957,6373,255060421.0,44166.0,22.2,31.85,4.5,Infosys,1284.5,0.0,1279.0025,1232.8590000000002,
2018-07-09,1292.55,1303.0,1279.5,1299.15,1294.259863899744,148420,4028,192094049.0,44403.0,29.92,23.5,6.6,Infosys,1299.15,1.140521603736877,1280.8075000000001,1235.139,
2018-07-10,1305.2,1315.5,1295.0,1302.5,1305.3336696422696,136779,6252,178542234.0,47688.0,34.87,20.5,-2.7,Infosys,1302.5,0.257860909055907,1283.0125,1237.201,
2018-07-11,1310.0,1341.9,1293.0,1320.35,1317.3685795756544,299143,8928,394081589.0,55946.0,18.7,48.9,10.35,Infosys,1320.35,1.370441458733196,1285.225,1239.652,
2018-07-12,1324.0,1326.7,1284.6,1294.6,1300.768454335155,494965,14793,643834858.0,184262.0,37.23,42.1,-29.4,Infosys,1294.6,-1.950240466542963,1288.02,1241.907,
2018-07-13,1310.0,1331.35,1300.15,1309.1,1310.360844191256,1105721,13084,1448893503.0,112035.0,10.13,31.2,-0.9,Infosys,1309.1,1.120037077089453,1289.4524999999999,1244.631,
2018-07-16,1325.0,1384.4,1288.35,1333.05,1345.631129283919,959431,29572,1291040220.0,178388.0,18.59,96.05,8.05,Infosys,1333.05,1.8295011840195663,1292.78,1247.625,
2018-07-17,1332.7,1348.8,1313.5,1327.4,1333.14863255793,266227,7887,354920161.0,70379.0,26.44,35.3,-5.3,Infosys,1327.4,-0.423840066014014,1296.9475,1250.866,
2018-07-18,1340.0,1343.2,1314.35,1322.4,1323.6359540583421,184669,5154,244434528.0,61494.0,33.3,28.85,-17.6,Infosys,1322.4,-0.37667620913063304,1300.9,1253.889,
2018-07-19,1322.4,1330.3,1310.85,1316.55,1318.6318771201763,116146,4704,153153818.0,39532.0,34.04,19.45,-5.85,Infosys,1316.55,-0.442377495462809,1304.4099999999999,1256.8690000000001,
2018-07-20,1321.05,1367.05,1321.05,1348.35,1352.0974048561575,816448,8815,1103917222.0,92523.0,11.33,46.0,27.3,Infosys,1348.35,2.4154038965477964,1309.505,1260.2160000000001,
2018-07-23,1350.1,1368.05,1336.7,1355.75,1351.346730119742,130280,3960,176053452.0,28699.0,22.03,31.35,5.65,Infosys,1355.75,0.548818926836514,1313.6775,1263.539,
2018-07-24,1362.0,1379.8,1356.5,1376.0,1368.7590582264204,113488,4283,155337728.0,32699.0,28.81,23.3,14.0,Infosys,1376.0,1.4936382076341514,1318.585,1267.208,
2018-07-25,1380.0,1392.1,1366.1,1383.7,1382.509856975186,192554,6957,266207803.0,59462.0,30.88,26.0,3.7,Infosys,1383.7,0.5595930232558111,1324.31,1271.081,
2018-07-26,1380.0,1389.7,1369.0,1375.2,1384.2037805661905,894575,3795,1238274097.0,825824.0,92.31,20.7,-4.8,Infosys,1375.2,-0.6142950061429509,1328.6275,1274.886,
2018-07-27,1380.0,1388.3,1370.0,1374.55,1377.446776807035,1266384,3332,1744376559.0,1202236.0,94.93,18.3,-5.45,Infosys,1374.55,-0.04726585223968627,1332.0175000000002,1278.702,
2018-07-30,1385.0,1385.0,1350.0,1353.15,1357.53158905648,1592102,3836,2161328758.0,1530021.0,96.1,35.0,-31.85,Infosys,1353.15,-1.5568731584882256,1332.9524999999999,1282.113,
2018-07-31,1350.0,1370.05,1335.0,1365.0,1348.844537266265,2863072,11533,3861839027.0,2584785.0,90.28,35.05,15.0,Infosys,1365.0,0.8757343975168919,1333.52,1285.542,
2015-01-01,1277.175,1281.75,1271.0,1274.1,1274.456367657065,17636,3142,44952625.0,5729.0,32.48,21.5,-6.15,TCS,2548.2,,,,
2015-01-02,1273.625,1294.5,1273.625,1285.425,1284.638575235428,88562,5697,227540323.0,69280.0,78.23,41.75,23.6,TCS,2570.85,0.8888627266305571,,,
2015-01-05,1296.5,1299.525,1263.5,1268.95,1280.591778026665,65179,8523,166935383.0,17856.0,27.4,72.05,-55.1,TCS,2537.9,-1.2816772662737952,,,
2015-01-06,1263.5,1263.5,1220.025,1223.275,1234.8240225678903,88267,14486,217988424.0,35843.0,40.61,86.95,-80.45,TCS,2446.55,-3.5994326017573575,,,
2015-01-07,1230.25,1239.5,1203.7,1208.4,1213.0263341447098,140502,9614,340865252.0,89487.0,63.69,71.6,-43.7,TCS,2416.8,-1.2159980380535895,,,
2015-01-08,1222.5,1225.0,1211.525,1221.925,1218.215974307324,52622,6962,128209922.0,23569.0,44.79,26.95,-1.15,TCS,2443.85,1.1192485931810436,,,
2015-01-09,1225.0,1259.0,1225.0,1256.1,1245.5204657727595,96356,13024,240026740.0,32332.0,33.55,68.0,62.2,TCS,2512.2,2.7968164985576083,,,
2015-01-12,1260.0,1264.5,1240.425,1256.025,1249.529569767622,64593,8315,161421727.0,25612.0,39.65,48.15,-7.95,TCS,2512.05,-0.005970862192483661,,,
2015-01-13,1257.65,1265.0,1240.125,1249.15,1254.1223497394567,47401,9097,118893307.0,15750.0,33.23,49.75,-17.0,TCS,2498.3,-0.54736171652634,,,
2015-01-14,1251.775,1265.4,1251.5,1259.075,1258.166492401216,41125,5398,103484194.0,8134.0,19.78,27.8,14.6,TCS,2518.15,0.7945402873954288,,,
2015-01-15,1260.975,1291.75,1260.975,1272.5,1269.0101824824826,948639,17164,2407665101.0,833699.0,87.88,61.55,23.05,TCS,2545.0,1.066258959950761,,,
2015-01-16,1270.0,1272.5,1242.0,1265.95,1256.2331361300999,183736,19674,461630503.0,35040.0,19.07,61.0,-8.1,TCS,2531.9,-0.514734774066794,,,
2015-01-19,1265.95,1276.35,1251.45,1254.875,1258.39368703542,46951,5977,118165684.0,13326.0,28.38,49.8,-22.15,TCS,2509.75,-0.8748370788735804,,,
2015-01-20,1263.45,1264.825,1241.625,1249.775,1249.0500987769417,90102,8370,225083824.0,43542.0,48.33,46.4,-27.35,TCS,2499.55,-0.4064149815718676,,,
2015-01-21,1258.0,1259.5,1245.05,1255.675,1253.5437091367694,60262,8242,151082102.0,17482.0,29.01,28.9,-4.65,TCS,2511.35,0.47208497529553917,,,
2015-01-22,1255.95,1260.4,1247.5,1256.375,1254.197833678926,54978,7811,137906577.0,22640.0,41.18,25.8,0.85,TCS,2512.75,0.05574690903298318,,,
2015-01-23,1252.5,1265.0,1247.55,1250.85,1253.7063745639184,57902,7390,145184213.0,21380.0,36.92,34.9,-3.3,TCS,2501.7,-0.4397572380857695,,,
2015-01-27,1259.95,1259.95,1245.05,1251.4,1250.8855380134887,52192,6186,130572436.0,31702.0,60.74,29.8,-17.1,TCS,2502.8,0.043970100331791606,,,
2015-01-28,1251.5,1271.525,1250.675,1267.35,1264.2363603544852,85871,8643,217122481.0,39884.0,46.45,41.7,31.7,TCS,2534.7,1.274572478823699,,,
2015-01-29,1267.5,1279.2,1256.05,1270.675,1263.8904650150462,52837,5456,133560361.0,22340.0,42.28,46.3,6.35,TCS,2541.35,0.2623584645125687,1254.8925,,
2015-01-30,1272.5,1287.475,1235.075,1240.5,1250.3340463209838,150774,28596,377035731.0,59750.0,39.63,104.8,-64.0,TCS,2481.0,-2.374722096523496,1253.2125,,
2015-02-02,1241.05,1260.0,1232.25,1256.4,1249.9509695944619,50846,6365,127110014.0,11125.0,21.88,55.5,30.7,TCS,2512.8,1.2817412333736566,1251.76125,,
2015-02-03,1250.5,1280.0,1250.5,1277.4,1268.2182042697984,91105,9055,231082039.0,28073.0,30.81,59.0,53.8,TCS,2554.8,1.6714422158548237,1252.1837500000001,,
2015-02-04,1282.5,1284.825,1251.725,1257.0,1260.9319044360107,48219,8618,121601751.0,15341.0,31.82,66.2,-51.0,TCS,2514.0,-1.5969938938468875,1253.8700000000001,,
2015-02-05,1257.5,1295.0,1257.5,1275.95,1286.390935088947,231486,13579,595562984.0,145349.0,62.79,75.0,36.9,TCS,2551.9,1.507557677008764,1257.2475,,
2015-02-06,1276.0,1296.0,1275.95,1288.0,1289.42264370425,70492,10083,181787962.0,20751.0,29.44,40.1,24.0,TCS,2576.0,0.9443943728202564,1260.55125,,
2015-02-09,1287.5,1287.5,1250.5,1257.575,1266.1171921527412,57090,6706,144565261.0,18628.0,32.63,74.0,-59.85,TCS,2515.15,-2.3621894409937894,1260.625,,
2015-02-10,1252.5,1262.1,1218.0,1221.475,1235.8349161293722,151841,18371,375300819.0,68694.0,45.24,88.2,-62.05,TCS,2442.95,-2.8706041389181647,1258.8975,,
2015-02-11,1230.0,1243.8,1224.0,1230.075,1234.4889914836397,55775,10725,137707247.0,17272.0,30.97,39.6,0.15,TCS,2460.15,0.7040668044782095,1257.94375,,
2015-02-12,1239.5,1239.5,1224.0,1231.4,1231.2002525542418,43555,9615,107249854.0,15837.0,36.36,31.0,-16.2,TCS,2462.8,0.10771700912546311,1256.56,,
2015-02-13,1235.0,1273.375,1230.875,1269.325,1256.369701178048,104410,13897,262355121.0,34785.0,33.32,85.0,68.65,TCS,2538.65,3.079827838232907,1256.4012500000001,,
2015-02-16,1275.0,1296.725,1275.0,1292.625,1288.5894755224401,85895,10849,221366786.0,31248.0,36.38,43.45,35.25,TCS,2585.25,1.8356212947826522,1257.7350000000001,,
2015-02-18,1293.5,1320.0,1282.775,1316.95,1301.0795994488265,126276,12362,328590255.0,49235.0,38.99,74.45,46.9,TCS,2633.9,1.881829610289154,1260.8387500000001,,
2015-02-19,1324.0,1342.5,1317.5,1339.85,1330.0392161760483,80069,10705,212989820.0,25060.0,31.3,50.0,31.7,TCS,2679.7,1.7388663199058296,1265.3425,,
2015-02-20,1340.05,1347.475,1321.925,1337.425,1335.443889470014,57360,7793,153202123.0,16728.0,29.16,51.1,-5.25,TCS,2674.85,-0.1809904093741821,1269.4299999999998,,
2015-02-23,1336.95,1359.95,1335.775,1347.525,1350.471255782575,62256,10329,168149877.0,17349.0,27.87,48.35,21.15,TCS,2695.05,0.7551825336000295,1273.9875,,
2015-02-24,1348.75,1363.5,1340.8,1353.575,1355.8871430224633,77771,9209,210897398.0,23053.0,29.64,45.4,9.65,TCS,2707.15,0.44897126212870564,1279.1237500000002,,
2015-02-25,1354.0,1361.475,1334.0,1335.65,1345.9790178177648,45348,6541,122074913.0,11232.0,24.77,54.95,-36.7,TCS,2671.3,-1.324270912213954,1283.3362499999998,,
2015-02-26,1337.5,1347.1,1313.15,1328.175,1331.797657399674,50286,7859,133941554.0,14274.0,28.39,67.9,-18.65,TCS,2656.35,-0.5596526036012572,1286.3775,,
2015-02-27,1326.5,1335.45,1309.125,1331.875,1322.4603979107965,58204,8298,153944970.0,11806.0,20.28,52.65,10.75,TCS,2663.75,0.2785777476612683,1289.4375000000002,,
2015-02-28,1333.0,1344.95,1323.1,1337.65,1333.5420108455764,63436,9209,169189142.0,10645.0,16.78,43.7,9.3,TCS,2675.3,0.43359924917880655,1294.295,,
2015-03-02,1337.55,1353.5,1326.625,1335.075,1333.4035879882504,41193,7179,109853788.0,13391.0,32.51,53.75,-4.95,TCS,2670.15,-0.1925017755018188,1298.22875,,
2015-03-03,1335.0,1395.0,1335.0,1387.35,1374.1187913519589,117437,14958,322744777.0,33674.0,28.67,120.0,104.7,TCS,2774.7,3.915510364586239,1303.72625,,
2015-03-04,1387.5,1405.0,1358.975,1371.7,1380.4980820630963,89419,11904,246885516.0,24299.0,27.17,92.05,-31.6,TCS,2743.4,-1.128049879266213,1309.4612499999998,,
2015-03-05,1374.0,1384.075,1343.0,1348.175,1355.5100050121448,77811,11228,210947178.0,14285.0,18.36,82.15,-51.65,TCS,2696.35,-1.7150251512721537,1313.0725,,
2015-03-09,1320.0,1340.125,1305.9,1321.575,1323.8423354843244,85387,11852,226077851.0,24205.0,28.35,68.45,3.15,TCS,2643.15,-1.9730376249374126,1314.7512499999998,,
2015-03-10,1321.625,1337.3,1297.675,1321.4,1316.6862954811904,97238,15666,256063884.0,30615.0,31.48,79.25,-0.45,TCS,2642.8,-0.01324177591131015,1317.9425,,
2015-03-11,1319.775,1330.675,1300.5,1304.675,1313.465928694652,79994,12671,210138787.0,24125.0,30.16,60.35,-30.2,TCS,2609.35,-1.2657030422279503,1322.1025,,
2015-03-12,1308.0,1312.4,1295.5,1309.5,1304.5576505463443,58022,8099,151386088.0,14462.0,24.93,33.8,3.0,TCS,2619.0,0.3698239025044625,1326.07375,,
2015-03-13,1312.5,1319.3,1286.075,1290.525,1298.4942513274336,70625,16692,183412313.0,27875.0,39.47,66.45,-43.95,TCS,2581.05,-1.4490263459335573,1329.0300000000002,1284.2845,
2015-03-16,1291.0,1304.975,1278.25,1282.675,1291.6964109846317,43661,6399,112793514.0,11387.0,26.08,53.45,-16.65,TCS,2565.35,-0.6082795761415016,1329.6975,1284.4560000000001,
2015-03-17,1290.1,1302.75,1278.975,1290.45,1290.3683401954158,48819,6855,125988984.0,8331.0,17.07,47.55,0.7,TCS,2580.9,0.6061551055411618,1329.5887500000001,1284.5565,
2015-03-18,1295.0,1299.45,1277.25,1280.35,1282.1425020803224,45666,6440,117100639.0,11554.0,25.3,44.4,-29.3,TCS,2560.7,-0.7826727110697873,1327.75875,1284.7845000000002,
2015-03-19,1292.5,1303.0,1284.6,1297.2,1297.9531895899238,51527,13546,133759268.0,21164.0,41.07,36.8,9.4,TCS,2594.4,1.316046393564263,1325.62625,1286.263,
2015-03-20,1300.0,1308.375,1294.65,1304.825,1304.2894718599284,100977,8085,263406476.0,66207.0,65.57,27.45,9.65,TCS,2609.65,0.5878045020043077,1323.9962500000001,1288.1915,
2015-03-23,1305.5,1315.375,1303.5,1305.275,1307.9282224094356,35610,4913,93150648.0,10569.0,29.68,23.75,-0.45,TCS,2610.55,0.034487383365577884,1321.88375,1289.8585,
2015-03-24,1310.975,1318.0,1291.025,1296.775,1310.4868136143723,59114,6072,154936235.0,23899.0,40.43,53.95,-28.4,TCS,2593.55,-0.6512037693206407,1319.04375,1290.672,
2015-03-25,1299.5,1307.0,1272.625,1286.55,1285.423401793994,108919,7129,280014063.0,16737.0,15.37,68.75,-25.9,TCS,2573.1,-0.7884945345183358,1316.5887500000001,1291.2825000000003,
2015-03-26,1278.9,1293.05,1250.825,1256.675,1269.965198817666,46349,7041,117723234.0,14599.0,31.5,84.45,-44.45,TCS,2513.35,-2.322101744976879,1313.0137499999998,1291.433,
2015-03-27,1265.5,1285.625,1253.425,1258.1,1269.5006100735343,61468,8985,156067327.0,19670.0,32.0,64.4,-14.8,TCS,2516.2,0.11339447351144116,1309.325,1291.4134999999999,
2015-03-30,1262.5,1281.3,1259.05,1278.625,1271.8217000867392,39198,5780,99705734.0,10729.0,27.37,44.5,32.25,TCS,2557.25,1.631428344328767,1306.3737500000002,1291.5359999999998,
2015-03-31,1280.0,1283.7,1259.575,1273.525,1271.8150228204531,64635,8279,164407528.0,26102.0,40.38,48.25,-12.95,TCS,2547.05,-0.3988659693029528,1303.2962499999999,1291.6875,
2015-04-01,1282.5,1282.5,1261.25,1271.7,1267.3847893290588,174680,6540,442773550.0,148597.0,85.07,42.5,-21.6,TCS,2543.4,-0.14330303684655377,1297.51375,1292.0240000000001,
2015-04-06,1277.5,1280.225,1251.825,1273.0,1264.1919191919192,60489,8593,152939410.0,20623.0,34.09,56.8,-9.0,TCS,2546.0,0.10222536761814727,1292.5787500000001,1292.4885000000002,
2015-04-07,1284.0,1296.0,1273.625,1293.05,1284.4083451587194,51443,8398,132147637.0,18219.0,35.42,44.75,18.1,TCS,2586.1,1.5750196386488557,1289.8225,1293.236,SELL
2015-04-08,1294.0,1326.0,1290.625,1322.175,1316.0401034337822,54721,8762,144030061.0,20720.0,37.86,70.75,56.35,TCS,2644.35,2.2524264336259314,1289.8525,1294.5520000000001,
2015-04-09,1339.4,1341.975,1317.575,1330.575,1328.8026582911616,67976,12050,180653379.0,26486.0,38.96,48.8,-17.65,TCS,2661.15,0.6353168075330595,1290.31125,1296.1464999999998,
2015-04-10,1327.5,1334.825,1314.4,1325.975,1323.8478647214854,37700,5569,99818129.0,15392.0,40.83,40.85,-3.05,TCS,2651.95,-0.34571519831653186,1291.37625,1297.638,
2015-04-13,1333.5,1333.5,1315.0,1325.125,1323.7969431153642,37620,6128,99602482.0,9039.0,24.03,37.0,-16.75,TCS,2650.25,-0.06410377269555623,1292.1575,1298.7935,
2015-04-15,1325.0,1356.0,1306.225,1312.35,1323.2743478849457,140351,11695,371445756.0,14342.0,10.22,99.55,-25.3,TCS,2624.7,-0.9640599943401607,1293.24875,1299.6270000000002,
2015-04-16,1317.45,1317.45,1283.9,1292.6,1294.9691387456114,115355,13991,298762330.0,36613.0,31.74,67.1,-49.7,TCS,2585.2,-1.5049338972072945,1293.745,1300.669,
2015-04-17,1280.5,1280.5,1235.5,1238.1,1245.0449148174162,374431,38347,932366825.0,161089.0,43.02,90.0,-84.8,TCS,2476.2,-4.216308215998765,1291.1275,1300.303,
2015-04-20,1242.0,1243.0,1213.5,1215.325,1222.0655291954918,781148,18101,1909228088.0,70617.0,9.04,59.0,-53.35,TCS,2430.65,-1.839512155722467,1287.87625,1299.0615,
2015-04-21,1219.45,1225.0,1201.0,1213.425,1214.0520619593644,74565,11162,181051584.0,24261.0,32.54,48.0,-12.05,TCS,2426.85,-0.1563367823421813,1283.6875,1298.19,
2015-04-22,1212.5,1234.075,1203.55,1223.95,1214.6615292553192,75200,10056,182685094.0,30147.0,40.09,61.05,22.9,TCS,2447.9,0.8673795248985483,1279.64375,1297.15,
2015-04-23,1236.05,1238.225,1216.5,1228.425,1229.2250388629802,45030,7877,110704007.0,11215.0,24.91,43.45,-15.25,TCS,2456.85,0.365619510600923,1275.80125,1295.9585,
2015-04-24,1229.0,1257.5,1225.0,1248.45,1244.8933750536985,86129,11337,214442843.0,32539.0,37.78,65.0,38.9,TCS,2496.9,1.6301361499481137,1273.385,1295.7759999999998,
2015-04-27,1254.5,1259.3,1243.175,1250.15,1251.0795237560371,62321,7985,155937054.0,31716.0,50.89,32.25,-8.7,TCS,2500.3,0.13616884937321938,1271.565,1296.3495,
2015-04-28,1252.5,1253.325,1228.05,1247.275,1238.1942995970608,59066,9785,146270369.0,21408.0,36.24,50.55,-10.45,TCS,2494.55,-0.22997240331160684,1271.095,1296.6935,
2015-04-29,1247.0,1247.5,1226.525,1242.825,1234.115579243905,57506,7560,141938101.0,25232.0,43.88,41.95,-8.35,TCS,2485.65,-0.35677777555070955,1270.33125,1296.922,
2015-04-30,1242.0,1242.0,1214.15,1233.325,1227.9515782182107,96723,13592,237542321.0,32369.0,33.47,55.7,-17.35,TCS,2466.65,-0.7643875847363923,1268.0662499999999,1296.2020000000002,
2015-05-04,1241.0,1251.925,1228.575,1239.55,1238.1404895558865,52374,9904,129692740.0,18659.0,35.63,46.7,-2.9,TCS,2479.1,0.5047331400887867,1266.3675,1295.1405,
2015-05-05,1250.625,1267.5,1250.075,1259.625,1258.2635922580644,96875,12739,243788571.0,45638.0,47.11,34.85,18.0,TCS,2519.25,1.6195393489572885,1265.76375,1293.994,
2015-05-06,1255.5,1258.5,1228.3,1231.425,1233.9364854091655,114147,13277,281700296.0,61425.0,53.81,60.4,-48.15,TCS,2462.85,-2.238761536171485,1263.685,1291.8255,
2015-05-07,1232.5,1278.0,1230.0,1271.65,1260.333583033369,102790,16041,259099378.0,46269.0,45.01,96.0,78.3,TCS,2543.3,3.266540796232009,1262.615,1290.51,
2015-05-08,1276.0,1293.4,1260.025,1265.35,1275.9242586666244,63433,11573,161871407.0,16211.0,25.56,66.75,-21.3,TCS,2530.7,-0.49541933708175945,1259.77375,1288.8665,
2015-05-11,1272.5,1281.425,1263.125,1277.9,1275.051960476788,31880,3479,81297313.0,7071.0,22.18,36.6,10.8,TCS,2555.8,0.9918204449361978,1257.1399999999999,1287.353,
2015-05-12,1277.5,1279.625,1257.675,1260.6,1263.1635818561,30688,3228,77527928.0,6598.0,21.5,43.9,-33.8,TCS,2521.2,-1.3537835511385987,1253.87125,1285.8519999999999,
2015-05-13,1262.925,1272.5,1241.975,1259.975,1257.2470373277404,77717,5644,195418936.0,24244.0,31.2,61.05,-5.9,TCS,2519.95,-0.04957956528637286,1250.61375,1284.488,
2015-05-14,1264.25,1264.25,1243.125,1249.975,1249.0624003494333,418964,5876,1046624359.0,379085.0,90.48,42.25,-28.55,TCS,2499.95,-0.7936665410028021,1247.4950000000001,1282.85,
2015-05-15,1254.0,1265.0,1250.5,1254.825,1255.7785206853323,16751,1913,42071092.0,4132.0,24.67,29.0,1.65,TCS,2509.65,0.3880077601552179,1245.60625,1281.1935,
2015-05-18,1257.5,1262.5,1247.5,1259.675,1250.8430531835436,915772,9580,2290974089.0,865918.0,94.56,30.0,4.35,TCS,2519.35,0.38650807881577265,1246.685,1279.6855,
2015-05-19,1260.0,1264.75,1249.15,1255.975,1255.645115981924,106439,3466,267299221.0,70583.0,66.31,31.2,-8.05,TCS,2511.95,-0.29372655645305557,1248.7175,1277.058,
2015-05-20,1264.0,1281.85,1260.0,1278.775,1274.533694666938,54059,3821,137800034.0,18279.0,33.81,43.7,29.55,TCS,2557.55,1.8153227572204944,1251.9850000000001,1275.1995,
2015-05-21,1279.95,1290.0,1274.5,1278.825,1283.2725251546333,35083,3026,90042100.0,9302.0,26.51,31.0,-2.25,TCS,2557.65,0.00390999198451869,1254.7287499999998,1273.8125,
2015-05-22,1277.75,1314.5,1270.525,1309.775,1291.7972718746105,368898,5597,953082860.0,335192.0,90.86,87.95,64.05,TCS,2619.55,2.4201904091646576,1258.7962499999999,1273.5765,
2015-05-25,1310.0,1316.6,1294.05,1300.7,1303.5652301456078,37498,2950,97762178.0,13783.0,36.76,45.1,-18.6,TCS,2601.4,-0.692867095493499,1261.40875,1273.1625,
2015-05-26,1301.575,1311.0,1295.0,1303.175,1304.8591253622649,26914,2416,70237957.0,8982.0,33.37,32.0,3.2,TCS,2606.35,0.19028215576226692,1264.06,1273.1325,
2015-05-27,1297.5,1315.75,1296.0,1308.275,1307.4648328185567,48241,3623,126146822.0,24962.0,51.74,39.5,21.55,TCS,2616.55,0.39135189057495356,1267.1100000000001,1273.108,
2015-05-28,1300.0,1312.45,1291.45,1304.975,1302.4104181450236,38049,3429,99110828.0,11855.0,31.16,42.0,9.95,TCS,2609.95,-0.2522405457568322,1270.2175,1273.3970000000002,
2015-05-29,1305.675,1323.475,1299.7,1305.3,1308.7269484727565,97987,6582,256476455.0,28091.0,28.67,47.55,-0.75,TCS,2610.6,0.024904691660765366,1273.81625,1273.8495,
2015-06-01,1305.125,1322.425,1303.8,1308.2,1310.6273952582005,36948,3057,96850122.0,12538.0,33.93,37.25,6.15,TCS,2616.4,0.22217114839502283,1277.24875,1274.2045,BUY
2015-06-02,1314.0,1315.25,1295.5,1300.225,1304.7503958751738,51784,4956,135130389.0,17728.0,34.23,39.5,-27.55,TCS,2600.45,-0.609616266625912,1279.27875,1274.6019999999999,
2015-06-03,1304.975,1312.5,1296.0,1305.375,1305.6518695306283,50280,4597,131296352.0,17770.0,35.34,33.0,0.8,TCS,2610.75,0.39608529293007066,1282.97625,1274.7655,
2015-06-04,1310.0,1311.0,1295.25,1303.1,1303.701625330736,34393,3185,89676420.0,9386.0,27.29,31.5,-13.8,TCS,2606.2,-0.1742794216221477,1284.5487500000002,1274.731,
2015-06-05,1292.275,1302.5,1284.0,1286.175,1296.1256049274086,111377,4507,288717163.0,62505.0,56.12,37.0,-12.2,TCS,2572.35,-1.2988258767554273,1285.59,1274.349,
2015-06-08,1299.0,1299.0,1282.3,1289.325,1288.4142640581201,34962,3248,90091079.0,14975.0,42.83,33.4,-19.35,TCS,2578.65,0.24491223978075904,1286.16125,1274.2,
2015-06-09,1287.5,1294.0,1275.0,1279.05,1284.4168189446204,26815,2382,68883274.0,6833.0,25.48,38.0,-16.9,TCS,2558.1,-0.7969286254435493,1287.08375,1274.05,
2015-06-10,1282.0,1305.0,1282.0,1301.025,1293.3990147235445,44962,3347,116307613.0,17569.0,39.08,46.0,38.05,TCS,2602.05,1.718072006567395,1289.13625,1274.937,
2015-06-11,1302.5,1312.5,1275.5,1285.5,1291.96874251497,41750,3728,107879390.0,11424.0,27.36,74.0,-34.0,TCS,2571.0,-1.1932899060356328,1290.9125,1275.485,
2015-06-12,1287.425,1294.025,1238.5,1256.025,1262.6289484376327,105833,8599,267255619.0,23106.0,21.83,111.05,-62.8,TCS,2512.05,-2.2928821470244998,1290.9725,1275.0330000000001,
2015-06-15,1250.0,1259.95,1241.0,1255.9,1253.055461618156,102314,3631,256410233.0,63060.0,61.63,37.9,11.8,TCS,2511.8,-0.009952031209570222,1290.78375,1274.6805,
2015-06-16,1256.05,1258.2,1247.5,1255.525,1254.4409505752299,31118,2291,78071387.0,7956.0,25.57,21.4,-1.05,TCS,2511.05,-0.029859065212201052,1290.76125,1274.357,
2015-06-17,1255.5,1265.025,1251.6,1257.475,1258.051116027852,46101,3705,115994829.0,18013.0,39.07,26.85,3.95,TCS,2514.95,0.1553135142669193,1289.69625,1274.0465,
2015-06-18,1257.5,1272.9,1255.5,1264.275,1266.8384805885353,41187,3653,104354553.0,15558.0,37.77,34.8,13.55,TCS,2528.55,0.5407662180162864,1288.96875,1273.471,
2015-06-19,1269.95,1280.0,1265.0,1275.55,1272.425055891636,30416,2793,77404161.0,9747.0,32.05,30.0,11.2,TCS,2551.1,0.8918154673626999,1287.2575000000002,1272.5384999999999,
2015-06-22,1276.275,1302.5,1276.0,1297.85,1294.1806017771985,29147,2672,75442964.0,8645.0,29.66,53.0,43.15,TCS,2595.7,1.7482654541178366,1287.115,1271.884,
2015-06-23,1300.0,1300.0,1285.525,1288.85,1293.4065582328215,72794,2974,188304474.0,48406.0,66.5,28.95,-22.3,TCS,2577.7,-0.6934545594637243,1286.3987499999998,1271.1415000000002,
2015-06-24,1291.0,1292.9,1280.0,1284.2,1288.167903253572,58090,2810,149659347.0,35843.0,61.7,25.8,-13.6,TCS,2568.4,-0.3607867478760074,1285.195,1270.323,
2015-06-25,1283.5,1287.0,1273.25,1275.875,1279.2656685747836,27252,2634,69725096.0,7798.0,28.61,27.5,-15.25,TCS,2551.75,-0.6482635103566503,1283.74,1269.5935,
2015-06-26,1276.5,1299.0,1276.5,1297.025,1288.1901842316736,33599,2656,86563804.0,8268.0,24.61,45.0,41.05,TCS,2594.05,1.6576859018320844,1283.32625,1269.682,
2015-06-29,1290.0,1301.6,1273.0,1296.775,1284.091149780516,50801,4342,130466229.0,9180.0,18.07,57.2,13.55,TCS,2593.55,-0.01927487905013514,1282.7549999999999,1270.8555000000001,
2015-06-30,1295.0,1295.0,1273.5,1276.1,1279.7184273378653,54430,4028,139310148.0,12869.0,23.64,43.0,-37.8,TCS,2552.2,-1.5943398045150659,1281.5487500000002,1272.0710000000001,
2015-07-01,1282.5,1299.5,1280.075,1295.9,1291.5576636791736,32915,3337,85023241.0,8661.0,26.31,38.85,26.8,TCS,2591.8,1.5516025389859855,1281.075,1273.7205000000001,
2015-07-02,1304.4,1304.4,1287.5,1290.425,1292.02752015016,36228,2812,93615146.0,10108.0,27.9,33.8,-27.95,TCS,2580.85,-0.4224863029554826,1280.44125,1275.05,
2015-07-03,1288.5,1304.325,1285.5,1302.4,1297.4686218003053,29495,3790,76537674.0,14224.0,48.23,37.65,27.8,TCS,2604.8,0.9279888408857628,1281.2525,1276.5294999999999,
2015-07-06,1295.0,1321.7,1290.95,1316.4,1307.4310177705977,46425,4310,121394970.0,14875.0,32.04,61.5,42.8,TCS,2632.8,1.0749385749385665,1282.60625,1277.8885,
2015-07-07,1317.5,1323.325,1302.45,1309.525,1313.1459078369264,39148,3552,102814072.0,10089.0,25.77,41.75,-15.95,TCS,2619.05,-0.5222576724399852,1284.1299999999999,1279.076,
2015-07-08,1300.5,1311.225,1292.05,1297.025,1299.8233886596445,151706,5527,394382014.0,111755.0,73.67,38.35,-6.95,TCS,2594.05,-0.9545445867776503,1283.9299999999998,1280.0710000000001,
2015-07-09,1300.0,1300.0,1252.875,1260.7,1270.7918288536393,129994,10611,330390626.0,43756.0,33.66,94.25,-78.6,TCS,2521.4,-2.8006399259844716,1282.69,1280.4285,
2015-07-10,1281.0,1281.0,1227.5,1235.95,1244.5242312459618,303348,23576,755047873.0,104706.0,34.52,107.0,-90.1,TCS,2471.9,-1.9631950503688378,1281.6862500000002,1280.481,
2015-07-13,1242.0,1259.15,1240.0,1254.3,1251.0234755716604,64024,4657,160191054.0,20057.0,31.33,38.3,24.6,TCS,2508.6,1.4846878919050122,1281.60625,1280.776,
2015-07-14,1254.5,1255.9,1245.5,1249.75,1249.7542204047395,47685,3205,119189060.0,17416.0,36.52,20.8,-9.5,TCS,2499.5,-0.36275213266363515,1281.3175,1280.5785,
2015-07-15,1251.5,1275.0,1251.5,1273.125,1266.8379464673678,46028,4087,116620034.0,17985.0,39.07,47.0,43.25,TCS,2546.25,1.8703740748149622,1282.1,1281.4125,
2015-07-16,1270.5,1279.225,1263.0,1269.075,1270.7993233398363,40493,3564,102916954.0,9509.0,23.48,32.45,-2.85,TCS,2538.15,-0.3181148748159002,1282.3400000000001,1281.3609999999999,
2015-07-17,1270.5,1283.5,1270.5,1279.675,1277.800596541156,36544,3115,93391890.0,8395.0,22.97,26.0,18.35,TCS,2559.35,0.8352540235998518,1282.5462499999999,1281.6475,
2015-07-20,1279.5,1294.5,1277.175,1289.775,1285.6117370179165,32930,2648,84670389.0,13162.0,39.97,34.65,20.55,TCS,2579.55,0.7892628987828942,1282.1425000000002,1281.885,
2015-07-21,1289.75,1299.525,1278.0,1281.425,1287.1299848561332,39620,3053,101992180.0,11962.0,30.19,43.05,-16.65,TCS,2562.85,-0.6473997402647869,1281.7712500000002,1282.3015,SELL
2015-07-22,1280.0,1283.95,1260.7,1264.05,1265.9003654152177,67868,6976,171828252.0,30083.0,44.33,46.5,-31.9,TCS,2528.1,-1.3559123631894154,1280.76375,1282.383,
2015-07-23,1267.5,1269.225,1241.5,1243.975,1252.9343673533822,63345,4541,158734255.0,26001.0,41.05,55.45,-47.05,TCS,2487.95,-1.588149202958744,1279.16875,1282.263,
2015-07-24,1257.0,1258.5,1246.925,1251.875,1252.6087551556056,26670,2213,66814151.0,7006.0,26.27,23.15,-10.25,TCS,2503.75,0.6350609939910434,1276.9112499999999,1282.204,
2015-07-27,1250.0,1252.5,1241.025,1248.45,1248.5487412961972,65345,5207,163172835.0,41736.0,63.87,22.95,-3.1,TCS,2496.9,-0.2735896155766304,1274.4950000000001,1281.9795000000001,
2015-07-28,1250.0,1259.475,1246.025,1250.75,1254.6140027850845,32315,3066,81085703.0,14711.0,45.52,26.9,1.5,TCS,2501.5,0.1842284432696406,1273.2275,1281.8750000000002,
2015-07-29,1256.0,1257.725,1242.45,1254.05,1251.9084485524404,39273,2976,98332401.0,14419.0,36.71,30.55,-3.9,TCS,2508.1,0.2638416949830136,1271.135,1281.3805,
2015-07-30,1255.0,1257.5,1238.5,1240.475,1245.757845031978,50191,3487,125051664.0,26830.0,53.46,38.0,-29.05,TCS,2480.95,-1.0824927235756232,1268.6375,1280.6135,
2015-07-31,1245.0,1259.25,1244.275,1255.0,1249.8703053196352,41563,2962,103896719.0,16616.0,39.98,29.95,20.0,TCS,2510.0,1.1709224289082831,1266.2675000000002,1279.5179999999998,
2015-08-03,1254.95,1262.0,1250.0,1253.975,1256.6963309914129,24339,2410,61173464.0,8791.0,36.12,24.0,-1.95,TCS,2507.95,-0.0816733067729114,1263.14625,1278.5835,
2015-08-04,1255.0,1260.4,1242.9,1254.65,1250.446682111534,30215,2579,75564493.0,10304.0,34.1,35.0,-0.7,TCS,2509.3,0.053828824338619796,1260.4025000000001,1277.6129999999998,
2015-08-05,1255.0,1273.925,1255.0,1270.825,1268.6025153466087,33395,2909,84729962.0,11341.0,33.96,37.85,31.65,TCS,2541.65,1.28920416052285,1259.0925,1276.864,
2015-08-06,1275.0,1291.0,1275.0,1287.15,1282.9220702337766,39696,2849,101853749.0,14126.0,35.59,32.0,24.3,TCS,2574.3,1.2845985875317156,1260.415,1276.5075000000002,
2015-08-07,1287.15,1287.15,1274.125,1275.85,1279.1982096009572,21727,2163,55586279.0,8286.0,38.14,26.05,-22.6,TCS,2551.7,-0.8779085576661738,1262.4099999999999,1275.9185,
2015-08-10,1281.5,1294.0,1279.15,1285.4,1288.6344160768451,31648,3449,81565404.0,11907.0,37.62,29.7,7.8,TCS,2570.8,0.748520594113744,1263.965,1275.4625,
2015-08-11,1285.0,1304.975,1272.025,1301.525,1296.264731562008,58412,4837,151434831.0,26017.0,44.54,65.9,33.05,TCS,2603.05,1.2544733156993892,1266.55375,1275.4885,
2015-08-12,1301.5,1344.8,1301.5,1335.7,1332.1263153695004,200514,8064,534219952.0,91189.0,45.48,86.6,68.4,TCS,2671.4,2.6257659284301127,1269.6825000000001,1276.095,
2015-08-13,1335.75,1341.25,1313.525,1318.7,1327.8323867432846,44898,4134,119234037.0,11717.0,26.1,55.45,-34.1,TCS,2637.4,-1.2727408849292465,1272.16375,1276.407,
2015-08-14,1317.55,1356.5,1317.55,1346.825,1343.4609916552606,67947,5797,182568288.0,15598.0,22.96,77.9,58.55,TCS,2693.65,2.1327822855842893,1275.52125,1277.6200000000001,
2015-08-17,1347.0,1347.0,1327.725,1342.375,1336.6069067918381,41756,4334,111622716.0,17884.0,42.83,38.55,-9.25,TCS,2684.75,-0.33040669723238825,1278.15125,1278.681,
2015-08-18,1350.0,1373.0,1347.1,1367.3,1367.3046194073213,51630,5207,141187875.0,14093.0,27.3,51.8,34.6,TCS,2734.6,1.856783685631802,1282.445,1280.4460000000001,BUY
2015-08-19,1375.0,1375.475,1359.025,1365.7,1368.9844379114206,31294,2863,85681998.0,7990.0,25.53,32.9,-18.6,TCS,2731.4,-0.11701894244130484,1287.5275,1281.7395000000001,
2015-08-20,1366.0,1366.0,1337.625,1345.6,1350.739181533269,33184,3416,89645858.0,6607.0,19.91,56.75,-40.8,TCS,2691.2,-1.4717727172878448,1292.60875,1282.9415000000001,
2015-08-21,1345.15,1363.9,1328.5,1337.55,1342.8375036933078,54152,5553,145434673.0,12534.0,23.15,70.8,-15.2,TCS,2675.1,-0.5982461355529045,1296.8925000000002,1284.572,
2015-08-24,1337.5,1337.5,1285.0,1289.6,1302.263354592597,83885,6136,218480723.0,28346.0,33.79,105.0,-95.8,TCS,2579.2,-3.58491271354342,1298.95,1285.246,
2015-08-25,1292.5,1309.05,1268.05,1283.675,1288.2922395218795,77972,6225,200901445.0,23476.0,30.11,82.0,-17.65,TCS,2567.35,-0.45944478908188646,1300.59625,1285.809,
2015-08-26,1282.725,1319.475,1257.45,1288.375,1296.7485453340205,54308,5277,140847640.0,20368.0,37.5,124.05,11.3,TCS,2576.75,0.3661362883907504,1302.3125,1286.427,
2015-08-27,1307.6,1307.6,1273.5,1288.8,1285.8519870870682,31906,3604,82052787.0,8332.0,26.11,68.2,-37.6,TCS,2577.6,0.03298729019112212,1304.7287499999998,1286.9175,
2015-08-28,1299.5,1302.45,1280.0,1285.325,1292.4086183852285,40402,4136,104431786.0,10979.0,27.17,44.9,-28.35,TCS,2570.65,-0.2696306641837287,1306.245,1287.113,
2015-08-31,1291.925,1294.225,1266.5,1282.625,1283.642875535476,42719,3327,109671880.0,13317.0,31.17,55.45,-18.6,TCS,2565.25,-0.21006360259079315,1307.6775,1286.8085,
2015-09-01,1283.5,1305.0,1265.5,1269.4,1286.3848335162825,49194,4720,126564831.0,15559.0,31.63,79.0,-28.2,TCS,2538.8,-1.031088587856932,1308.415,1286.4195,
2015-09-02,1280.0,1309.5,1273.3,1296.6,1298.0257050886155,53433,4810,138714815.0,12596.0,23.57,72.4,33.2,TCS,2593.2,2.142744603749791,1309.70375,1286.6675,
2015-09-03,1307.0,1307.0,1288.5,1302.625,1297.323872799944,28522,2693,74004543.0,6957.0,24.39,37.0,-8.75,TCS,2605.25,0.4646768471386675,1310.4775,1287.2025,
2015-09-04,1312.5,1312.5,1271.225,1274.725,1284.8976013945892,45318,4275,116457979.0,9557.0,21.09,82.55,-75.55,TCS,2549.45,-2.1418289991363637,1310.4212499999999,1286.7565,
2015-09-07,1276.0,1279.75,1267.5,1269.75,1273.2091912084093,23022,2210,58623644.0,5870.0,25.5,24.5,-12.5,TCS,2539.5,-0.39028025652591003,1309.63875,1286.216,
2015-09-08,1271.5,1281.85,1261.525,1271.05,1269.8118666026685,256257,4542,650796359.0,214445.0,83.68,40.65,-0.9,TCS,2542.1,0.10238235873203383,1308.115,1286.115,
2015-09-09,1280.0,1287.5,1273.325,1275.325,1279.4854387718901,31007,2374,79346010.0,12228.0,39.44,28.35,-9.35,TCS,2550.65,0.33633610007475223,1305.09625,1285.7034999999998,
2015-09-10,1270.0,1288.0,1263.525,1271.175,1275.5213008335893,55303,4359,141080309.0,13718.0,24.81,48.95,2.35,TCS,2542.35,-0.325407249132581,1302.72,1285.3185,
2015-09-11,1274.95,1284.0,1267.6,1272.75,1275.6376342773438,40960,3569,104500235.0,13453.0,32.84,32.8,-4.4,TCS,2545.5,0.12390111511004775,1299.0162500000001,1284.7255,
2015-09-14,1277.5,1282.35,1272.575,1275.375,1276.4013515074505,17314,2343,44199226.0,8162.0,47.14,19.55,-4.25,TCS,2550.75,0.20624631703005658,1295.66625,1283.905,
2015-09-15,1275.375,1279.0,1268.0,1271.575,1273.4582026555677,34117,4277,86893147.0,11312.0,33.16,22.0,-7.6,TCS,2543.15,-0.29795158286778367,1290.88,1283.146,
2015-09-16,1274.0,1281.975,1271.75,1275.575,1276.9887019230769,20800,1848,53122730.0,6904.0,33.19,20.45,3.15,TCS,2551.15,0.3145705129465437,1286.37375,1282.7169999999999,
2015-09-18,1280.0,1292.5,1273.9,1277.075,1287.68887975204,47427,3443,122142441.0,11949.0,25.19,37.2,-5.85,TCS,2554.15,0.11759402622346649,1282.9474999999998,1283.0445,SELL
2015-09-21,1275.0,1277.075,1267.075,1275.35,1272.716915131314,27301,2255,69492889.0,13197.0,48.34,20.0,0.7,TCS,2550.7,-0.13507429085998224,1279.8375,1283.8325,
2015-09-22,1277.075,1287.5,1246.95,1263.175,1268.7410243760232,44593,4269,113153937.0,14745.0,33.07,81.1,-27.8,TCS,2526.35,-0.9546399027717811,1278.5162500000001,1284.01,
2015-09-23,1263.5,1278.65,1257.5,1267.025,1267.318516719294,37053,3236,93915906.0,11181.0,30.18,42.3,7.05,TCS,2534.05,0.3047875393354049,1277.6837500000001,1284.3555000000001,
2015-09-24,1267.0,1291.975,1265.95,1287.8,1282.5995529418824,66658,5195,170991042.0,26536.0,39.81,52.05,41.6,TCS,2575.6,1.6396677255776204,1277.6550000000002,1284.649,
2015-09-28,1290.0,1309.475,1290.0,1295.175,1300.7863184529187,27665,2636,71972507.0,6141.0,22.2,38.95,10.35,TCS,2590.35,0.5726820934927712,1277.97375,1285.171,
2015-09-29,1286.0,1316.0,1285.0,1295.1,1302.1405279503103,37352,3847,97275106.0,7344.0,19.66,62.0,18.2,TCS,2590.2,-0.005790723261334119,1278.4625,1285.4795,
2015-09-30,1315.0,1320.9,1285.775,1293.85,1292.392982572394,45273,4245,117021015.0,20747.0,45.83,70.25,-42.3,TCS,2587.7,-0.09651764342522018,1279.02375,1285.561,
2015-10-01,1300.0,1322.5,1295.3,1319.85,1315.9860446570972,55176,4716,145221692.0,18821.0,34.11,54.4,39.7,TCS,2639.7,2.0095065115739885,1281.5462499999999,1286.3295,
2015-10-05,1325.0,1384.5,1325.0,1356.725,1355.3022533563587,107706,8032,291948369.0,47752.0,44.34,119.0,63.45,TCS,2713.45,2.793878092207458,1284.5525,1288.183,
2015-10-06,1362.5,1362.7,1340.1,1347.85,1352.1215163320346,66740,4060,180481180.0,34440.0,51.6,45.2,-29.3,TCS,2695.7,-0.6541487773867205,1286.81375,1290.2605,
2015-10-07,1347.85,1358.225,1323.55,1327.55,1342.0698950091296,65720,6309,176401667.0,23868.0,36.32,69.35,-40.6,TCS,2655.1,-1.5061023110880312,1289.455,1291.774,
2015-10-08,1332.525,1339.0,1310.25,1317.375,1320.8856992226265,48368,4475,127777199.0,19695.0,40.72,57.5,-30.3,TCS,2634.75,-0.7664494745960537,1291.8362499999998,1293.1525,
2015-10-09,1339.0,1339.0,1305.0,1314.925,1314.671559322034,59000,3789,155131244.0,26420.0,44.78,68.0,-48.15,TCS,2629.85,-0.18597589904165712,1294.03,1294.436,
2015-10-12,1333.5,1335.0,1292.65,1296.2,1305.8508699686206,95923,12316,250522266.0,36733.0,38.29,84.7,-74.6,TCS,2592.4,-1.4240355913835323,1295.07375,1295.279,
2015-10-13,1302.5,1306.225,1284.025,1298.7,1294.463596789664,121981,8946,315799928.0,28454.0,23.33,44.4,-7.6,TCS,2597.4,0.19287147045208286,1296.45,1296.4435,BUY
2015-10-14,1275.0,1275.0,1240.0,1241.7,1248.2576569403204,361698,21560,902984596.0,109647.0,30.31,70.0,-66.6,TCS,2483.4,-4.389004389004391,1294.8975,1296.1775,SELL
2015-10-15,1245.0,1252.5,1232.5,1234.325,1245.6002109079707,421985,11944,1051249210.0,355393.0,84.22,40.0,-21.35,TCS,2468.65,-0.5939437867439779,1292.8449999999998,1295.7845,
2015-10-16,1245.0,1246.0,1235.0,1237.975,1239.9437938904493,56960,5125,141254397.0,24133.0,42.37,22.0,-14.05,TCS,2475.95,0.29570818058450854,1291.165,1295.451,
2015-10-19,1239.0,1246.5,1229.0,1243.425,1237.1198034047643,78537,6967,194319356.0,22649.0,28.84,35.0,8.85,TCS,2486.85,0.44023506128960666,1289.5575,1294.9029999999998,
2015-10-20,1246.5,1264.9,1246.25,1263.35,1259.392154171578,61931,4905,155990831.0,19415.0,31.35,37.3,33.7,TCS,2526.7,1.6024287753583888,1288.87125,1294.427,
2015-10-21,1263.375,1271.1,1259.35,1262.75,1266.1584144735773,61519,4993,155785599.0,26674.0,43.36,23.5,-1.25,TCS,2525.5,-0.04749277714013456,1288.2412499999998,1294.165,
2015-10-23,1267.5,1271.0,1263.525,1268.1,1267.4822521097044,37920,2721,96125854.0,17826.0,47.01,14.95,1.2,TCS,2536.2,0.4236784795089932,1288.4875,1293.819,
2015-10-26,1272.5,1274.0,1258.5,1267.6,1264.4060927496516,42329,2998,107042091.0,17725.0,41.87,31.0,-9.8,TCS,2535.2,-0.03942906710827643,1288.51625,1293.1405,
2015-10-27,1267.6,1271.975,1260.725,1264.9,1265.4381883390993,31507,2454,79740322.0,13648.0,43.32,22.5,-5.4,TCS,2529.8,-0.21300094667086045,1287.37125,1291.7245,
2015-10-28,1263.0,1265.0,1253.8,1262.325,1261.4014817235932,36714,2963,92622188.0,14757.0,40.19,22.4,-1.35,TCS,2524.65,-0.2035734050122584,1285.7287499999998,1290.597,
2015-10-29,1265.0,1265.0,1246.5,1248.075,1250.255816283367,89834,5507,224630962.0,56454.0,62.84,37.0,-33.85,TCS,2496.15,-1.128869348226491,1283.3775,1288.622,
2015-10-30,1250.5,1255.5,1242.5,1248.65,1248.615710620361,43652,3130,109009146.0,18517.0,42.42,26.0,-3.7,TCS,2497.3,0.046070949261856065,1281.1174999999998,1286.7475,
2015-11-02,1248.5,1258.45,1244.025,1255.6,1253.0123326009625,38232,3354,95810335.0,13660.0,35.73,28.85,14.2,TCS,2511.2,0.5566011292195361,1277.905,1284.5135,
2015-11-03,1260.0,1272.775,1259.275,1271.3,1268.0567765567764,35490,3697,90006670.0,14541.0,40.97,27.0,22.6,TCS,2542.6,1.2503982159923543,1273.6337500000002,1282.6254999999999,
2015-11-04,1275.5,1275.5,1260.1,1264.725,1265.6504867587992,29378,3130,74364560.0,8598.0,29.27,30.8,-21.55,TCS,2529.45,-0.5171871312829368,1269.4775,1281.0079999999998,
2015-11-05,1269.475,1269.5,1242.575,1245.375,1248.2366272400016,126395,5607,315541737.0,34371.0,27.19,53.85,-48.2,TCS,2490.75,-1.5299768724426177,1265.36875,1279.1644999999999,
2015-11-06,1244.0,1257.8,1241.5,1252.875,1253.2046277751735,23467,2051,58817906.0,8498.0,36.21,32.6,17.75,TCS,2505.75,0.6022282445046656,1262.14375,1278.4299999999998,
2015-11-09,1242.0,1250.3,1234.475,1237.525,1238.741050622242,121014,5641,299810019.0,82849.0,68.46,31.65,-8.95,TCS,2475.05,-1.2251820812132053,1258.2737499999998,1277.507,
2015-11-10,1238.0,1239.0,1225.75,1230.85,1232.297128564282,99950,4070,246336196.0,57235.0,57.26,26.5,-14.3,TCS,2461.7,-0.5393830427668278,1255.00625,1276.3564999999999,
2015-11-11,1235.5,1240.15,1228.4,1235.275,1234.5877043700239,16453,1552,40625343.0,7860.0,47.77,23.5,-0.45,TCS,2470.55,0.3595076573100098,1251.8349999999998,1275.2859999999998,
2015-11-13,1232.5,1232.5,1193.85,1198.65,1201.6222374052247,105381,10150,253256306.0,48835.0,46.34,77.3,-67.7,TCS,2397.3,-2.9649268381534477,1249.6825,1273.5525,
2015-11-16,1200.0,1200.0,1177.5,1187.45,1185.7312543749124,71430,6931,169393567.0,31742.0,44.44,45.0,-25.1,TCS,2374.9,-0.9343845159137443,1247.3387500000001,1271.649,
2015-11-17,1190.5,1199.225,1187.875,1195.25,1193.3619378123265,54030,3421,128954691.0,27736.0,51.33,22.7,9.5,TCS,2390.5,0.6568697629373732,1245.2024999999999,1270.166,
2015-11-18,1195.275,1195.275,1173.475,1175.95,1180.2347158631835,96538,5628,227874998.0,45940.0,47.59,43.6,-38.65,TCS,2351.9,-1.6147249529387064,1241.8287500000001,1267.753,
2015-11-19,1185.0,1190.625,1176.025,1181.6,1184.719525139312,158278,2993,375030074.0,134859.0,85.2,29.2,-6.8,TCS,2363.2,0.4804626047025584,1237.74125,1265.3325,
2015-11-20,1182.05,1211.0,1182.0,1197.775,1201.215670261335,50816,4883,122081951.0,9327.0,18.35,58.0,31.45,TCS,2395.55,1.3689065673663015,1234.4925,1263.7935,
2015-11-23,1206.95,1206.95,1192.075,1195.85,1199.0101529366405,31124,2563,74635984.0,8212.0,26.38,29.75,-22.2,TCS,2391.7,-0.1607146584291841,1230.8799999999999,1262.3155,
2015-11-24,1194.0,1195.95,1182.5,1185.05,1189.1056643707848,27876,2366,66295019.0,10409.0,37.34,26.9,-17.9,TCS,2370.1,-0.9031233014173967,1226.7525,1260.5955000000001,
2015-11-26,1186.0,1190.9,1169.0,1172.575,1178.4569712022553,44691,4036,105332841.0,21131.0,47.28,43.8,-26.85,TCS,2345.15,-1.0526981983882466,1222.13625,1258.5405,
2015-11-27,1173.0,1178.95,1166.5,1176.325,1174.1854196872011,64834,4986,152254275.0,19438.0,29.98,24.9,6.65,TCS,2352.65,0.3198089674434579,1217.83625,1256.6435,
2015-11-30,1180.0,1190.65,1176.0,1182.625,1183.3473087437817,44626,3567,105616114.0,10706.0,23.99,29.3,5.25,TCS,2365.25,0.5355662763266933,1214.56375,1254.841,
2015-12-01,1182.5,1189.2,1178.6,1181.075,1181.6667933895385,44717,2812,105681188.0,24108.0,53.91,21.2,-2.85,TCS,2362.15,-0.13106436951696443,1211.185,1252.955,
2015-12-02,1183.5,1185.475,1174.5,1182.625,1181.1488424305337,41423,3022,97853457.0,16422.0,39.64,21.95,-1.75,TCS,2365.25,0.1312363736426514,1207.53625,1251.1760000000002,
2015-12-03,1183.0,1186.275,1173.75,1175.425,1176.8994420770548,68289,3680,160738572.0,36911.0,54.05,25.05,-15.15,TCS,2350.85,-0.6088151358207394,1202.7425,1249.1729999999998,
2015-12-04,1169.9,1170.0,1161.0,1165.075,1165.5180684148577,82409,4868,192098357.0,39455.0,47.88,18.0,-9.65,TCS,2330.15,-0.8805325733245328,1197.76,1246.933,
2015-12-07,1165.5,1172.5,1158.325,1162.05,1162.547300298596,81046,5597,188439617.0,36126.0,44.57,28.35,-6.9,TCS,2324.1,-0.25963993734309243,1193.59375,1244.667,
2015-12-08,1161.5,1174.25,1159.0,1164.75,1166.11472498144,106411,5681,248174868.0,67972.0,63.88,30.5,6.5,TCS,2329.5,0.23234800567961678,1189.1875,1242.6985,
2015-12-09,1165.0,1185.5,1160.275,1182.85,1178.4750845232425,86071,6128,202865058.0,11228.0,30.22,50.45,35.7,TCS,2365.7,1.5539815411032443,1186.45375,1241.015,
2015-12-10,1185.0,1196.2,1176.75,1190.375,1187.379372627078,54258,4169,128849660.0,17011.0,31.35,38.9,10.75,TCS,2380.75,0.6361753392230662,1184.4299999999998,1239.0665000000001,
2015-12-11,1197.5,1197.5,1181.525,1193.625,1192.2305271219363,53536,2592,127654507.0,30837.0,57.6,31.95,-7.75,TCS,2387.25,0.2730232069726002,1182.3474999999999,1237.0355,
2015-12-14,1172.45,1192.225,1167.5,1188.725,1180.6198101533148,134951,7148,318651648.0,65685.0,48.67,49.45,32.55,TCS,2377.45,-0.41051418996754796,1181.8512500000002,1234.9080000000001,
2015-12-15,1190.0,1192.45,1182.85,1187.6,1187.5625115899563,26963,3529,64040496.0,7542.0,27.97,19.2,-4.8,TCS,2375.2,-0.09463921428420896,1181.8587499999999,1232.7830000000001,
2015-12-16,1198.975,1207.275,1192.85,1203.55,1199.2754231925328,126420,5219,303224798.0,80007.0,63.29,28.85,9.15,TCS,2407.1,1.3430447962276881,1182.2737499999998,1230.457,
2015-12-17,1210.0,1222.875,1197.6,1220.175,1209.0965111869548,68562,3711,165796150.0,37459.0,54.64,50.55,20.35,TCS,2440.35,1.3813302313987696,1184.485,1227.7259999999999,
2015-12-18,1218.775,1218.775,1201.575,1208.225,1206.8982094662135,160064,5991,386361910.0,107921.0,67.42,34.4,-21.1,TCS,2416.45,-0.9793677136476386,1185.81625,1224.9334999999999,
2015-12-21,1205.0,1224.0,1203.725,1220.475,1215.1659685720545,36528,3183,88775165.0,11163.0,30.56,40.55,30.95,TCS,2440.95,1.013884003393417,1186.9512499999998,1222.7920000000001,
2015-12-22,1220.525,1220.525,1200.25,1202.975,1207.2454956243207,34966,2613,84425092.0,11052.0,31.61,40.55,-35.1,TCS,2405.95,-1.4338679612445948,1187.3075000000001,1220.5040000000001,
2015-12-23,1205.675,1217.5,1205.0,1210.2,1211.5441219038166,24183,2054,58597543.0,4922.0,20.35,25.0,9.05,TCS,2420.4,0.6005943598162977,1188.565,1218.4095,
2015-12-24,1210.0,1217.975,1201.9,1216.675,1213.0064857261928,19196,1702,46569745.0,4375.0,22.79,32.15,13.35,TCS,2433.35,0.5350355313171296,1190.77,1216.8190000000002,
2015-12-28,1211.0,1231.45,1211.0,1229.25,1220.9215935824752,207432,4667,506516416.0,133495.0,64.36,40.9,36.5,TCS,2458.5,1.0335545646947608,1193.41625,1215.43,
2015-12-29,1230.0,1232.25,1222.5,1225.975,1226.3296058091285,24100,1978,59109087.0,4547.0,18.87,19.5,-8.05,TCS,2451.95,-0.2664226154159066,1195.58375,1215.1155,
2015-12-30,1226.0,1228.5,1206.5,1209.2,1217.1997701065538,27404,2297,66712285.0,8181.0,29.85,44.0,-33.6,TCS,2418.4,-1.3682987010338654,1196.99,1214.6129999999998,
2015-12-31,1210.0,1224.0,1204.5,1219.6,1214.7034560528573,31481,2740,76480159.0,7137.0,22.67,39.0,19.2,TCS,2439.2,0.860072775388665,1198.83875,1214.2455,
2016-01-01,1216.05,1218.175,1206.2,1208.125,1210.5711267824413,32189,2835,77934148.0,14944.0,46.43,23.95,-15.85,TCS,2416.25,-0.9408822564775265,1200.4737499999999,1213.5395,
2016-01-04,1208.05,1208.05,1184.525,1187.75,1190.4568263377244,131249,8610,312492536.0,62483.0,47.61,47.05,-40.6,TCS,2375.5,-1.6864976720124214,1201.6074999999998,1212.0275,
2016-01-05,1191.5,1193.175,1171.775,1175.175,1176.1020047089564,73477,5036,172832894.0,40299.0,54.85,42.8,-32.65,TCS,2350.35,-1.0587244790570494,1202.2637499999998,1210.2759999999998,
2016-01-06,1182.5,1192.25,1176.1,1190.6,1187.17140166205,45125,3023,107142219.0,19682.0,43.62,32.3,16.2,TCS,2381.2,1.3125704682281247,1203.55625,1208.7259999999999,
2016-01-07,1187.5,1189.85,1179.925,1185.025,1183.3517326620745,66343,3183,157014208.0,33127.0,49.93,19.85,-4.95,TCS,2370.05,-0.4682513018645862,1203.665,1207.0745,
2016-01-08,1190.0,1204.5,1186.475,1198.625,1197.2787853409188,34627,2867,82916345.0,12260.0,35.41,36.05,17.25,TCS,2397.25,1.1476551127613366,1204.0774999999999,1205.749,
2016-01-11,1198.225,1198.225,1174.95,1181.5,1181.4464814080468,32783,3335,77462720.0,9890.0,30.17,46.55,-33.45,TCS,2363.0,-1.4287204088017535,1203.47125,1204.1325,
2016-01-12,1183.975,1183.975,1150.55,1162.025,1161.6355474036366,145569,10728,338196250.0,57834.0,39.73,66.85,-43.9,TCS,2324.05,-1.6483283961066353,1202.13625,1202.4115,
2016-01-13,1158.5,1163.975,1129.0,1140.15,1138.7899157539764,336277,15547,765897713.0,164358.0,48.88,69.95,-36.7,TCS,2280.3,-1.8824896194143848,1199.76375,1200.2415,
2016-01-14,1137.5,1148.75,1126.3,1139.475,1140.2305018989666,122435,7367,279208243.0,57787.0,47.2,44.9,3.95,TCS,2278.95,-0.05920273648205576,1196.56,1197.9189999999999,
2016-01-15,1145.0,1145.675,1129.075,1131.75,1132.6908762957212,87596,6741,198438380.0,42038.0,47.99,33.2,-26.5,TCS,2263.5,-0.6779437899032348,1192.13875,1195.128,
2016-01-18,1135.0,1145.5,1131.5,1141.225,1140.646747781792,72243,3677,164807486.0,29380.0,40.67,28.0,12.45,TCS,2282.45,0.837199028053881,1188.78875,1192.6580000000001,
2016-01-19,1141.5,1146.5,1133.625,1139.5,1138.5097305389222,27388,2023,62363009.0,12802.0,46.74,25.75,-4.0,TCS,2279.0,-0.1511533659006692,1184.74,1190.5405,
2016-01-20,1139.5,1141.25,1121.875,1138.8,1132.3760843666626,59597,4773,134972435.0,29371.0,49.28,38.75,-1.4,TCS,2277.6,-0.06143045195261543,1181.53125,1188.259,
2016-01-21,1140.0,1143.125,1123.5,1130.6,1130.0424114305129,52981,3741,119741554.0,16273.0,30.71,39.25,-18.8,TCS,2261.2,-0.7200561995082566,1177.55125,1186.1205,
2016-01-22,1133.0,1150.5,1130.0,1147.625,1141.4217151585392,149269,4253,340757756.0,121966.0,81.71,41.0,29.25,TCS,2295.25,1.5058376083495473,1174.0987499999999,1184.4560000000001,
2016-01-25,1147.575,1169.4,1146.525,1152.975,1157.784476577438,33472,3552,77506724.0,11584.0,34.61,45.75,10.8,TCS,2305.95,0.4661801546672395,1170.2849999999999,1182.81,
2016-01-27,1151.975,1163.975,1141.85,1159.8,1158.371407646111,34135,2627,79082016.0,15943.0,46.71,44.25,15.65,TCS,2319.6,0.5919469199245464,1166.97625,1182.0330000000001,
2016-01-28,1155.0,1173.5,1155.0,1165.45,1166.4565390409596,35181,3222,82074215.0,12590.0,35.79,37.0,20.9,TCS,2330.9,0.487152957406467,1164.78875,1181.593,
2016-01-29,1169.5,1199.125,1168.05,1195.6,1184.1219857200592,37115,3270,87897375.0,13273.0,35.76,62.15,52.2,TCS,2391.2,2.586983568578649,1163.5887500000001,1181.6,
2016-02-01,1196.0,1206.0,1180.525,1201.1,1200.5434910525769,28891,2996,69369804.0,11684.0,40.44,50.95,10.2,TCS,2402.2,0.46002007360321784,1163.2375,1182.1029999999998,
2016-02-02,1204.0,1215.25,1190.0,1200.75,1207.6936012485369,38445,3491,92859561.0,15246.0,39.66,50.5,-6.5,TCS,2401.5,-0.029139955041201926,1163.8875,1182.486,
2016-02-03,1188.5,1211.45,1178.475,1208.525,1199.3584183984212,41047,3607,98460130.0,15270.0,37.2,65.95,40.05,TCS,2417.05,0.647511971684378,1165.555,1182.701,
2016-02-04,1210.0,1218.775,1201.6,1208.725,1208.705186496367,86436,3342,208951283.0,61310.0,70.93,34.35,-2.55,TCS,2417.45,0.016549099108398302,1166.4612499999998,1182.9585,
2016-02-05,1203.05,1219.975,1203.05,1212.925,1213.5716801543042,23849,2381,57884942.0,5579.0,23.39,33.85,19.75,TCS,2425.85,0.34747357753004415,1167.85625,1183.5159999999998,
2016-02-08,1207.5,1207.5,1175.0,1184.25,1193.1034093242963,43821,3012,104565969.0,16640.0,37.97,65.0,-46.5,TCS,2368.5,-2.364119793062225,1167.1375,1183.7495,
2016-02-09,1165.5,1166.0,1128.5,1140.725,1139.2097335608603,103138,9863,234991627.0,37107.0,35.98,75.0,-49.55,TCS,2281.45,-3.675321933713327,1165.09875,1183.0375,
2016-02-10,1140.0,1145.0,1129.025,1135.025,1134.9044207854474,70915,3927,160963494.0,34459.0,48.59,31.95,-9.95,TCS,2270.05,-0.4996822196410067,1163.74875,1182.0855000000001,
2016-02-11,1135.55,1142.5,1086.55,1098.025,1113.01931995084,61025,5472,135844008.0,22208.0,36.39,111.9,-75.05,TCS,2196.05,-3.2598400916279413,1161.6425,1180.4245,
2016-02-12,1099.0,1121.0,1083.975,1113.25,1106.3961010736175,69019,5275,152724705.0,16265.0,23.57,74.05,28.5,TCS,2226.5,1.3865804512647628,1160.33125,1179.037,
2016-02-15,1122.8,1153.25,1113.3,1134.775,1117.1061575672065,754129,4586,1684884299.0,713137.0,94.56,79.9,23.95,TCS,2269.55,1.9335279586795595,1160.4824999999998,1178.2240000000002,
2016-02-16,1135.0,1140.5,1122.4,1133.875,1131.9396333283648,26836,2073,60753464.0,8688.0,32.37,36.2,-2.25,TCS,2267.75,-0.0793108766054984,1160.115,1177.6,
2016-02-17,1135.35,1140.95,1124.025,1139.0,1132.9020963733433,43456,3986,98462787.0,17562.0,40.41,33.85,7.3,TCS,2278.0,0.4519898577885595,1160.09,1177.1390000000001,
2016-02-18,1140.025,1159.725,1139.5,1157.65,1150.3478623336584,31787,2854,73132215.0,11087.0,34.88,40.45,35.25,TCS,2315.3,1.6374012291483941,1161.0325,1176.997,
2016-02-19,1157.0,1162.65,1153.5,1160.1,1158.8927036349164,18845,1930,43678666.0,4743.0,25.17,18.3,6.2,TCS,2320.2,0.2116356411695941,1162.5075,1176.542,
2016-02-22,1160.25,1171.725,1152.55,1157.1,1165.0310543906135,407221,3588,948850222.0,387043.0,95.04,38.35,-6.3,TCS,2314.2,-0.25859839668993523,1162.98125,1175.8764999999999,
2016-02-23,1158.0,1160.0,1126.95,1132.55,1135.128043800231,183652,4294,416937071.0,157132.0,85.56,66.1,-50.9,TCS,2265.1,-2.121683519142681,1161.96,1174.655,
2016-02-24,1132.0,1132.0,1102.75,1109.325,1116.1621905206039,47176,3341,105312135.0,19203.0,40.71,58.5,-45.35,TCS,2218.65,-2.0506820890909827,1159.4362500000002,1173.067,
2016-02-25,1111.0,1119.0,1092.075,1106.125,1099.4610125304853,59455,4751,130736909.0,28635.0,48.16,53.85,-9.75,TCS,2212.25,-0.28846370540644983,1156.47,1171.4375,
2016-02-26,1119.0,1128.475,1101.3,1107.35,1109.5345797760283,36076,3365,80055139.0,11750.0,32.57,54.35,-23.3,TCS,2214.7,0.11074697705955039,1152.0575,1169.5135,
2016-02-29,1107.0,1115.0,1059.5,1090.95,1094.3374760660229,143102,8390,313203763.0,80824.0,56.48,111.0,-32.1,TCS,2181.9,-1.4810132297828016,1146.55,1166.9289999999999,
2016-03-01,1091.25,1142.25,1081.75,1137.5,1123.403928073654,50941,5340,114454639.0,13374.0,26.25,121.0,92.5,TCS,2275.0,4.266923323708682,1143.3875,1165.5145000000002,
2016-03-02,1145.55,1165.0,1128.025,1159.775,1143.4242552165,49746,4358,113761566.0,15444.0,31.05,73.95,28.45,TCS,2319.55,1.9582417582417744,1140.95,1164.3004999999998,
2016-03-03,1162.0,1194.75,1150.6,1188.65,1179.9278699961824,75967,5921,179271161.0,21171.0,27.87,88.3,53.3,TCS,2377.3,2.4897070552477807,1139.94625,1164.014,
2016-03-04,1186.5,1188.975,1175.0,1179.525,1181.371486013986,28600,2388,67574449.0,8836.0,30.9,27.95,-13.95,TCS,2359.05,-0.76767761746519,1138.2762500000001,1163.4005,
2016-03-08,1172.5,1182.5,1153.0,1177.2,1170.5032432264672,32221,2899,75429570.0,8657.0,26.87,59.0,9.4,TCS,2354.4,-0.19711324473835612,1137.9237500000002,1162.6109999999999,
2016-03-09,1175.0,1184.425,1149.0,1178.1,1165.7919828022257,43494,3923,101409913.0,10243.0,23.55,70.85,6.2,TCS,2356.2,0.0764525993883769,1139.7925,1161.588,
2016-03-10,1178.0,1178.0,1157.7,1174.0,1166.2629080879994,31182,2921,72732820.0,3749.0,12.02,40.6,-8.0,TCS,2348.0,-0.3480179950768103,1141.74125,1160.5485,
2016-03-11,1174.0,1194.95,1168.45,1183.0,1186.0814683469291,215998,3135,512382450.0,188677.0,87.35,53.0,18.0,TCS,2366.0,0.7666098807495692,1145.99,1160.0245000000002,
2016-03-14,1185.0,1198.45,1170.0,1176.0,1181.2503428117782,27712,2980,65469619.0,7474.0,26.97,56.9,-18.0,TCS,2352.0,-0.591715976331364,1149.1275,1159.1525,
2016-03-15,1177.5,1178.475,1160.0,1164.825,1166.8145219726355,23461,2303,54749271.0,9114.0,38.85,36.95,-25.35,TCS,2329.65,-0.950255102040809,1150.63,1158.2865,
2016-03-16,1161.7,1165.5,1154.1,1163.675,1160.2878673293,18512,1801,42958498.0,5485.0,29.63,22.8,3.95,TCS,2327.35,-0.09872727662953995,1152.1200000000001,1157.805,
2016-03-17,1165.05,1180.825,1165.05,1175.875,1173.642182236464,36513,3169,85706394.0,17471.0,47.85,31.55,21.65,TCS,2351.75,1.0484026897544352,1153.9637500000001,1157.8190000000002,
2016-03-18,1181.5,1217.5,1181.5,1213.625,1205.8125524437255,82231,6775,198310344.0,35154.0,42.75,72.0,64.25,TCS,2427.25,3.2103752524715645,1156.7625,1158.2795,
2016-03-21,1215.0,1228.5,1209.925,1221.825,1217.88327997231,46226,5357,112595745.0,16262.0,35.18,37.15,13.65,TCS,2443.65,0.6756617571325618,1159.84875,1159.0155,BUY
2016-03-22,1223.0,1242.5,1217.8,1237.025,1228.7025453316814,44395,3518,109096499.0,13229.0,29.8,49.4,28.05,TCS,2474.05,1.2440406768563506,1163.845,1159.7835,
2016-03-23,1239.0,1242.5,1228.55,1237.35,1237.3481416862778,123230,4059,304956823.0,100610.0,81.64,27.9,-3.3,TCS,2474.7,0.026272710737429428,1169.085,1160.9005,
2016-03-28,1242.55,1258.975,1230.6,1236.775,1240.338288242985,49715,4349,123326836.0,16826.0,33.84,56.75,-11.55,TCS,2473.55,-0.04647027922575209,1175.4575,1162.3955,
2016-03-29,1237.5,1243.2,1225.0,1233.925,1236.5058212339661,29547,2141,73070075.0,9540.0,32.29,36.4,-7.15,TCS,2467.85,-0.23043803440400135,1181.8475,1164.271,
2016-03-30,1235.0,1251.5,1232.5,1244.175,1244.3058609958505,28920,2892,71970651.0,9389.0,32.47,38.0,18.35,TCS,2488.35,0.8306825779524685,1188.68875,1166.365,
2016-03-31,1244.0,1267.0,1236.25,1258.025,1254.9880347267404,49184,5200,123450663.0,12833.0,26.09,61.5,28.05,TCS,2516.05,1.1131874535334818,1197.0425,1168.8905,
2016-04-01,1252.525,1260.475,1217.775,1227.7,1232.9915515494943,68119,10508,167980303.0,23178.0,34.03,85.4,-49.65,TCS,2455.4,-2.4105244331392495,1201.5525,1170.62,
2016-04-04,1234.5,1243.9,1224.0,1235.35,1231.440640684972,33870,3248,83417789.0,9896.0,29.22,39.8,1.7,TCS,2470.7,0.6231163965138009,1205.33125,1172.537,
2016-04-05,1236.15,1242.0,1223.375,1231.325,1235.4797281709211,199390,3159,492684606.0,44067.0,22.1,37.25,-9.65,TCS,2462.65,-0.32581859392073476,1207.4650000000001,1174.3875,
2016-04-06,1232.5,1243.75,1230.025,1239.45,1238.093178574314,37133,3856,91948228.0,11492.0,30.95,27.45,13.9,TCS,2478.9,0.6598582827441968,1210.4612499999998,1176.5645,
2016-04-07,1239.45,1241.7,1229.45,1235.475,1235.4012249705536,21225,2329,52442782.0,8018.0,37.78,24.5,-7.95,TCS,2470.95,-0.3207067650974338,1213.375,1178.3215,
2016-04-08,1232.5,1233.45,1212.6,1214.35,1218.7697014341982,33259,3092,81070123.0,11229.0,33.76,41.7,-36.3,TCS,2428.7,-1.7098686739917879,1215.1875,1179.549,
2016-04-11,1225.0,1257.225,1206.075,1253.325,1230.747101290746,54852,4810,135017880.0,19398.0,35.36,102.3,56.65,TCS,2506.65,3.2095359657430045,1219.15375,1181.4195,
2016-04-12,1253.325,1259.625,1243.725,1256.25,1252.031787474299,30641,2653,76727012.0,7315.0,23.87,31.8,5.85,TCS,2512.5,0.23337921129793493,1222.81625,1183.2355,
2016-04-13,1262.5,1271.7,1256.525,1261.575,1263.5137767923134,33825,3192,85476707.0,9901.0,29.27,30.35,-1.85,TCS,2523.15,0.4238805970149251,1227.095,1184.555,
2016-04-18,1224.5,1276.575,1224.5,1261.2,1250.8329465280356,226212,17073,565906845.0,32595.0,14.41,104.15,73.4,TCS,2522.4,-0.029724748825876723,1231.9137500000002,1185.757,
2016-04-20,1274.0,1274.0,1221.0,1225.95,1236.11211977088,241795,16820,597771460.0,63956.0,26.45,106.0,-96.1,TCS,2451.9,-2.7949571836346387,1235.0275,1186.261,
2016-04-21,1231.0,1233.45,1207.5,1211.6,1219.126852027336,89699,6207,218708919.0,19596.0,21.85,51.9,-38.8,TCS,2423.2,-1.170520820588128,1236.81375,1186.3225,
2016-04-22,1205.5,1217.5,1202.475,1208.6,1209.8744550252409,69728,5521,168724252.0,23009.0,33.0,30.05,6.2,TCS,2417.2,-0.24760647078243547,1236.5625,1186.32,
2016-04-25,1208.5,1227.1,1203.0,1224.15,1220.1025664347324,65967,3870,160973012.0,28506.0,43.21,48.2,31.3,TCS,2448.3,1.2866126096309882,1236.67875,1186.5445,
2016-04-26,1217.5,1246.4,1217.5,1244.0,1239.1808950936636,64753,5510,160481361.0,26087.0,40.29,57.8,53.0,TCS,2488.0,1.6215333088265282,1237.0275000000001,1187.7395,
2016-04-27,1244.95,1256.0,1238.675,1252.775,1249.84617961718,44773,5174,111918726.0,11050.0,24.68,34.65,15.65,TCS,2505.55,0.7053858520900347,1237.79875,1189.9805000000001,
2016-04-28,1254.0,1268.175,1250.0,1263.475,1262.2730623320865,74071,7564,186995656.0,23747.0,32.06,36.35,18.95,TCS,2526.95,0.8541038893655983,1239.13375,1192.5495,
2016-04-29,1260.0,1269.8,1255.55,1265.025,1264.2192786300552,355518,7191,898905419.0,299722.0,84.31,28.5,10.05,TCS,2530.05,0.12267753616019839,1240.6887499999998,1195.8895,
2016-05-02,1265.025,1265.025,1250.025,1262.575,1258.1993559975465,22826,2826,57439317.0,4954.0,21.7,30.0,-4.9,TCS,2525.15,-0.19367206181696295,1241.6087499999999,1198.876,
2016-05-03,1260.0,1265.0,1237.55,1240.125,1246.2844567187365,69522,4507,173288376.0,21311.0,30.65,54.9,-39.75,TCS,2480.25,-1.7781121913549747,1240.7137500000001,1200.983,
2016-05-04,1235.5,1246.05,1228.975,1239.125,1236.15558382173,31054,2441,76775151.0,8738.0,28.14,34.15,7.25,TCS,2478.25,-0.080637032557207,1241.285,1203.088,
2016-05-05,1240.325,1245.2,1232.5,1237.0,1237.1639173060528,46920,3410,116095462.0,22867.0,48.74,25.4,-6.65,TCS,2474.0,-0.17149198022797796,1241.3674999999998,1205.048,
2016-05-06,1235.0,1242.0,1216.0,1236.075,1227.2130581668623,27232,2634,66838932.0,5470.0,20.09,52.0,2.15,TCS,2472.15,-0.07477768795473017,1241.605,1206.6164999999999,
2016-05-09,1236.075,1259.95,1229.325,1257.675,1251.1195740669325,46674,4885,116789510.0,17775.0,38.08,61.25,43.2,TCS,2515.35,1.747466779928386,1242.5162500000001,1208.568,
2016-05-10,1257.0,1266.425,1248.55,1261.8,1259.8718549524544,21979,2224,55381447.0,6813.0,31.0,35.75,9.6,TCS,2523.6,0.3279861649472249,1243.8325,1210.662,
2016-05-11,1257.5,1262.0,1244.025,1258.875,1256.5404469365878,48508,4012,121904528.0,22126.0,45.61,35.95,2.75,TCS,2517.75,-0.23181169757489073,1246.05875,1213.1885,
2016-05-12,1259.5,1285.0,1259.5,1283.525,1277.4247856727695,55056,5822,140659798.0,20435.0,37.12,51.0,48.05,TCS,2567.05,1.9580975076953777,1247.56875,1216.6725,
2016-05-13,1282.5,1282.5,1256.0,1261.7,1264.6965805647665,47347,3485,119759178.0,16558.0,34.97,53.0,-41.6,TCS,2523.4,-1.7003953954928819,1247.84125,1219.7839999999999,
2016-05-16,1262.0,1281.975,1262.0,1276.9,1272.865757216291,27819,2861,70819705.0,8343.0,29.99,39.95,29.8,TCS,2553.8,1.2047237853689552,1248.6074999999998,1223.175,
2016-05-17,1278.0,1295.425,1276.5,1285.1,1287.0956185760372,53316,6598,137245580.0,20931.0,39.26,37.85,14.2,TCS,2570.2,0.6421802803664889,1249.8025,1227.058,
2016-05-18,1285.1,1285.1,1263.85,1275.225,1272.1554778482962,32458,3635,82583245.0,6870.0,21.17,42.5,-19.75,TCS,2550.45,-0.7684226908411751,1252.2662500000001,1229.8125,
2016-05-19,1275.0,1279.95,1263.875,1277.775,1274.052915307136,42294,2992,107769588.0,21035.0,49.74,32.15,5.55,TCS,2555.55,0.19996471210963485,1255.575,1232.1725,
2016-05-20,1282.475,1282.5,1263.0,1266.025,1271.888524949468,82126,5326,208910234.0,44687.0,54.41,39.0,-32.9,TCS,2532.05,-0.9195672164504676,1258.44625,1233.72,
2016-05-23,1266.0,1273.875,1240.5,1245.85,1254.0243444704292,189427,7455,475092139.0,133934.0,70.7,66.75,-40.3,TCS,2491.7,-1.59357042712428,1259.53125,1235.0465,
2016-05-24,1241.95,1244.0,1230.5,1233.75,1232.6320652029628,113001,2271,278577312.0,95461.0,84.48,27.0,-16.4,TCS,2467.5,-0.9712244652245405,1259.01875,1236.1775,
2016-05-25,1244.275,1266.0,1244.275,1263.35,1256.736393321259,75643,2796,190126622.0,56516.0,74.71,43.45,38.15,TCS,2526.7,2.3991894630192467,1259.5475000000001,1237.8825,
2016-05-26,1263.0,1284.5,1253.15,1276.4,1269.5854386525957,56286,3496,142919772.0,29871.0,53.07,62.7,26.8,TCS,2552.8,1.032967902798121,1260.19375,1239.9305,
2016-05-27,1280.5,1290.0,1275.0,1286.025,1283.613666067636,61210,4667,157139985.0,25982.0,42.45,30.0,11.05,TCS,2572.05,0.7540739580068845,1261.24375,1241.991,
2016-05-30,1292.5,1321.5,1292.5,1317.675,1307.6959501557633,65805,5809,172105864.0,29001.0,44.07,58.0,50.35,TCS,2635.35,2.461071907622303,1263.9987500000002,1244.8245,
2016-05-31,1310.5,1322.725,1285.0,1287.55,1297.6761127627722,47427,4494,123089770.0,12673.0,26.72,75.45,-45.9,TCS,2575.1,-2.286223841235513,1266.3700000000001,1247.279,
2016-06-01,1288.95,1321.275,1285.925,1315.925,1312.4964979630208,63820,5618,167527053.0,20049.0,31.41,70.7,53.95,TCS,2631.85,2.203797910760752,1270.21,1250.3239999999998,
2016-06-02,1314.75,1325.5,1304.5,1323.45,1318.9654352992006,32403,3484,85476874.0,8793.0,27.14,42.0,17.4,TCS,2646.9,0.5718411003666768,1274.5325,1253.2755,
2016-06-03,1325.5,1329.3,1310.3,1315.425,1317.0050248466173,36021,3030,94879676.0,12973.0,36.02,38.0,-20.15,TCS,2630.85,-0.606369715516275,1278.5,1255.3115,
2016-06-06,1314.775,1319.925,1302.5,1305.675,1311.0280458761595,31912,3159,83675054.0,14032.0,43.97,34.85,-18.2,TCS,2611.35,-0.7412053138719399,1280.9,1256.9885000000002,
2016-06-07,1313.5,1319.45,1307.5,1315.725,1314.3658241092571,18159,1848,47735138.0,5130.0,28.25,23.9,4.45,TCS,2631.45,0.769716813142618,1283.59625,1258.5625,
2016-06-08,1315.0,1315.0,1303.475,1305.55,1307.2459385290888,18220,1935,47636042.0,6153.0,33.77,23.05,-18.9,TCS,2611.1,-0.7733378935567803,1285.93,1259.9265,
2016-06-09,1310.0,1312.3,1279.0,1288.75,1289.777987561084,40518,4256,104518449.0,11543.0,28.49,66.6,-42.5,TCS,2577.5,-1.2868139864424921,1286.19125,1260.966,
2016-06-10,1288.5,1301.125,1278.0,1280.475,1286.4646424685984,30333,3579,78044664.0,6177.0,20.36,46.25,-16.05,TCS,2560.95,-0.6420950533462699,1287.1299999999999,1261.8970000000002,
2016-06-13,1275.0,1277.825,1260.5,1275.975,1270.7881465044925,36504,3686,92777701.0,9388.0,25.72,34.65,1.95,TCS,2551.95,-0.35143208574942575,1287.08375,1262.5330000000001,
2016-06-14,1275.0,1278.45,1259.125,1267.35,1265.4897783456474,36002,2884,91120326.0,15198.0,42.21,38.65,-15.3,TCS,2534.7,-0.6759536824781032,1286.19625,1262.7195,
2016-06-15,1265.0,1281.85,1261.8,1277.85,1271.423733968002,37815,2647,96157777.0,15212.0,40.23,40.1,25.7,TCS,2555.7,0.8285004142501995,1286.3274999999999,1263.7225,
2016-06-16,1280.25,1282.4,1258.875,1278.55,1269.748874929683,31998,3337,81258849.0,10830.0,33.85,47.05,-3.4,TCS,2557.1,0.054779512462332924,1286.3662499999998,1264.5865000000001,
2016-06-17,1279.5,1304.9,1279.5,1301.75,1296.121621303724,42509,3755,110193668.0,19019.0,44.74,50.8,44.5,TCS,2603.5,1.8145555512103506,1288.1525,1265.995,
2016-06-20,1299.75,1331.475,1297.4,1327.85,1322.0406816182938,113700,6415,300632051.0,73942.0,65.03,68.15,56.2,TCS,2655.7,2.0049932782792323,1292.2525,1267.763,
2016-06-21,1330.0,1330.55,1320.0,1323.65,1324.2646428077296,43366,2965,114856121.0,23653.0,54.54,21.1,-12.7,TCS,2647.3,-0.3163007869864676,1296.7475,1269.5265000000002,
2016-06-22,1323.65,1337.725,1317.0,1332.75,1328.7401706632102,55548,4780,147617718.0,11413.0,20.55,41.45,18.2,TCS,2665.5,0.6874929173119604,1300.2175,1271.8944999999999,
2016-06-23,1327.05,1328.975,1312.5,1322.15,1321.0607369098286,40412,3114,106773413.0,11984.0,29.65,32.95,-9.8,TCS,2644.3,-0.7953479647345607,1302.5049999999999,1273.271,
2016-06-24,1292.5,1296.05,1258.55,1285.35,1276.265043392828,152675,10234,389707531.0,59176.0,38.76,75.0,-14.3,TCS,2570.7,-2.783345308777385,1302.47125,1273.853,
2016-06-27,1274.0,1274.0,1242.075,1247.675,1249.7842854137582,104578,8039,261399882.0,27476.0,26.27,63.85,-52.65,TCS,2495.35,-2.9311082584509984,1298.97125,1273.575,
2016-06-28,1247.75,1251.0,1227.5,1230.9,1238.413915043869,93460,5680,231484329.0,36487.0,39.04,47.0,-33.7,TCS,2461.8,-1.3445007714348534,1296.1387499999998,1272.969,
2016-06-29,1238.5,1254.5,1233.5,1249.8,1244.099334967348,58343,4778,145168975.0,17839.0,30.58,42.0,22.6,TCS,2499.6,1.5354618571776557,1292.8325,1273.4460000000001,
2016-06-30,1257.0,1281.9,1250.275,1275.4,1261.0980906612647,185614,6964,468154922.0,137008.0,73.81,63.25,36.8,TCS,2550.8,2.048327732437194,1290.4299999999998,1274.7220000000002,
2016-07-01,1276.55,1285.5,1247.5,1250.9,1261.9942123701624,48811,5287,123198399.0,18644.0,38.2,76.0,-51.3,TCS,2501.8,-1.9209659714599314,1287.2037500000001,1275.568,
2016-07-04,1260.0,1262.5,1245.0,1247.4,1253.9660350544764,52775,3957,132356115.0,21968.0,41.63,35.0,-25.2,TCS,2494.8,-0.2797985450475604,1284.29,1276.0330000000001,
2016-07-05,1249.0,1249.0,1238.5,1241.35,1242.523903725684,30330,2656,75371500.0,11608.0,38.27,21.0,-15.3,TCS,2482.7,-0.4850088183421697,1280.57125,1275.98,
2016-07-07,1244.0,1246.45,1212.5,1214.525,1225.0060292384192,73807,5424,180828040.0,34274.0,46.44,67.9,-58.95,TCS,2429.05,-2.160953800298049,1276.02,1275.215,
2016-07-08,1217.5,1221.5,1202.25,1212.75,1214.8554294975688,114145,7013,277339346.0,75732.0,66.35,38.5,-9.5,TCS,2425.5,-0.14614767090015413,1272.2199999999998,1274.2005,SELL
2016-07-11,1213.5,1234.5,1213.5,1231.825,1227.1422780304529,50570,6838,124113170.0,17329.0,34.27,42.0,36.65,TCS,2463.65,1.5728715728715814,1269.7875,1273.5365000000002,
2016-07-12,1234.5,1238.325,1218.5,1230.75,1227.4474015088012,31018,3018,76145927.0,9298.0,29.98,39.65,-7.5,TCS,2461.5,-0.08726888965560065,1267.5262500000001,1272.9,
2016-07-13,1238.0,1249.0,1225.775,1245.7,1242.1701353683047,56217,4230,139662157.0,18030.0,32.07,46.45,15.4,TCS,2491.4,1.2147064797887408,1266.44375,1273.0114999999998,
2016-07-14,1244.25,1263.425,1236.025,1260.15,1253.0327572964668,91140,6779,228402811.0,25729.0,28.23,54.8,31.8,TCS,2520.3,1.159990366862007,1265.5587500000001,1273.432,
2016-07-15,1262.0,1264.0,1214.025,1220.95,1232.3948943035505,289461,21065,713460517.0,72475.0,25.04,99.95,-82.1,TCS,2441.9,-3.110740784827204,1262.67875,1273.1109999999999,
2016-07-18,1222.5,1235.0,1214.475,1216.75,1221.825481869028,91363,6931,223259283.0,39866.0,43.63,41.05,-11.5,TCS,2433.5,-0.34399443056636336,1258.42875,1272.7245,
2016-07-19,1215.0,1233.525,1215.0,1230.775,1226.1251398828886,38425,4078,94227717.0,13315.0,34.65,37.05,31.55,TCS,2461.55,1.1526607766591423,1253.575,1272.1865,
2016-07-20,1229.0,1249.5,1224.025,1246.625,1243.75234375,58240,4682,144872273.0,20184.0,34.66,50.95,35.25,TCS,2493.25,1.287806463407204,1249.72375,1271.883,
2016-07-21,1245.0,1257.5,1233.0,1250.625,1246.674481707317,49200,4390,122672769.0,10931.0,22.22,49.0,11.25,TCS,2501.25,0.3208663391156108,1245.6175,1271.718,
2016-07-22,1245.0,1260.45,1240.0,1254.575,1254.6105824446265,42665,3761,107055921.0,9577.0,22.45,40.9,19.15,TCS,2509.15,0.3158420789605154,1242.23875,1271.139,
2016-07-25,1254.25,1277.5,1253.525,1275.775,1268.3531753599693,62922,4699,159614637.0,23765.0,37.77,47.95,43.05,TCS,2551.55,1.6898152760895124,1241.76,1271.4205,
2016-07-26,1275.5,1281.5,1265.65,1274.15,1274.8499334283244,42811,4830,109155201.0,12804.0,29.91,31.7,-2.7,TCS,2548.3,-0.1273735572495105,1243.08375,1271.3655,
2016-07-27,1275.0,1290.0,1274.15,1288.05,1284.2662039091765,56329,5938,144682862.0,24314.0,43.16,31.7,26.1,TCS,2576.1,1.0909233606718027,1245.94125,1271.4245,
2016-07-28,1288.5,1313.3,1288.5,1307.775,1300.2807871560544,60293,4677,156795659.0,23089.0,38.29,49.6,38.55,TCS,2615.55,1.5313846512169604,1248.8400000000001,1272.0755,
2016-07-29,1307.0,1316.0,1299.6,1309.275,1309.3430913902278,42324,3878,110833274.0,12554.0,29.66,32.8,4.55,TCS,2618.55,0.11469862935138408,1250.53375,1272.7055,
2016-08-01,1310.0,1360.0,1310.0,1349.0,1347.116071894062,153448,8648,413424534.0,60087.0,39.16,100.0,78.0,TCS,2698.0,3.0341219377136186,1255.4387499999998,1274.365,
2016-08-02,1348.0,1358.0,1343.025,1346.05,1346.8512472251805,155866,4527,419856633.0,115483.0,74.09,29.95,-3.9,TCS,2692.1,-0.2186805040770956,1260.3712500000001,1276.3690000000001,
2016-08-03,1340.25,1347.0,1324.425,1328.125,1332.6090114740964,66149,3216,176301507.0,45577.0,68.9,45.15,-24.25,TCS,2656.25,-1.3316741577207303,1264.71,1278.2565000000002,
2016-08-04,1339.35,1341.025,1319.475,1326.325,1331.088253968254,55125,2629,146752480.0,24558.0,44.55,43.1,-26.05,TCS,2652.65,-0.135529411764701,1270.3,1279.5159999999998,
2016-08-05,1330.0,1341.45,1316.5,1324.45,1331.0309681298859,101443,2746,270047549.0,77946.0,76.84,49.9,-11.1,TCS,2648.9,-0.14136806589636342,1275.885,1280.477,
2016-08-08,1324.0,1333.4,1315.725,1325.95,1326.1850004337641,34581,2286,91721607.0,14931.0,43.18,35.35,3.9,TCS,2651.9,0.11325455849597876,1280.59125,1281.2755,
2016-08-09,1325.95,1329.5,1305.0,1325.275,1323.1618826761153,50237,4960,132943367.0,23547.0,46.87,49.0,-1.35,TCS,2650.55,-0.05090689694181583,1285.3175,1281.4275,BUY
2016-08-10,1325.0,1340.0,1323.5,1336.95,1334.7627217594365,57382,3419,153182709.0,21119.0,36.8,33.0,23.9,TCS,2673.9,0.8809492369508121,1289.8799999999999,1282.4155,
2016-08-11,1335.0,1357.5,1334.75,1352.15,1350.73865659012,34271,3148,92582329.0,11795.0,34.42,45.5,34.3,TCS,2704.3,1.136916115037967,1294.48,1283.14,
2016-08-12,1353.0,1370.0,1352.975,1366.175,1365.248833854292,41590,3937,113561398.0,13876.0,33.36,34.05,26.35,TCS,2732.35,1.0372369929371628,1301.74125,1283.9945,
2016-08-16,1370.0,1370.0,1337.0,1345.725,1352.0763568794653,34712,3189,93866549.0,8806.0,25.37,66.0,-48.55,TCS,2691.45,-1.4968799751129969,1308.19,1284.6005,
2016-08-17,1347.5,1347.5,1309.0,1311.95,1318.4306424397068,48596,2757,128140911.0,24034.0,49.46,77.0,-71.1,TCS,2623.9,-2.5097995504281934,1312.24875,1284.7259999999999,
2016-08-18,1315.0,1328.5,1315.0,1318.35,1322.6766012365688,16659,1410,44068939.0,4912.0,29.49,27.0,6.7,TCS,2636.7,0.487823468882187,1315.835,1284.7785,
2016-08-19,1318.0,1323.9,1300.0,1301.975,1305.30711440133,31879,3307,83223771.0,12701.0,39.84,47.8,-32.05,TCS,2603.95,-1.242082906663633,1318.4025,1284.707,
2016-08-22,1290.5,1296.75,1270.0,1275.725,1280.49714306121,42003,3228,107569443.0,9332.0,22.22,53.5,-29.55,TCS,2551.45,-2.016167745156394,1319.46,1284.4465,
2016-08-23,1268.0,1303.0,1268.0,1301.6,1297.324803676602,44824,2688,116302574.0,13672.0,30.5,70.0,67.2,TCS,2603.2,2.0282584412784965,1320.75125,1284.869,
2016-08-24,1300.5,1300.5,1284.05,1285.95,1290.8247796511473,37781,2050,97537302.0,16120.0,42.67,32.9,-29.1,TCS,2571.9,-1.202366318377368,1321.34125,1285.0684999999999,
2016-08-25,1288.0,1294.6,1264.5,1275.05,1277.4803741631383,47947,3087,122502703.0,14308.0,29.84,60.2,-25.9,TCS,2550.1,-0.847622380341384,1320.69125,1285.2225,
2016-08-26,1277.55,1285.775,1260.525,1264.575,1269.431795021109,27476,2103,69757816.0,6203.0,22.58,50.5,-25.95,TCS,2529.15,-0.8215364103368428,1318.53125,1284.9569999999999,
2016-08-29,1265.0,1266.975,1235.575,1250.8,1245.9760845857616,58686,4482,146242705.0,17749.0,30.24,62.8,-28.4,TCS,2501.6,-1.08929877626871,1315.6075,1284.402,
2016-08-30,1255.0,1287.375,1250.8,1274.35,1264.8062362435803,34075,2430,86196545.0,10765.0,31.59,73.15,38.7,TCS,2548.7,1.8827950111928393,1311.875,1283.854,
2016-08-31,1273.5,1273.5,1250.5,1256.275,1262.3658702514422,36748,2322,92778842.0,10721.0,29.17,46.0,-34.45,TCS,2512.55,-1.4183701494879575,1307.38625,1282.4225,
2016-09-01,1264.5,1265.0,1244.975,1253.8,1253.5088839856,25833,1939,64763790.0,7023.0,27.19,40.05,-21.4,TCS,2507.6,-0.1970110047561313,1303.6699999999998,1281.0255,
2016-09-02,1257.5,1259.5,1249.55,1256.75,1254.310324265085,31024,2477,77827447.0,8838.0,28.49,19.9,-1.5,TCS,2513.5,0.23528473440741493,1300.19125,1279.5055,
2016-09-06,1257.0,1272.0,1240.5,1242.025,1243.146416087274,260330,3849,647256613.0,225567.0,86.65,63.0,-29.95,TCS,2484.05,-1.1716729659836833,1296.0700000000002,1277.9029999999998,
2016-09-07,1254.5,1254.5,1212.0,1223.5,1233.0542766300043,146564,7484,361442734.0,79154.0,54.01,85.0,-62.0,TCS,2447.0,-1.4915158712586418,1290.9475,1276.666,
2016-09-08,1183.5,1183.5,1143.5,1160.575,1157.7626440323081,301842,26702,698922784.0,107632.0,35.66,80.0,-45.85,TCS,2321.15,-5.143032284429916,1282.7125,1274.924,
2016-09-09,1162.5,1183.0,1160.0,1176.25,1173.6632776934748,95555,6371,224298789.0,33230.0,34.78,46.0,27.5,TCS,2352.5,1.350623613295121,1274.6775000000002,1273.8310000000001,
2016-09-12,1168.75,1182.3,1160.0,1179.55,1177.1185173648964,70631,4371,166282116.0,29706.0,42.06,44.6,21.6,TCS,2359.1,0.28055260361317114,1266.0475000000001,1272.426,SELL
2016-09-14,1179.55,1187.475,1155.5,1164.275,1163.5308359431463,132832,6847,309108256.0,76921.0,57.91,63.95,-30.55,TCS,2328.55,-1.2949853757788898,1255.9524999999999,1270.2034999999998,
2016-09-15,1169.5,1172.25,1159.0,1164.025,1162.697543092465,121657,5127,282900590.0,69921.0,57.47,26.5,-10.95,TCS,2328.05,-0.021472590238558187,1246.8674999999998,1268.4660000000001,
2016-09-16,1172.5,1188.475,1160.0,1180.575,1171.2955675741307,197657,6693,463029536.0,105633.0,53.44,56.95,16.15,TCS,2361.15,1.4217907690986076,1240.2987500000002,1267.1295,
2016-09-19,1181.9,1211.475,1175.175,1203.675,1202.343181818182,85800,6178,206322090.0,27700.0,32.28,72.6,43.55,TCS,2407.35,1.9566736547868446,1234.565,1266.376,
2016-09-20,1203.675,1209.95,1192.5,1205.55,1200.1432603717315,37554,2486,90140360.0,9396.0,25.02,34.9,3.75,TCS,2411.1,0.15577294535484842,1229.74375,1266.1965,
2016-09-21,1203.25,1210.7,1200.525,1206.75,1208.8150336745673,842921,4563,2037871154.0,791313.0,93.88,20.35,7.0,TCS,2413.5,0.09953962921489534,1226.2949999999998,1266.0765000000001,
2016-09-22,1214.25,1214.25,1185.5,1188.825,1195.7265893489105,234530,8429,560867514.0,132201.0,56.37,57.5,-50.85,TCS,2377.65,-1.485394655065253,1220.65625,1265.2165,
2016-09-23,1192.0,1200.75,1187.5,1198.65,1193.680942264264,441044,3180,1052931635.0,412986.0,93.64,26.5,13.3,TCS,2397.3,0.8264462809917328,1216.29125,1264.5745,
2016-09-26,1196.5,1208.45,1196.5,1200.425,1204.6068907154079,279463,2846,673286111.0,261181.0,93.46,23.9,7.85,TCS,2400.85,0.14808326033453056,1212.56,1263.6689999999999,
2016-09-27,1202.5,1222.5,1202.5,1215.35,1215.8266554672418,39883,2886,96981629.0,9598.0,24.07,40.0,25.7,TCS,2430.7,1.2433096611616623,1210.0987499999999,1262.7730000000001,
2016-09-28,1215.0,1218.0,1207.5,1211.725,1213.8240750927264,127256,2113,308932793.0,111826.0,87.87,21.0,-6.55,TCS,2423.45,-0.29826798864525106,1208.145,1262.5885,
2016-09-29,1214.0,1224.8,1209.725,1217.3,1217.0287800687283,350364,4287,852806143.0,305953.0,87.32,30.15,6.6,TCS,2434.6,0.4600878912294437,1205.2925,1262.5995,
2016-09-30,1217.5,1224.0,1212.5,1213.6,1217.3130932559775,174777,1892,425516661.0,156957.0,89.8,23.0,-7.8,TCS,2427.2,-0.3039513677811634,1203.15875,1262.256,
2016-10-03,1220.0,1227.5,1200.65,1205.9,1206.423696945916,91746,5818,221369097.0,54449.0,59.35,53.7,-28.2,TCS,2411.8,-0.6344759393539734,1200.76375,1261.4415,
2016-10-04,1206.0,1211.15,1197.525,1200.55,1204.675923244026,759550,3090,1830023195.0,728454.0,95.91,27.25,-10.9,TCS,2401.1,-0.4436520441164382,1197.9537500000001,1260.44,
2016-10-05,1203.0,1206.7,1188.0,1191.275,1193.863494321243,46401,2898,110792920.0,12178.0,26.25,37.4,-23.45,TCS,2382.55,-0.7725625754862242,1195.41625,1259.174,
2016-10-06,1195.0,1198.775,1186.0,1192.125,1192.5464978495565,45572,2780,108693458.0,12423.0,27.26,25.55,-5.75,TCS,2384.25,0.07135212272564306,1193.8475,1257.501,
2016-10-07,1194.0,1194.0,1178.45,1184.125,1183.6041436152195,44285,3324,104831819.0,19789.0,44.69,31.1,-19.75,TCS,2368.25,-0.6710705672643424,1195.025,1255.7005,
2016-10-10,1185.0,1192.5,1176.4,1190.05,1188.2400838869223,82492,3789,196040602.0,45487.0,55.14,32.2,10.1,TCS,2380.1,0.500369471128459,1195.715,1253.7404999999999,
2016-10-13,1177.5,1183.925,1161.625,1164.25,1171.728221695018,396220,6377,928524312.0,307639.0,77.64,44.6,-26.5,TCS,2328.5,-2.167976135456484,1194.95,1250.87,
2016-10-14,1161.0,1192.2,1149.425,1182.95,1173.6076867654097,181819,9102,426768352.0,28402.0,15.62,85.55,43.9,TCS,2365.9,1.6061842387803393,1195.8837500000002,1248.3435,
2016-10-17,1183.55,1188.5,1174.025,1181.45,1180.826068675543,57080,2676,134803104.0,27863.0,48.81,28.95,-4.2,TCS,2362.9,-0.1268016399678773,1196.7549999999999,1244.9925,
2016-10-18,1185.5,1205.0,1177.5,1199.15,1188.8646340137534,73582,4649,174958075.0,32857.0,44.65,55.0,27.3,TCS,2398.3,1.4981590418553514,1197.68375,1242.0545,
2016-10-19,1202.5,1202.5,1185.6,1197.1,1192.9557238216748,54081,2605,129032477.0,25975.0,48.03,33.8,-10.8,TCS,2394.2,-0.17095442605180589,1197.355,1239.434,
2016-10-20,1195.05,1204.375,1193.0,1199.925,1200.5853170997639,27515,1834,66068210.0,8673.0,31.52,22.75,9.75,TCS,2399.85,0.2359869685072402,1197.07375,1236.906,
2016-10-21,1199.0,1215.625,1199.0,1214.35,1211.02373183375,43212,2395,104661515.0,23969.0,55.47,33.25,30.7,TCS,2428.7,1.2021584682375908,1197.4537500000001,1234.704,
2016-10-24,1214.0,1215.275,1202.0,1213.925,1209.9839506789137,20032,1488,48476797.0,6783.0,33.86,26.55,-0.15,TCS,2427.85,-0.03499814715690608,1198.70875,1232.4635,
2016-10-25,1199.0,1207.2,1194.45,1199.325,1200.6965642265193,34752,2126,83453214.0,9267.0,26.67,25.5,0.65,TCS,2398.65,-1.2027102168585269,1198.7424999999998,1229.9445,
2016-10-26,1199.325,1201.975,1186.5,1198.475,1194.8572571592347,41869,2309,100054957.0,18435.0,44.03,30.95,-1.7,TCS,2396.95,-0.07087319950807025,1198.645,1227.175,
2016-10-27,1190.0,1212.5,1183.45,1206.625,1194.5016855174445,54286,7251,129689437.0,21379.0,39.38,58.1,33.25,TCS,2413.25,0.6800308725672277,1198.20875,1224.2645,
2016-10-28,1206.625,1207.5,1191.5,1199.625,1199.9795343597443,34619,2336,83084183.0,15324.0,44.26,32.0,-14.0,TCS,2399.25,-0.580130529369105,1197.6037499999998,1220.9334999999999,
2016-10-30,1200.0,1212.0,1195.0,1197.3,1198.5422324823464,7364,798,17652130.0,3093.0,42.0,34.0,-5.4,TCS,2394.6,-0.19381056580182188,1196.60375,1217.965,
2016-11-01,1197.0,1197.3,1167.525,1173.85,1182.8897000159564,37602,2970,88958037.0,16386.0,43.58,59.55,-46.3,TCS,2347.7,-1.958573456944801,1194.61625,1215.203,
2016-11-02,1170.0,1170.0,1148.075,1152.225,1162.6586611429104,662834,4391,1541299382.0,620496.0,93.61,43.85,-35.55,TCS,2304.45,-1.8422285641265912,1191.9325,1211.8805,
2016-11-03,1147.0,1166.775,1142.0,1159.975,1157.0204026690767,52003,3692,120337064.0,13490.0,25.94,49.55,25.95,TCS,2319.95,0.6726116860856113,1189.90375,1209.0404999999998,
2016-11-04,1150.5,1168.0,1147.475,1165.05,1158.1167146290559,63244,2944,146487867.0,34560.0,54.65,41.05,29.1,TCS,2330.1,0.43750942908251655,1188.5925,1206.827,
2016-11-07,1165.75,1169.5,1131.55,1139.675,1148.9562846896392,137469,4330,315891743.0,86808.0,63.15,75.9,-52.15,TCS,2279.35,-2.1780181108106977,1185.9699999999998,1203.5885,
2016-11-08,1140.0,1153.75,1131.15,1141.85,1141.6843993098646,66074,4631,150871310.0,17845.0,27.01,45.2,3.7,TCS,2283.7,0.1908438809309576,1183.8562499999998,1200.7065,
2016-11-09,1110.45,1137.5,1071.15,1085.525,1089.7273321587904,378587,14601,825113203.0,192934.0,50.96,132.7,-49.85,TCS,2171.05,-4.932784516355026,1178.6299999999999,1196.9160000000002,
2016-11-10,1100.0,1109.5,1071.0,1079.025,1093.302367137017,75830,4781,165810237.0,26230.0,34.59,77.0,-41.95,TCS,2158.05,-0.5987886045922486,1174.36875,1193.205,
2016-11-11,1072.5,1073.0,1045.5,1052.525,1056.2434341668124,85785,6740,181219686.0,23624.0,27.54,55.0,-39.95,TCS,2105.05,-2.455920854475102,1167.8474999999999,1189.2395,
2016-11-15,1057.5,1078.2,1027.35,1061.05,1054.4020621109808,60569,4358,127728157.0,15038.0,24.83,101.7,7.1,TCS,2122.1,0.8099570081470553,1161.8275,1184.9735,
2016-11-16,1062.5,1104.75,1062.5,1095.125,1096.2643042842706,509655,4828,1117433168.0,461475.0,90.55,84.5,65.25,TCS,2190.25,3.211441496630707,1156.62625,1181.7505,
2016-11-17,1094.5,1102.35,1067.6,1071.075,1081.2755787311369,63285,4247,136857050.0,17886.0,28.26,69.5,-46.85,TCS,2142.15,-2.196096336034692,1150.325,1178.096,
2016-11-18,1073.0,1074.525,1053.25,1061.575,1061.8712516297262,47554,3122,100992451.0,8506.0,17.89,42.55,-22.85,TCS,2123.15,-0.8869593632565453,1143.4074999999998,1174.1925,
2016-11-21,1065.0,1070.5,1053.5,1066.275,1063.6565567195166,42384,2035,90164039.0,11829.0,27.91,34.0,2.55,TCS,2132.55,0.44273838400490373,1136.00375,1170.6775,
2016-11-22,1066.0,1087.45,1060.825,1067.15,1074.0099392737638,40345,3041,86661862.0,10103.0,25.04,53.25,2.3,TCS,2134.3,0.0820613819136673,1128.665,1167.5505,
2016-11-23,1070.575,1081.15,1064.8,1078.35,1075.2087113058285,368854,1974,793190068.0,342808.0,92.94,32.7,15.55,TCS,2156.7,1.0495244342407117,1122.61625,1165.906,
2016-11-24,1077.5,1104.0,1070.0,1093.25,1096.2856592019111,264532,3527,580005276.0,221733.0,83.82,68.0,31.5,TCS,2186.5,1.381740622246963,1117.355,1164.2459999999999,
2016-11-25,1099.975,1155.0,1098.05,1150.425,1136.4289826818729,153885,8253,349758748.0,56385.0,36.64,113.9,100.9,TCS,2300.85,5.2298193459867415,1114.545,1163.6635,
2016-11-28,1150.0,1158.85,1127.2,1138.65,1141.8694019428324,64442,5330,147168696.0,14547.0,22.57,63.3,-22.7,TCS,2277.3,-1.0235347806245354,1111.4962500000001,1163.151,
2016-11-29,1140.25,1145.125,1125.675,1129.2,1135.4743115379183,35405,2257,80402936.0,9440.0,26.66,38.9,-22.1,TCS,2258.4,-0.8299301804768899,1108.09125,1162.4545,
2016-11-30,1131.25,1147.5,1122.025,1138.375,1135.4596506169248,48142,3273,109326597.0,11362.0,23.6,50.95,14.25,TCS,2276.75,0.8125221395678395,1106.3174999999999,1161.6105,
2016-12-01,1145.0,1145.0,1128.325,1133.225,1135.7031544734323,34459,2368,78270390.0,9260.0,26.87,33.35,-23.55,TCS,2266.45,-0.45239925332163367,1105.3675,1160.2015,
2016-12-02,1132.5,1134.95,1104.0,1111.95,1117.3397641091303,40612,2893,90754805.0,10812.0,26.62,61.9,-41.1,TCS,2223.9,-1.8773853383043826,1102.96625,1158.3295,
2016-12-05,1110.5,1117.575,1086.5,1093.225,1096.171260827212,37983,3708,83271746.0,8639.0,22.74,62.15,-34.55,TCS,2186.45,-1.6839785961599074,1099.375,1156.059,
2016-12-06,1097.5,1102.0,1088.5,1095.225,1095.9174389124448,45754,2511,100285213.0,19375.0,42.35,27.0,-4.55,TCS,2190.45,0.1829449564362262,1097.1525,1154.187,
2016-12-07,1095.0,1095.0,1075.5,1079.1,1083.871384047446,66096,3900,143279126.0,26836.0,40.6,39.0,-31.8,TCS,2158.2,-1.4723002122851492,1094.015,1151.7959999999998,
2016-12-08,1080.0,1100.0,1080.0,1098.45,1096.1198543356654,62747,2531,137556465.0,35204.0,56.1,40.0,36.9,TCS,2196.9,1.7931609674729065,1094.6612499999999,1149.7565000000002,
2016-12-09,1100.775,1110.475,1087.5,1096.725,1100.609894245606,53142,3481,116977222.0,16567.0,31.17,45.95,-8.1,TCS,2193.45,-0.15703946470027041,1095.5462499999999,1147.384,
2016-12-12,1097.5,1107.75,1083.0,1103.125,1101.2211454978938,217687,4239,479443055.0,170616.0,78.38,49.5,11.25,TCS,2206.25,0.5835555859490915,1098.07625,1145.212,
2016-12-13,1122.0,1122.0,1092.5,1100.425,1100.2442451163247,40748,2981,89665505.0,11130.0,27.31,59.0,-43.15,TCS,2200.85,-0.24475920679887242,1100.0449999999998,1142.8745000000001,
2016-12-14,1101.0,1111.5,1095.0,1103.95,1103.4666856289555,56252,3712,124144416.0,23939.0,42.56,33.0,5.9,TCS,2207.9,0.3203307812890577,1100.4862500000002,1140.6815,
2016-12-15,1103.95,1135.75,1100.275,1129.75,1126.010376727492,106151,9049,239054255.0,34605.0,32.6,70.95,51.6,TCS,2259.5,2.3370623669550117,1103.42,1139.1585,
2016-12-16,1135.05,1143.0,1128.8,1140.875,1137.5057001433433,44648,3201,101574709.0,14260.0,31.94,28.4,11.65,TCS,2281.75,0.9847311352068955,1107.385,1137.965,
2016-12-19,1144.0,1148.025,1131.45,1143.75,1137.9175844146405,27513,1978,62615053.0,10169.0,36.96,33.15,-0.5,TCS,2287.5,0.2519995617398907,1111.25875,1137.0145,
2016-12-20,1145.0,1172.0,1143.725,1168.875,1163.8386655327045,64670,4815,150530893.0,18059.0,27.92,56.55,47.75,TCS,2337.75,2.1967213114754136,1116.345,1136.5495,
2016-12-21,1172.5,1172.5,1152.5,1156.375,1159.4121598183597,31711,3432,73532238.0,13064.0,41.2,40.0,-32.25,TCS,2312.75,-1.0694043417816324,1120.24625,1135.9945,
2016-12-22,1156.375,1162.35,1143.0,1154.925,1153.0594687012958,42989,2334,99137747.0,20698.0,48.15,38.7,-2.9,TCS,2309.85,-0.12539184952978788,1123.33,1135.2920000000001,
2016-12-23,1154.5,1157.85,1140.0,1145.1,1148.495296364408,28276,1839,64949706.0,9243.0,32.69,35.7,-18.8,TCS,2290.2,-0.8507045912072297,1123.0637499999998,1134.909,
2016-12-26,1140.0,1150.0,1136.25,1146.05,1145.2457941492305,30731,2077,70389097.0,10653.0,34.67,27.5,12.1,TCS,2292.1,0.08296218670857947,1123.43375,1134.1709999999998,
2016-12-27,1145.0,1164.5,1144.425,1160.925,1159.4391668007079,31085,2375,72082333.0,9254.0,29.77,40.15,31.85,TCS,2321.85,1.2979363902098529,1125.02,1133.7605,
2016-12-28,1162.5,1174.5,1154.025,1157.9,1167.7574489553656,33696,2857,78697510.0,10046.0,29.81,40.95,-9.2,TCS,2315.8,-0.26056808148673394,1125.99625,1132.9355,
2016-12-29,1152.45,1177.5,1152.45,1175.375,1172.7852348993288,41571,2592,97507710.0,13822.0,33.25,50.1,45.85,TCS,2350.75,1.509197685465069,1128.1037499999998,1132.501,
2016-12-30,1175.95,1187.95,1175.95,1180.975,1182.6351527278864,41479,3269,98109047.0,13043.0,31.44,24.0,10.05,TCS,2361.95,0.47644368818462457,1131.5549999999998,1132.122,
2017-01-02,1182.5,1187.5,1176.45,1179.525,1183.217668125746,25130,1644,59468520.0,6621.0,26.35,22.1,-5.95,TCS,2359.05,-0.12277990643322356,1135.87,1131.4255,BUY
2017-01-03,1180.5,1185.675,1172.025,1184.25,1178.3596840352516,49246,3549,116059002.0,24565.0,49.88,27.3,7.5,TCS,2368.5,0.4005849812424467,1140.32125,1130.8319999999999,
2017-01-04,1184.55,1193.0,1179.25,1189.275,1187.3903431888123,25671,1838,60962995.0,8853.0,34.49,27.5,9.45,TCS,2378.55,0.42431918936036706,1145.83,1130.631,
2017-01-05,1189.275,1193.5,1162.5,1167.275,1175.49661879472,58559,4641,137671813.0,18851.0,32.19,62.0,-44.0,TCS,2334.55,-1.849866515313947,1149.2712500000002,1130.007,
2017-01-06,1160.0,1164.9,1128.5,1141.8,1141.2846750654105,264484,7145,603703072.0,198743.0,75.14,72.8,-36.4,TCS,2283.6,-2.182433445417753,1151.525,1128.7105000000001,
2017-01-09,1144.0,1155.0,1128.525,1151.875,1143.145492766168,40435,2907,92446176.0,6699.0,16.57,52.95,15.75,TCS,2303.75,0.8823787002977701,1153.9625,1127.7555,
2017-01-10,1159.5,1164.15,1144.5,1157.725,1158.3133664109248,106618,4428,246994109.0,70938.0,66.53,39.3,-3.55,TCS,2315.45,0.5078676071622379,1156.8274999999999,1126.964,
2017-01-11,1157.725,1164.0,1141.0,1161.525,1153.424904198336,47233,3229,108959437.0,10459.0,22.14,46.0,7.6,TCS,2323.05,0.32822993370620335,1159.70625,1126.7175,
2017-01-12,1169.95,1179.875,1151.5,1171.65,1167.0969802446784,107161,7010,250134559.0,24156.0,22.54,56.75,3.4,TCS,2343.3,0.8716988441918927,1161.80125,1127.106,
2017-01-13,1175.0,1184.0,1120.75,1126.0,1136.3163760145833,456961,25525,1038504535.0,154967.0,33.91,126.5,-98.0,TCS,2252.0,-3.8962147398967306,1161.0575000000001,1126.4265,
2017-01-16,1126.0,1136.95,1115.0,1129.275,1128.9974816913084,144740,5667,326822191.0,77719.0,53.7,43.9,6.55,TCS,2258.55,0.290852575488465,1160.33375,1125.711,
2017-01-17,1130.0,1143.5,1126.275,1138.825,1138.6258395006453,37969,2890,86464969.0,16111.0,42.43,34.45,17.65,TCS,2277.65,0.8456753226627756,1158.83125,1125.694,
2017-01-18,1142.3,1148.5,1133.5,1147.5,1142.06202933349,119113,3702,272068869.0,88437.0,74.25,30.0,10.4,TCS,2295.0,0.7617500493930063,1158.3875,1125.807,
2017-01-19,1147.5,1148.5,1141.5,1145.15,1144.0949066821825,67029,2505,153375075.0,50646.0,75.56,14.0,-4.7,TCS,2290.3,-0.2047930283224364,1157.89875,1126.9995,
2017-01-20,1145.5,1150.0,1133.0,1143.725,1142.1016265410185,30986,2079,70778322.0,10796.0,34.84,34.0,-3.55,TCS,2287.45,-0.12443784657033552,1157.8300000000002,1128.2935,
2017-01-23,1129.5,1155.5,1129.5,1152.85,1148.9012612402196,85630,4227,196760830.0,44570.0,52.05,52.0,46.7,TCS,2305.7,0.7978316465933721,1158.1699999999998,1130.3,
2017-01-24,1155.0,1162.0,1147.25,1159.0,1156.8038019625792,116887,2668,270430652.0,95581.0,81.77,29.5,8.0,TCS,2318.0,0.533460554278542,1158.07375,1132.259,
2017-01-25,1159.0,1179.975,1159.0,1176.35,1172.01879856441,57398,3445,134543070.0,27693.0,48.25,41.95,34.7,TCS,2352.7,1.4969801553062823,1158.9962500000001,1133.8835,
2017-01-27,1175.0,1188.65,1173.75,1179.025,1181.6492711955068,44868,3265,106036479.0,13395.0,29.85,29.8,8.05,TCS,2358.05,0.22739830832660957,1159.17875,1136.0425,
2017-01-30,1170.0,1174.025,1161.025,1167.1,1166.529993583077,90386,2205,210875960.0,68226.0,75.48,26.0,-5.8,TCS,2334.2,-1.0114289349250627,1158.4850000000001,1138.1529999999998,
2017-01-31,1167.0,1167.0,1103.275,1114.95,1118.7068424132246,223883,12519,500918888.0,78652.0,35.13,127.45,-104.1,TCS,2229.9,-4.468340330734288,1155.25625,1139.1265,
2017-02-01,1112.175,1119.975,1081.0,1084.725,1087.11446813119,304718,10736,662526693.0,176993.0,58.08,77.95,-54.9,TCS,2169.45,-2.7108838961388493,1150.2800000000002,1139.478,
2017-02-02,1085.0,1109.45,1077.15,1102.9,1091.739111581535,146440,11320,319748551.0,31108.0,21.24,64.6,35.8,TCS,2205.8,1.6755398833806057,1145.9612499999998,1139.969,
2017-02-03,1102.9,1121.0,1096.0,1116.875,1110.0591959323046,80242,4786,178146740.0,24155.0,30.1,50.0,27.95,TCS,2233.75,1.267113972254963,1143.4412499999999,1140.4415000000001,
2017-02-06,1124.1,1127.2,1108.0,1120.275,1116.3070659311793,68526,3377,152992116.0,27398.0,39.98,38.4,-7.65,TCS,2240.55,0.3044208170117635,1142.365,1139.8385,
2017-02-07,1120.5,1125.0,1113.0,1122.4,1121.229508196721,61122,3691,137063580.0,28761.0,47.06,24.0,3.8,TCS,2244.8,0.18968556827565486,1140.8912500000001,1139.5135,
2017-02-08,1120.0,1140.5,1120.0,1131.325,1133.7603951311296,86098,5021,195229005.0,44294.0,51.45,41.0,22.65,TCS,2262.65,0.7951710620099695,1139.5712500000002,1139.556,
2017-02-09,1135.0,1165.45,1134.5,1162.125,1156.2091518405873,492207,6511,1138188476.0,443501.0,90.1,61.9,54.25,TCS,2324.25,2.7224714383576654,1139.6012500000002,1140.031,SELL
2017-02-10,1152.0,1210.45,1152.0,1198.35,1184.9159369959511,121516,8256,287972490.0,37591.0,30.94,116.9,92.7,TCS,2396.7,3.1171345595353284,1140.93625,1141.3335,
2017-02-13,1201.65,1212.5,1191.375,1205.15,1204.530539820433,89326,5339,215191790.0,16168.0,18.1,42.25,7.0,TCS,2410.3,0.5674469061626608,1144.89375,1143.1975,BUY
2017-02-14,1207.0,1207.5,1198.25,1201.475,1204.2292071665001,57099,2563,137520567.0,16776.0,29.38,18.5,-11.05,TCS,2402.95,-0.3049412936149132,1148.50375,1145.3625,
2017-02-15,1200.0,1213.5,1189.175,1207.85,1203.7069330086822,62426,3693,150285218.0,19290.0,30.9,48.65,15.7,TCS,2415.7,0.5305978068623984,1151.955,1147.615,
2017-02-16,1225.0,1238.75,1218.15,1223.45,1225.577110787365,151010,7889,370148799.0,72573.0,48.06,41.2,-3.1,TCS,2446.9,1.2915511031999172,1155.7525,1150.5020000000002,
2017-02-17,1226.025,1237.0,1201.075,1204.075,1211.7587488656725,85954,4545,208311023.0,27007.0,31.42,71.85,-43.9,TCS,2408.15,-1.5836364379418821,1158.69875,1152.6145,
2017-02-20,1209.5,1277.5,1206.0,1253.25,1245.2886301425208,198006,10189,493149241.0,71302.0,36.01,143.0,87.5,TCS,2506.5,4.084047920602951,1164.175,1155.745,
2017-02-21,1258.0,1262.5,1227.6,1232.15,1241.4528459175324,323885,14861,804175910.0,138563.0,42.78,69.8,-51.7,TCS,2464.3,-1.6836225812886463,1168.14,1158.3255,
2017-02-22,1232.5,1235.725,1201.0,1204.775,1211.808091084895,128759,8269,312062396.0,42973.0,33.37,69.45,-55.45,TCS,2409.55,-2.2217262508623103,1170.42875,1160.4125,
2017-02-23,1205.0,1245.5,1205.0,1240.825,1232.7245052810488,115318,7765,284310649.0,42879.0,37.18,81.0,71.65,TCS,2481.65,2.992259965553723,1173.6525,1163.15,
2017-02-27,1240.5,1250.0,1236.525,1244.45,1244.2569066211695,60956,4081,151689848.0,13687.0,22.45,26.95,7.9,TCS,2488.9,0.29214433945157214,1176.9237500000002,1165.444,
2017-02-28,1244.45,1245.625,1225.775,1233.25,1233.318805093046,37777,2992,93182169.0,9082.0,24.04,39.7,-22.4,TCS,2466.5,-0.899995982160795,1180.23125,1167.2915,
2017-03-01,1242.0,1250.5,1235.7,1240.025,1244.0173957629875,39981,3328,99474119.0,15109.0,37.79,29.6,-3.95,TCS,2480.05,0.5493614433407679,1186.4850000000001,1169.2169999999999,
2017-03-02,1240.0,1255.0,1239.55,1250.575,1248.650054053072,110077,9157,274895304.0,48841.0,44.37,30.9,21.15,TCS,2501.15,0.8507892986028498,1194.7775,1170.851,
2017-03-03,1250.5,1250.5,1238.0,1246.175,1244.287308288816,34818,2145,86647191.0,9688.0,27.82,25.0,-8.65,TCS,2492.35,-0.35183815444895794,1201.94125,1172.647,
2017-03-06,1237.5,1241.225,1227.45,1235.325,1231.9868789363193,208634,3824,514068701.0,158037.0,75.75,27.55,-4.35,TCS,2470.65,-0.870664232551599,1207.86375,1174.255,
2017-03-07,1236.0,1253.725,1236.0,1250.35,1247.7177548260174,48798,4577,121772262.0,19121.0,39.18,35.45,28.7,TCS,2500.7,1.2162791168315978,1214.3675,1176.36,
2017-03-08,1249.5,1260.0,1246.0,1256.95,1252.7151838253783,79532,3095,199261888.0,54503.0,68.53,28.0,14.9,TCS,2513.9,0.5278522013836273,1221.0949999999998,1178.578,
2017-03-09,1256.95,1262.45,1251.75,1259.775,1258.048683531234,77480,2131,194947224.0,57777.0,74.57,21.4,5.65,TCS,2519.55,0.22475038784359747,1227.5175,1180.555,
2017-03-10,1262.5,1274.25,1259.75,1270.9,1267.788375180892,67029,2303,169957174.0,47609.0,71.03,29.0,16.8,TCS,2541.8,0.8830942033299705,1232.95625,1182.815,
2017-03-14,1275.0,1292.0,1275.0,1281.175,1286.0806245750782,395661,4276,1017703892.0,360074.0,91.01,34.0,12.35,TCS,2562.35,0.8084821779841045,1237.0975,1184.9309999999998,
2017-03-15,1282.5,1285.0,1248.025,1250.15,1256.060344542812,60544,4639,152093835.0,16655.0,27.51,73.95,-64.7,TCS,2500.3,-2.421605167131724,1239.3474999999999,1186.3145,
2017-03-16,1250.5,1262.5,1250.5,1259.475,1258.512436637982,33932,2344,85407688.0,7846.0,23.12,24.0,17.95,TCS,2518.95,0.7459104907410863,1242.2475,1187.9134999999999,
2017-03-17,1274.0,1274.0,1256.225,1263.425,1261.9404421159522,179229,2802,452352647.0,142852.0,79.7,35.55,-21.15,TCS,2526.85,0.3136227396335789,1245.0262500000001,1189.497,
2017-03-20,1259.0,1261.7,1233.525,1240.4,1244.3791821218329,54189,4071,134863327.0,21113.0,38.96,56.35,-37.2,TCS,2480.8,-1.8224271325959052,1245.8737500000002,1190.5194999999999,
2017-03-21,1241.0,1246.95,1233.0,1243.075,1241.3221741131192,47808,2161,118690261.0,25471.0,53.28,27.9,4.15,TCS,2486.15,0.2156562399226125,1247.82375,1192.0355,
2017-03-22,1243.5,1247.5,1235.0,1239.55,1240.2903121636166,55740,2103,138267564.0,31208.0,55.99,25.0,-7.9,TCS,2479.1,-0.28357098324719443,1247.13875,1193.9905,
2017-03-23,1239.0,1243.0,1224.25,1229.45,1231.6328894620715,64358,4207,158530859.0,28052.0,43.59,37.5,-19.1,TCS,2458.9,-0.8148118268726523,1247.0037499999999,1195.542,
2017-03-24,1232.5,1235.0,1211.85,1213.375,1219.1597551239431,152812,4851,372604481.0,114949.0,75.22,46.3,-38.25,TCS,2426.75,-1.30749522144048,1247.4337500000001,1196.655,
2017-03-27,1214.0,1220.5,1203.5,1206.05,1209.040125269133,81744,3981,197663552.0,47689.0,58.34,34.0,-15.9,TCS,2412.1,-0.603688060162777,1245.6950000000002,1197.5455,
2017-03-28,1206.05,1220.925,1206.05,1214.925,1216.0072050290137,31020,1762,75441087.0,14333.0,46.21,29.75,17.75,TCS,2429.85,0.7358733054185107,1244.21875,1198.4109999999998,
2017-03-29,1215.625,1223.95,1213.275,1221.875,1219.6555084184013,30172,2010,73598892.0,14289.0,47.36,21.35,12.5,TCS,2443.75,0.5720517727431762,1243.65,1200.3284999999998,
2017-03-30,1220.0,1232.5,1217.5,1221.875,1227.8478236309938,61961,3314,152157358.0,32937.0,53.16,30.0,3.75,TCS,2443.75,0.0,1242.7425,1202.1805,
2017-03-31,1219.5,1220.0,1207.425,1215.55,1213.21848754512,83943,2413,203682399.0,14976.0,17.84,25.15,-7.9,TCS,2431.1,-0.5176470588235338,1240.99125,1203.715,
2017-04-03,1217.5,1217.5,1205.0,1206.65,1209.0683405035616,28358,1548,68573520.0,14733.0,51.95,25.0,-21.7,TCS,2413.3,-0.7321788490806558,1239.015,1204.8980000000001,
2017-04-05,1208.5,1209.25,1197.5,1201.425,1201.327688938684,39272,2044,94357082.0,14291.0,36.39,23.5,-14.15,TCS,2402.85,-0.43301703062198493,1237.3200000000002,1206.0235,
2017-04-06,1200.6,1205.025,1195.0,1199.875,1199.7951214223765,23060,1451,55334551.0,7553.0,32.75,20.05,-1.45,TCS,2399.75,-0.12901346317913953,1234.7962499999999,1207.1464999999998,
2017-04-07,1200.0,1215.0,1197.2,1213.55,1209.1417227278723,37905,2414,91665034.0,12387.0,32.68,35.6,27.1,TCS,2427.1,1.1397020522971202,1232.62625,1208.3605,
2017-04-10,1215.0,1224.0,1204.05,1210.575,1216.918334495345,48766,3067,118688479.0,13884.0,28.47,39.9,-8.85,TCS,2421.15,-0.2451485311688817,1230.16625,1209.392,
2017-04-11,1210.0,1221.0,1205.0,1210.4,1213.5654440552237,24265,1273,58894331.0,8855.0,36.49,32.0,0.8,TCS,2420.8,-0.014455940358915065,1227.14125,1210.073,
2017-04-12,1209.575,1213.5,1190.3,1197.1,1200.7307067160782,30762,1698,73873756.0,10217.0,33.21,46.4,-24.95,TCS,2394.2,-1.0988103106411296,1222.9375,1210.4345,
2017-04-13,1200.0,1204.0,1160.675,1163.925,1171.9200508783897,108494,5988,254292588.0,38845.0,35.8,86.65,-72.15,TCS,2327.85,-2.7712805947706975,1218.6262499999998,1210.371,
2017-04-17,1166.25,1166.525,1150.0,1160.425,1155.7199535574568,47801,3362,110489139.0,12290.0,25.71,33.05,-11.65,TCS,2320.85,-0.3007066606525388,1213.67375,1211.2805,
2017-04-18,1162.5,1169.475,1151.25,1154.325,1160.4209144945064,77726,4349,180389752.0,25450.0,32.74,36.45,-16.35,TCS,2308.65,-0.5256694745459534,1208.21875,1212.6725,SELL
2017-04-19,1142.5,1174.225,1127.5,1150.875,1149.8734417094568,217145,9243,499378537.0,46393.0,21.36,93.45,16.75,TCS,2301.75,-0.29887596647392156,1203.7424999999998,1213.632,
2017-04-20,1159.45,1167.0,1146.0,1164.175,1156.4627463613683,60531,3745,140003693.0,23051.0,38.08,42.0,9.45,TCS,2328.35,1.1556424459650216,1199.7975000000001,1214.578,
2017-04-21,1165.0,1167.725,1150.95,1155.6,1157.052273993742,23329,1560,53985745.0,9879.0,42.35,33.55,-18.8,TCS,2311.2,-0.7365731097128903,1195.6,1215.2845,
2017-04-24,1150.0,1168.525,1141.95,1164.55,1158.465197343141,54651,3100,126622563.0,15323.0,28.04,53.15,29.1,TCS,2329.1,0.7744894427137439,1192.355,1216.1275,
2017-04-25,1165.5,1171.65,1151.5,1155.65,1157.0777147902047,43042,5078,99605878.0,17106.0,39.74,40.3,-19.7,TCS,2311.3,-0.7642436992829738,1189.4687499999998,1216.614,
2017-04-26,1165.125,1170.5,1152.0,1155.225,1156.1913378973484,153958,2632,356009812.0,119057.0,77.33,37.0,-19.8,TCS,2310.45,-0.0367758404361318,1186.9275,1216.4759999999999,
2017-04-27,1160.0,1164.825,1142.525,1150.7,1159.1560309813922,158805,4968,368159547.0,119196.0,75.06,44.6,-18.6,TCS,2301.4,-0.3916985868553602,1183.71625,1215.5230000000001,
2017-04-28,1150.7,1151.0,1132.65,1136.05,1140.645015045733,100693,5284,229709937.0,43293.0,43.0,36.7,-29.3,TCS,2272.1,-1.27313808985835,1179.425,1214.1409999999998,
2017-05-02,1148.5,1150.75,1140.05,1145.975,1144.7880751782243,138870,3966,317953440.0,110539.0,79.6,21.4,-5.05,TCS,2291.95,0.873641124950475,1175.6299999999999,1213.031,
2017-05-03,1149.5,1171.75,1135.725,1168.7,1162.7539494718364,127612,5908,296762714.0,52563.0,41.19,72.05,38.4,TCS,2337.4,1.983027552957095,1173.2875,1212.248,
2017-05-04,1172.5,1174.0,1155.5,1163.55,1163.12131737279,334408,4504,777914147.0,280940.0,84.01,37.0,-17.9,TCS,2327.1,-0.44066056301874656,1171.1325,1211.05,
2017-05-05,1151.0,1165.9,1151.0,1159.975,1159.6685088348283,171537,6753,397852114.0,114557.0,66.78,29.8,17.95,TCS,2319.95,-0.30724936616389753,1169.06,1210.1680000000001,
2017-05-08,1162.5,1173.45,1159.0,1170.95,1168.766703769882,34139,3444,79801053.0,17454.0,51.13,28.9,16.9,TCS,2341.9,0.946141080626739,1167.61375,1208.522,
2017-05-09,1171.225,1181.0,1166.8,1176.375,1174.5758977801217,41714,4465,97992518.0,17794.0,42.66,28.4,10.3,TCS,2352.75,0.4632990307015694,1165.7549999999999,1207.4065,
2017-05-10,1176.375,1178.0,1158.0,1166.25,1164.555504548869,35943,4516,83715237.0,14723.0,40.96,40.0,-20.25,TCS,2332.5,-0.8606949314631795,1163.53875,1206.636,
2017-05-11,1170.0,1179.825,1161.8,1175.625,1169.4089214132562,32181,2595,75265497.0,11947.0,37.12,36.05,11.25,TCS,2351.25,0.8038585209003246,1161.8,1205.3319999999999,
2017-05-12,1174.5,1184.5,1161.35,1179.75,1175.5129169809304,168383,4470,395872783.0,117478.0,69.77,46.3,10.5,TCS,2359.5,0.35087719298245723,1160.9325,1204.038,
2017-05-15,1182.25,1187.5,1170.375,1182.2,1177.4781890660593,26340,1590,62029551.0,8229.0,31.24,34.25,-0.1,TCS,2364.4,0.20767111676203154,1161.84625,1203.017,
2017-05-16,1189.35,1217.4,1187.75,1213.625,1201.8066213028796,589310,7309,1416473320.0,521274.0,88.45,59.3,48.55,TCS,2427.25,2.6581796650313017,1164.50625,1202.489,
2017-05-17,1215.95,1230.0,1212.0,1225.675,1221.9691110397944,124640,4388,304612460.0,80751.0,64.79,36.0,19.45,TCS,2451.35,0.9928931918838257,1168.07375,1201.991,
2017-05-18,1225.5,1282.875,1221.525,1267.05,1268.3573064590014,288156,10298,730969536.0,160285.0,55.62,122.7,83.1,TCS,2534.1,3.375690945805365,1173.8825000000002,1202.4085,
2017-05-19,1273.0,1275.0,1242.6,1253.4,1252.7778645784313,53123,3422,133102637.0,15693.0,29.54,64.8,-39.2,TCS,2506.8,-1.0773055522670716,1178.34375,1202.77,
2017-05-22,1253.5,1275.0,1253.5,1264.65,1265.5014920115216,48257,2814,122138611.0,19562.0,40.54,43.0,22.3,TCS,2529.3,0.897558640497853,1183.7962499999999,1203.0559999999998,
2017-05-23,1264.75,1280.3,1257.0,1260.225,1266.712970618484,49589,4438,125630059.0,18326.0,36.96,46.6,-9.05,TCS,2520.45,-0.3498991815917618,1188.58,1203.1215000000002,
2017-05-24,1261.225,1285.0,1261.225,1278.9,1271.751918857651,137191,4141,348945835.0,77009.0,56.13,47.55,35.35,TCS,2557.8,1.4818782360292992,1194.7425,1203.504,
2017-05-25,1286.0,1316.5,1283.775,1309.975,1301.7314416553509,395469,6249,1029588863.0,318629.0,80.57,65.45,47.95,TCS,2619.95,2.4298225037141075,1202.48,1204.2855,
2017-05-26,1312.0,1318.0,1285.525,1289.65,1300.6667872356368,346966,3838,902574305.0,309738.0,89.27,64.95,-44.7,TCS,2579.3,-1.551556327410819,1209.4275,1204.455,BUY
2017-05-29,1289.5,1297.925,1281.15,1285.75,1289.465165980905,50066,3307,129116726.0,21040.0,42.02,33.55,-7.5,TCS,2571.5,-0.30240762997713055,1216.9125,1205.167,
2017-05-30,1286.425,1287.5,1262.8,1275.85,1276.700731647334,48794,3003,124590671.0,15600.0,31.97,49.4,-21.15,TCS,2551.7,-0.7699786117052354,1223.40625,1205.4945,
2017-05-31,1265.5,1285.775,1264.525,1272.175,1275.772837018118,50116,3849,127873263.0,18397.0,36.71,42.5,13.35,TCS,2544.35,-0.2880432652741294,1228.58,1205.6695,
2017-06-01,1265.0,1281.1,1265.0,1275.425,1277.3288117257764,47144,2402,120436779.0,29744.0,63.09,32.2,20.85,TCS,2550.85,0.2554679977204488,1234.1737500000002,1206.37,
2017-06-02,1271.125,1294.5,1271.125,1280.925,1284.6211994853222,41968,4168,107825965.0,19011.0,45.3,46.75,19.6,TCS,2561.85,0.4312288060842384,1240.22125,1207.127,
2017-06-05,1282.5,1310.0,1280.0,1300.525,1290.419892257198,72209,3699,186359860.0,20809.0,28.82,60.0,36.05,TCS,2601.05,1.5301442317075642,1246.7,1208.3464999999999,
2017-06-06,1322.0,1353.7,1315.0,1347.7,1345.197980376337,153692,8732,413492336.0,42657.0,27.75,77.4,51.4,TCS,2695.4,3.6273812498798463,1255.2662500000001,1210.7115000000001,
2017-06-07,1350.0,1350.0,1290.5,1307.675,1311.7268640064688,195399,12074,512620235.0,68162.0,34.88,119.0,-84.65,TCS,2615.35,-2.969874601172373,1262.3375,1212.5975,
2017-06-08,1305.0,1305.0,1258.85,1260.75,1271.7158463160101,181203,12235,460877453.0,63290.0,34.93,92.3,-88.5,TCS,2521.5,-3.588429846865615,1266.59375,1213.6915,
2017-06-09,1258.0,1272.75,1244.5,1255.125,1255.4552394744003,102892,5504,258352601.0,21167.0,20.57,56.5,-5.75,TCS,2510.25,-0.4461629982153492,1270.3625,1214.4955,
2017-06-12,1250.0,1257.0,1236.2,1244.95,1240.0685580198665,837196,4759,2076360873.0,775487.0,92.63,41.6,-10.1,TCS,2489.9,-0.8106762274673773,1273.5,1214.957,
2017-06-13,1233.125,1241.225,1225.0,1226.7,1232.1656841960116,58017,3706,142973113.0,18738.0,32.3,32.45,-12.85,TCS,2453.4,-1.4659223261978438,1274.15375,1215.0535,
2017-06-14,1225.025,1238.5,1225.025,1235.4,1235.1127583179152,63778,1951,157546043.0,9484.0,14.87,26.95,20.75,TCS,2470.8,0.7092198581560405,1274.64,1215.4505,
2017-06-15,1232.525,1234.975,1203.025,1205.55,1215.6171794541708,77680,5035,188858285.0,35348.0,45.5,63.9,-53.95,TCS,2411.1,-2.4162214667314386,1271.565,1215.4285,
2017-06-16,1205.55,1217.45,1194.75,1198.725,1202.2129789864027,72810,4378,175066254.0,16327.0,22.42,45.4,-13.65,TCS,2397.45,-0.5661316411596395,1268.83125,1215.3745000000001,
2017-06-19,1204.25,1221.425,1203.275,1215.95,1214.744971742021,48128,3305,116926492.0,12923.0,26.85,36.3,23.4,TCS,2431.9,1.436943419049408,1266.39625,1215.6960000000001,
2017-06-20,1214.975,1222.5,1191.55,1220.75,1211.8278362276585,39445,2837,95601098.0,10782.0,27.33,61.9,11.55,TCS,2441.5,0.39475307372836,1264.4225000000001,1215.84,
2017-06-21,1220.5,1220.5,1199.0,1203.025,1205.93375243876,46130,3731,111259448.0,13097.0,28.39,43.0,-34.95,TCS,2406.05,-1.4519762441122186,1260.62875,1215.689,
2017-06-22,1205.0,1215.05,1194.45,1197.875,1202.812124517391,57759,3815,138946451.0,14408.0,24.95,41.2,-14.25,TCS,2395.75,-0.4280875293530939,1255.02375,1215.4385,
2017-06-23,1201.5,1206.5,1176.5,1180.325,1192.318789720326,46733,3970,111441268.0,20335.0,43.51,60.0,-42.35,TCS,2360.65,-1.4650944380674047,1249.5575,1215.103,
2017-06-27,1179.375,1193.175,1167.5,1172.95,1178.0473136951339,47798,2905,112616611.0,13762.0,28.79,51.35,-12.85,TCS,2345.9,-0.6248279075678265,1243.9175,1215.2835,
2017-06-28,1172.5,1179.15,1167.575,1175.6,1173.2064382966396,41424,2138,97197807.0,16742.0,40.42,23.15,6.2,TCS,2351.2,0.22592608380578305,1238.9050000000002,1215.587,
2017-06-29,1176.5,1185.4,1162.5,1167.325,1174.5642476039918,40484,2706,95102118.0,12542.0,30.98,45.8,-18.35,TCS,2334.65,-0.7038958829533759,1233.6625,1215.847,
2017-06-30,1165.0,1188.925,1163.0,1182.175,1180.926510888629,54736,2907,129278387.0,20213.0,36.93,51.85,34.35,TCS,2364.35,1.272139292827612,1229.0,1216.473,
2017-07-03,1182.0,1191.475,1172.75,1186.7,1183.2668380178538,36183,2016,85628288.0,16207.0,44.79,37.45,9.4,TCS,2373.4,0.38276904857572625,1224.28875,1216.9234999999999,
2017-07-04,1186.7,1190.7,1175.55,1182.0,1182.8303962405212,28089,1592,66449046.0,7124.0,25.36,30.3,-9.4,TCS,2364.0,-0.3960562905536369,1218.3625,1217.4515,
2017-07-05,1182.0,1182.0,1173.15,1178.875,1177.797050899644,20786,1308,48963379.0,6779.0,32.61,17.7,-6.25,TCS,2357.75,-0.264382402707275,1209.9212499999999,1217.738,SELL
2017-07-06,1175.025,1180.65,1170.0,1172.4,1174.2821031669557,31134,1906,73120198.0,13224.0,42.47,21.3,-5.25,TCS,2344.8,-0.549252465274086,1203.1575,1218.073,
2017-07-07,1177.3,1178.0,1162.5,1166.1,1171.8670072301445,54909,2332,128692091.0,34440.0,62.72,31.0,-22.4,TCS,2332.2,-0.5373592630501745,1198.425,1218.2905,
2017-07-10,1166.5,1226.0,1166.5,1220.425,1209.0230230719344,675366,39253,1633066086.0,365708.0,54.15,119.0,107.85,TCS,2440.85,4.658691364376977,1196.69,1219.685,
2017-07-11,1219.4,1256.7,1213.425,1235.95,1236.777961923308,144813,6064,358203054.0,54929.0,37.93,86.55,33.1,TCS,2471.9,1.2720978347706913,1196.24,1221.683,
2017-07-12,1243.975,1244.0,1215.65,1219.55,1224.7623095919748,45757,2640,112082898.0,10442.0,22.82,56.7,-48.85,TCS,2439.1,-1.3269145191957654,1195.8825000000002,1223.1544999999999,
2017-07-13,1224.95,1235.5,1213.55,1222.025,1223.538009261288,68457,3777,167519483.0,11910.0,17.4,43.9,-5.85,TCS,2444.05,0.2029437087450292,1195.21375,1224.221,
2017-07-14,1194.5,1211.325,1188.05,1199.4,1199.2544560394567,210052,7469,503811594.0,79323.0,37.76,46.55,9.8,TCS,2398.8,-1.8514351179394817,1194.90625,1224.9379999999999,
2017-07-17,1200.0,1210.325,1192.0,1197.85,1201.2707127979634,34568,2071,83051052.0,8853.0,25.61,36.65,-4.3,TCS,2395.7,-0.1292312823078401,1194.8625,1225.6955,
2017-07-18,1198.5,1220.0,1198.5,1202.625,1207.3655544762464,88534,2293,213785804.0,60083.0,67.86,43.0,8.25,TCS,2405.25,0.39863088032725535,1194.19625,1226.3290000000002,
2017-07-19,1209.0,1228.95,1208.65,1225.225,1220.2535562556684,41898,2557,102252367.0,13390.0,31.96,40.6,32.45,TCS,2450.45,1.8792225340401147,1194.42,1227.306,
2017-07-20,1225.0,1228.7,1215.5,1222.6,1221.262385241642,23092,1295,56402782.0,6338.0,27.45,26.4,-4.8,TCS,2445.2,-0.21424636291293986,1195.3987499999998,1228.433,
2017-07-21,1222.6,1249.5,1219.9,1245.45,1236.6059315222633,43547,2740,107700957.0,14194.0,32.59,59.2,45.7,TCS,2490.9,1.8689677735972632,1197.7775,1229.8295,
2017-07-24,1240.0,1269.6,1239.95,1266.325,1259.4960672986767,57594,2851,145078833.0,18576.0,32.25,59.3,52.65,TCS,2532.65,1.6761010076679073,1202.0775,1231.5610000000001,
2017-07-25,1265.0,1290.0,1258.85,1285.325,1277.2813628071265,51526,2932,131626399.0,20321.0,39.44,62.3,40.65,TCS,2570.65,1.5004047144295596,1207.69625,1233.6235,
2017-07-26,1277.5,1286.5,1273.5,1277.4,1279.3121860465117,37625,2130,96268242.0,12032.0,31.98,26.0,-0.2,TCS,2554.8,-0.6165755742710943,1212.7862499999999,1234.899,
2017-07-27,1275.0,1291.85,1234.525,1242.175,1257.5217126758685,59988,3921,150872425.0,19121.0,31.87,114.65,-65.65,TCS,2484.35,-2.757554407390017,1216.52875,1235.229,
2017-07-28,1239.7,1244.275,1221.925,1241.375,1232.796496590642,42530,3135,104861670.0,11794.0,27.73,44.7,3.35,TCS,2482.75,-0.06440316380541544,1219.48875,1234.7155,
2017-07-31,1235.0,1258.0,1232.45,1247.025,1246.6170481061588,42427,2454,105780443.0,9370.0,22.08,51.1,24.05,TCS,2494.05,0.4551404692377581,1222.505,1234.588,
2017-08-01,1247.025,1259.45,1244.15,1249.975,1251.6288228062085,26028,1843,65154790.0,9404.0,36.13,30.6,5.9,TCS,2499.95,0.2365630199875568,1225.90375,1234.2945000000002,
2017-08-02,1249.5,1250.925,1229.0,1233.675,1241.3300573685697,21266,1435,52796250.0,6142.0,28.88,43.85,-31.65,TCS,2467.35,-1.304026080521603,1228.64375,1233.7635,
2017-08-03,1239.5,1250.725,1236.0,1244.775,1243.676103519888,453594,1656,1128248037.0,441176.0,97.26,29.45,10.55,TCS,2489.55,0.8997507447261244,1232.2625,1233.0810000000001,
2017-08-04,1245.0,1264.0,1243.725,1261.375,1255.0728527607362,29340,1975,73647675.0,10308.0,35.13,40.55,32.75,TCS,2522.75,1.3335743407443035,1237.0262500000001,1232.109,BUY
2017-08-07,1261.0,1261.375,1242.0,1252.3,1247.4284309299624,31012,1624,77370501.0,10006.0,32.26,38.75,-17.4,TCS,2504.6,-0.7194529779011027,1238.62,1231.362,
2017-08-08,1262.5,1263.0,1243.0,1248.9,1253.0862110427086,20792,1288,52108337.0,6642.0,31.94,40.0,-27.2,TCS,2497.8,-0.27150043919187405,1239.2675000000002,1230.625,
2017-08-09,1247.975,1260.725,1247.55,1250.975,1253.0442667389536,18445,1268,46224803.0,5909.0,32.04,26.35,6.0,TCS,2501.95,0.16614620866362007,1240.83875,1230.1275,
2017-08-10,1249.2,1260.0,1243.25,1255.625,1250.4979052052477,23630,1457,59098531.0,8558.0,36.22,33.5,12.85,TCS,2511.25,0.37171006614840074,1242.51875,1229.7965000000002,
2017-08-11,1257.0,1266.65,1242.5,1247.0,1253.7119408416293,38473,1927,96468119.0,10587.0,27.52,48.3,-20.0,TCS,2494.0,-0.686908909905426,1244.8987499999998,1229.228,
2017-08-14,1250.5,1252.8,1230.025,1234.575,1242.605037957212,14490,1044,36010694.0,6152.0,42.46,45.55,-31.85,TCS,2469.15,-0.9963913392141088,1246.7350000000001,1228.3010000000002,
2017-08-16,1248.5,1273.5,1233.425,1245.525,1243.4506358031485,36332,1724,90354097.0,8589.0,23.64,80.15,-5.95,TCS,2491.05,0.8869449000668217,1248.88,1227.201,
2017-08-17,1250.0,1250.0,1231.0,1240.075,1239.4369744016265,21642,1410,53647790.0,5647.0,26.09,38.0,-19.85,TCS,2480.15,-0.43756648802714126,1249.6225,1225.0484999999999,
2017-08-18,1237.5,1273.225,1235.475,1256.425,1254.2853237704053,141937,5218,356058992.0,69852.0,49.21,75.5,37.85,TCS,2512.85,1.318468641009618,1251.31375,1224.0235,
2017-08-21,1256.425,1271.0,1247.5,1260.7,1264.462484245904,35705,2090,90295266.0,11604.0,32.5,47.0,8.55,TCS,2521.4,0.34025110929820634,1252.07625,1224.0225,
2017-08-22,1259.95,1269.0,1245.5,1248.025,1257.578681611364,18022,1102,45328166.0,5247.0,29.11,47.0,-23.85,TCS,2496.05,-1.0053938288252517,1251.1612499999999,1223.8805,
2017-08-23,1250.0,1260.0,1237.825,1246.5,1244.9115113547377,12770,931,31795040.0,3736.0,29.26,44.35,-7.0,TCS,2493.0,-0.12219306504277494,1249.22,1223.9115,
2017-08-24,1237.65,1257.5,1237.65,1247.65,1248.2755831588067,13847,820,34569744.0,3963.0,28.62,39.7,20.0,TCS,2495.3,0.09225832330526096,1247.7325,1224.3305,
2017-08-28,1248.0,1250.975,1232.0,1242.925,1239.5132972519011,21433,1632,53132977.0,6834.0,31.89,37.95,-10.15,TCS,2485.85,-0.37871197851963023,1247.77,1224.481,
2017-08-29,1242.925,1246.95,1233.0,1237.475,1237.9200664003151,17771,1021,43998155.0,5533.0,31.13,27.9,-10.9,TCS,2474.95,-0.4384818070277796,1247.575,1225.1195,
2017-08-30,1243.75,1245.725,1230.5,1243.375,1239.1566443020229,19972,1066,49496873.0,6905.0,34.57,30.45,-0.75,TCS,2486.75,0.47677730863251444,1247.3925,1226.0125,
2017-08-31,1246.0,1250.0,1234.0,1248.375,1236.5046697243283,228279,1388,564536099.0,8271.0,3.62,32.0,4.75,TCS,2496.75,0.40213129586810226,1247.3125,1226.661,
2017-09-01,1237.5,1238.5,1220.0,1231.6,1228.1795970686485,38617,2140,94857223.0,9174.0,23.76,37.0,-11.8,TCS,2463.2,-1.3437468709322165,1247.2087500000002,1226.878,
2017-09-04,1228.225,1231.375,1220.1,1228.9,1226.581785304614,62768,2006,153980171.0,33969.0,54.12,22.55,1.35,TCS,2457.8,-0.21922702176029318,1246.415,1227.3955,
2017-09-05,1228.9,1241.25,1220.0,1238.825,1230.0188183728176,27606,1109,67911799.0,13531.0,49.01,42.5,19.85,TCS,2477.65,0.8076328423793688,1245.2875,1228.2145,
2017-09-06,1235.0,1237.475,1226.0,1228.225,1229.3717841746627,14382,986,35361650.0,4160.0,28.93,22.95,-13.55,TCS,2456.45,-0.855649506588918,1244.0837500000002,1229.1725,
2017-09-07,1228.0,1233.5,1226.175,1229.475,1229.4584671263883,18997,945,46712045.0,7970.0,41.95,14.65,2.95,TCS,2458.95,0.10177288363288906,1243.1125,1230.3029999999999,
2017-09-08,1231.5,1237.5,1226.975,1235.075,1233.5481721656097,28066,838,69241526.0,16426.0,58.53,21.05,7.15,TCS,2470.15,0.45547896459872117,1242.3175,1231.4925,
2017-09-11,1237.0,1240.275,1228.1,1231.775,1232.8611748139206,49710,1685,122571058.0,25892.0,52.09,24.35,-10.45,TCS,2463.55,-0.26719025160415466,1241.125,1232.7815,
2017-09-12,1232.5,1247.225,1228.5,1243.4,1235.6977821340713,26016,1092,64295827.0,11321.0,43.52,37.45,21.8,TCS,2486.8,0.9437600211077424,1240.9450000000002,1234.0059999999999,
2017-09-13,1250.0,1264.025,1237.675,1244.05,1253.5403590647174,62997,1288,157938564.0,45650.0,72.46,52.7,-11.9,TCS,2488.1,0.05227601737172183,1241.41875,1235.153,
2017-09-14,1245.0,1248.725,1236.5,1242.525,1239.4046255009312,35434,718,87834127.0,22876.0,64.56,24.45,-4.95,TCS,2485.05,-0.12258349744783681,1241.26875,1236.3635000000002,
2017-09-15,1246.0,1257.225,1243.8,1249.275,1249.253005407654,48080,1473,120128169.0,22794.0,47.41,26.85,6.55,TCS,2498.55,0.5432486267881842,1241.72875,1237.7715,
2017-09-18,1253.5,1258.45,1245.55,1249.525,1250.6738468428125,22330,954,55855094.0,9350.0,41.87,25.8,-7.95,TCS,2499.05,0.020011606731906717,1241.38375,1239.3139999999999,
2017-09-19,1249.525,1251.675,1246.25,1249.15,1248.4190569154525,13318,623,33252890.0,4457.0,33.47,10.85,-0.75,TCS,2498.3,-0.030011404333651903,1240.80625,1240.975,SELL
2017-09-20,1249.15,1252.5,1239.025,1246.2,1244.587549396115,17967,1056,44723009.0,6024.0,33.53,26.95,-5.9,TCS,2492.4,-0.2361605892006624,1240.715,1241.4905,
2017-09-21,1243.75,1269.85,1239.975,1262.925,1259.5791658298183,29874,1611,75257336.0,9697.0,32.46,59.75,38.35,TCS,2525.85,1.3420799229657998,1241.53625,1242.03,
2017-09-22,1262.5,1262.95,1247.6,1251.175,1254.1927209977252,25498,1144,63958812.0,9618.0,37.72,30.7,-22.65,TCS,2502.35,-0.9303798721222556,1241.7125,1242.6625,
2017-09-25,1264.4,1266.5,1247.5,1254.1,1258.1438875617505,43117,2751,108494780.0,10933.0,25.36,38.0,-20.6,TCS,2508.2,0.23378024656821594,1242.27125,1243.3039999999999,
2017-09-26,1254.1,1263.0,1234.0,1237.45,1242.465758497979,62103,2369,154321702.0,36550.0,58.85,58.0,-33.3,TCS,2474.9,-1.3276453233394325,1242.27,1244.065,
2017-09-27,1245.0,1253.975,1237.05,1245.075,1246.0664266274387,331057,1900,825038026.0,306122.0,92.47,33.85,0.15,TCS,2490.15,0.6161865125863697,1242.355,1245.0095,
2017-09-28,1247.5,1255.525,1226.425,1239.225,1240.5464163189615,107850,2873,267585862.0,69261.0,64.22,58.2,-16.55,TCS,2478.45,-0.469851213782313,1241.8975,1245.7414999999999,
2017-09-29,1239.225,1241.725,1210.325,1218.5,1221.5140461809485,95364,2501,232976931.0,33743.0,35.38,62.8,-41.45,TCS,2437.0,-1.6724162278843546,1241.2424999999998,1245.607,
2017-10-03,1217.5,1227.725,1214.0,1223.525,1219.3185687594994,166457,3026,405928222.0,115039.0,69.11,27.45,12.05,TCS,2447.05,0.412392285597063,1240.97375,1245.6255,
2017-10-04,1235.0,1235.0,1214.5,1221.275,1219.6322334642102,132440,2537,323056186.0,86403.0,65.24,41.0,-27.45,TCS,2442.55,-0.18389489385177704,1240.09625,1245.142,
2017-10-05,1221.0,1221.275,1212.5,1215.075,1217.8313873748707,112284,1403,273485959.0,94617.0,84.27,17.55,-11.85,TCS,2430.15,-0.5076661685533557,1239.4387499999998,1244.117,
2017-10-06,1214.0,1227.025,1213.8,1222.575,1222.151478849967,24208,1015,59171686.0,11458.0,47.33,26.45,17.15,TCS,2445.15,0.6172458490216748,1239.09375,1242.862,
2017-10-09,1224.0,1233.5,1221.3,1226.275,1228.5477296055524,20459,833,50269716.0,8158.0,39.87,24.4,4.55,TCS,2452.55,0.30263991984131877,1238.65375,1241.8395,
2017-10-10,1230.0,1235.3,1226.05,1229.775,1229.9380489291552,144372,1201,355137232.0,125657.0,87.04,18.5,-0.45,TCS,2459.55,0.2854172188130777,1238.55375,1241.5915,
2017-10-11,1230.0,1256.675,1228.85,1250.25,1250.6096954019374,127184,1835,318115087.0,107723.0,84.7,55.65,40.5,TCS,2500.5,1.6649387083002898,1238.89625,1241.769,
2017-10-12,1250.525,1277.5,1250.525,1274.275,1260.141999818062,186877,2711,470983113.0,155588.0,83.26,53.95,47.5,TCS,2548.55,1.9216156768646409,1240.4075,1242.314,
2017-10-13,1274.95,1302.8,1262.5,1278.375,1281.7429662186005,93513,4662,239719260.0,15983.0,17.09,80.6,6.85,TCS,2556.75,0.3217515842341756,1242.2,1242.882,
2017-10-16,1278.375,1295.0,1278.0,1292.55,1289.037805842404,42996,1604,110846939.0,23605.0,54.9,34.0,28.35,TCS,2585.1,1.1088295687885052,1244.36375,1244.0595,BUY
2017-10-17,1293.0,1306.475,1290.55,1297.425,1300.7706314573575,31166,1897,81079635.0,12012.0,38.54,31.85,8.85,TCS,2594.85,0.37716142508994466,1246.75875,1245.1125,
2017-10-18,1295.0,1305.95,1290.0,1294.525,1295.348571251472,16133,955,41795717.0,7239.0,44.87,31.9,-0.95,TCS,2589.05,-0.22351966394973388,1249.0275,1245.7755,
2017-10-19,1294.525,1297.475,1285.425,1290.475,1290.6624538207273,5143,370,13275754.0,2226.0,43.28,24.1,-8.1,TCS,2580.95,-0.3128560668971381,1251.24125,1246.539,
2017-10-23,1290.5,1312.525,1277.5,1292.975,1296.9857924094936,91430,2081,237166822.0,64803.0,70.88,70.05,4.95,TCS,2585.95,0.19372711598442116,1252.74375,1247.4205,
2017-10-24,1305.0,1309.5,1285.225,1290.3,1293.3829918454053,14593,719,37748676.0,4496.0,30.81,48.55,-29.4,TCS,2580.6,-0.20688721746360272,1254.7,1248.2069999999999,
2017-10-25,1291.0,1305.5,1279.375,1280.875,1293.449798586304,13157,820,34035838.0,3552.0,27.0,52.25,-20.25,TCS,2561.75,-0.7304502828799464,1256.0387500000002,1248.712,
2017-10-26,1280.0,1283.2,1262.8,1271.5,1272.007082567274,23932,1542,60883347.0,6863.0,28.68,40.8,-17.0,TCS,2543.0,-0.7319215380111266,1257.74125,1249.202,
2017-10-27,1272.5,1295.0,1267.2,1289.6,1282.4838002764573,29661,1202,76079504.0,8203.0,27.66,55.6,34.2,TCS,2579.2,1.4235155328352178,1259.9675,1250.3025,
2017-10-30,1290.0,1309.0,1290.0,1306.5,1302.781486072456,42757,1644,111406056.0,9681.0,22.64,38.0,33.0,TCS,2613.0,1.310483870967749,1263.33125,1251.522,
2017-10-31,1297.525,1317.45,1297.525,1308.15,1312.099748603352,35800,2043,93946342.0,14548.0,40.64,39.85,21.25,TCS,2616.3,0.12629161882893314,1267.81375,1252.8835000000001,
2017-11-01,1311.0,1311.0,1290.55,1301.25,1297.5581390762434,25353,1199,65793983.0,7526.0,29.68,40.9,-19.5,TCS,2602.5,-0.5274624469670974,1271.7,1253.78,
2017-11-02,1293.25,1335.0,1293.25,1312.9,1317.5641846777785,40438,1813,106559321.0,10419.0,25.77,83.5,39.3,TCS,2625.8,0.8952929875120086,1276.28125,1254.824,
2017-11-03,1315.0,1317.5,1302.125,1306.35,1307.366441980948,17951,1025,46937070.0,4494.0,25.03,30.75,-17.3,TCS,2612.7,-0.4988955746820123,1280.845,1255.9905,
2017-11-06,1305.0,1336.475,1305.0,1333.5,1323.436194833154,37160,3862,98357778.0,16927.0,45.55,62.95,57.0,TCS,2667.0,2.078309794465505,1286.3912500000001,1257.7305000000001,
2017-11-07,1335.5,1371.8,1334.0,1354.175,1358.5878373720311,116044,5765,315311934.0,22357.0,19.27,75.6,37.35,TCS,2708.35,1.5504311961004769,1292.7862499999999,1259.861,
2017-11-08,1364.0,1376.55,1359.825,1365.225,1369.0569121637081,30591,4348,83761640.0,9732.0,31.81,33.45,2.45,TCS,2730.45,0.8159949784924292,1299.55875,1262.307,
2017-11-09,1375.0,1375.0,1356.775,1366.925,1365.1919780814935,31389,1645,85704022.0,11426.0,36.4,36.45,-16.15,TCS,2733.85,0.12452159900382398,1305.3925000000002,1264.896,
2017-11-10,1358.5,1364.975,1347.75,1351.65,1352.5740291262136,9064,597,24519462.0,2694.0,29.72,34.45,-13.7,TCS,2703.3,-1.1174716974230336,1309.26125,1267.0615,
2017-11-13,1351.5,1387.0,1350.0,1379.45,1377.0482156641528,67364,3391,185526952.0,31094.0,46.16,74.0,55.9,TCS,2758.9,2.056745459253495,1314.315,1269.683,
2017-11-14,1379.0,1379.0,1353.275,1358.375,1361.2367606486778,29722,2044,80917358.0,8966.0,30.17,51.45,-41.25,TCS,2716.75,-1.5277828119902859,1317.60625,1272.2185,
2017-11-15,1357.5,1374.975,1351.4,1353.075,1364.5810459111058,24591,1454,67112825.0,4323.0,17.58,47.15,-8.85,TCS,2706.15,-0.3901720806110176,1320.38875,1274.702,
2017-11-16,1353.5,1380.5,1345.0,1373.3,1367.0102147206817,66179,3834,180934738.0,14013.0,21.17,71.0,39.6,TCS,2746.6,1.4947434547234906,1324.3274999999999,1277.3915000000002,
2017-11-17,1379.5,1379.5,1353.0,1355.05,1360.9270971595433,15068,923,41012899.0,3569.0,23.69,53.0,-48.9,TCS,2710.1,-1.3289157503822868,1327.55625,1279.928,
2017-11-20,1359.05,1362.825,1348.475,1352.325,1356.3707167038228,24222,1002,65708023.0,5287.0,21.83,28.7,-13.45,TCS,2704.65,-0.20109959042100556,1330.5237499999998,1282.3850000000002,
2017-11-21,1352.375,1352.375,1335.0,1338.325,1341.2407934641333,16157,939,43340855.0,5583.0,34.55,34.75,-28.1,TCS,2676.65,-1.0352540994213677,1332.925,1284.45,
2017-11-22,1335.0,1354.7,1335.0,1341.6,1343.379051286919,73742,1293,198126916.0,33729.0,45.74,39.4,13.2,TCS,2683.2,0.2447088711635681,1335.9612499999998,1286.6464999999998,
2017-11-23,1342.05,1347.125,1336.325,1341.375,1342.7205305999398,16585,686,44538040.0,3521.0,21.23,21.6,-1.35,TCS,2682.75,-0.016771019677985777,1339.455,1288.606,
2017-11-24,1337.0,1353.0,1337.0,1344.375,1344.373754309734,21173,1279,56928851.0,8264.0,39.03,32.0,14.75,TCS,2688.75,0.2236511042773337,1342.19375,1290.6125,
2017-11-27,1338.5,1345.7,1332.6,1343.525,1338.4302509162671,17735,912,47474121.0,3555.0,20.05,26.2,10.05,TCS,2687.05,-0.06322640632263621,1344.045,1292.6325,
2017-11-28,1343.5,1348.75,1336.125,1342.45,1345.4742391317543,82373,1342,221661499.0,58671.0,71.23,25.25,-2.1,TCS,2684.9,-0.0800133975921602,1345.76,1294.4959999999999,
2017-11-29,1339.9,1346.15,1325.5,1329.275,1336.8868375325803,13812,769,36930162.0,5357.0,38.79,41.3,-21.25,TCS,2658.55,-0.9814145778241246,1347.1612499999999,1296.091,
2017-11-30,1329.0,1334.275,1312.5,1317.125,1323.1473263204032,18252,951,48300170.0,5786.0,31.7,43.55,-23.75,TCS,2634.25,-0.914032085159211,1347.3725,1297.4505,
2017-12-01,1318.5,1334.475,1312.5,1315.275,1325.037227478404,24310,1661,64423310.0,10662.0,43.86,43.95,-6.45,TCS,2630.55,-0.1404574357027566,1347.81875,1298.8319999999999,
2017-12-04,1313.5,1329.3,1301.85,1316.675,1314.8136096363532,17517,1101,46063180.0,7408.0,42.29,54.9,6.35,TCS,2633.35,0.10644161867288116,1346.9775,1299.9070000000002,
2017-12-05,1310.0,1324.5,1310.0,1316.9,1320.0921771028834,11722,687,30948241.0,3411.0,29.1,29.0,13.8,TCS,2633.8,0.017088499439887883,1345.11375,1301.2214999999999,
2017-12-06,1317.0,1320.0,1306.95,1315.725,1312.7713583282114,9762,602,25630548.0,3008.0,30.81,26.1,-2.55,TCS,2631.45,-0.08922469435798108,1342.63875,1302.4540000000002,
2017-12-07,1315.725,1322.275,1307.525,1308.825,1311.8194588669667,17334,1505,45478157.0,7969.0,45.97,29.5,-13.8,TCS,2617.65,-0.5244256968591321,1339.7337499999999,1303.8815,
2017-12-08,1308.5,1322.0,1297.525,1300.5,1307.9114705422721,19197,3084,50215953.0,7794.0,40.6,48.95,-16.0,TCS,2601.0,-0.6360667010486543,1337.17625,1304.99,
2017-12-11,1302.5,1333.5,1302.5,1328.0,1315.5763293310465,16907,1019,44484898.0,5419.0,32.05,62.0,51.0,TCS,2656.0,2.114571318723568,1334.60375,1306.7655,
2017-12-12,1328.025,1329.55,1302.55,1307.075,1311.3085099711525,31892,1431,83640502.0,14128.0,44.3,54.0,-41.9,TCS,2614.15,-1.5756777108433706,1332.0387500000002,1308.537,
2017-12-13,1297.55,1323.775,1297.55,1313.65,1315.6876387595787,27926,1256,73483786.0,3658.0,13.1,52.45,32.2,TCS,2627.3,0.5030315781420436,1330.0674999999999,1310.3395,
2017-12-14,1310.125,1315.0,1265.5,1279.275,1279.95446049128,56709,4308,145169875.0,23989.0,42.3,99.0,-61.7,TCS,2558.55,-2.616754843375324,1325.36625,1311.4995000000001,
2017-12-15,1280.0,1293.65,1270.175,1273.925,1279.5425338853283,35266,2264,90248694.0,10296.0,29.2,46.95,-12.15,TCS,2547.85,-0.41820562427938857,1321.31,1312.6765,
2017-12-18,1266.5,1292.6,1248.45,1288.5,1274.6591998001772,44039,2176,112269433.0,7852.0,17.83,88.3,44.0,TCS,2577.0,1.1441018898286748,1318.11875,1313.995,
2017-12-19,1285.0,1298.7,1283.75,1287.525,1292.7769751522258,26441,1742,68364632.0,7593.0,28.72,29.9,5.05,TCS,2575.05,-0.07566938300348491,1315.5787500000001,1315.22,
2017-12-20,1285.0,1296.0,1270.0,1294.0,1281.6798326930304,156957,2696,402337243.0,86274.0,54.97,52.0,18.0,TCS,2588.0,0.5029028562552051,1313.19875,1316.5045,SELL
2017-12-21,1295.0,1303.45,1278.35,1297.05,1297.1158002936859,17025,735,44166793.0,4825.0,28.34,50.2,4.1,TCS,2594.1,0.23570324574961887,1310.9825,1317.4405,
2017-12-22,1300.0,1329.95,1295.0,1319.9,1316.2359942743888,90820,3933,239081106.0,13617.0,14.99,69.9,39.8,TCS,2639.8,1.7616899888208026,1309.7587500000002,1318.3529999999998,
2017-12-26,1337.525,1344.0,1317.5,1321.4,1328.826350813417,66571,2437,176922598.0,14984.0,22.51,53.0,-32.25,TCS,2642.8,0.11364497310402122,1308.6525,1319.2135,
2017-12-27,1318.05,1328.975,1305.525,1310.525,1315.972369819341,15997,862,42103220.0,5217.0,32.61,46.9,-15.05,TCS,2621.05,-0.8229907673679482,1307.05625,1319.5729999999999,
2017-12-28,1301.5,1325.0,1300.6,1314.425,1315.9325020962083,32201,2525,84748685.0,8217.0,25.52,48.8,25.85,TCS,2628.85,0.29759066023158365,1306.31375,1319.9130000000002,
2017-12-29,1307.5,1355.85,1307.5,1350.2,1336.9487953738937,93556,5062,250159163.0,34906.0,37.31,96.7,85.4,TCS,2700.4,2.721722426155937,1307.9675000000002,1321.0265,
2018-01-01,1344.9,1346.25,1321.425,1327.325,1333.6107864048086,36101,1426,96289366.0,10878.0,30.13,49.65,-35.15,TCS,2654.65,-1.6941934528218017,1308.5700000000002,1321.7635,
2018-01-02,1321.475,1338.725,1311.35,1316.875,1320.0023700842698,22784,1308,60149868.0,10830.0,47.53,54.75,-9.2,TCS,2633.75,-0.7872977605334119,1308.5800000000002,1322.2414999999999,
2018-01-03,1317.0,1332.025,1315.075,1317.6,1323.7748003992017,20040,1075,53056894.0,5316.0,26.53,33.9,1.2,TCS,2635.2,0.055054579971525186,1308.615,1322.7875,
2018-01-04,1330.0,1330.0,1320.2,1324.9,1323.8416044903825,14609,808,38680004.0,6232.0,42.66,19.6,-10.2,TCS,2649.8,0.5540376442015882,1309.07375,1323.668,
2018-01-05,1325.5,1347.0,1325.5,1342.225,1342.07984005535,49142,1397,131904975.0,27307.0,55.57,43.0,33.45,TCS,2684.45,1.3076458600648877,1310.74375,1325.0825,
2018-01-08,1347.5,1360.675,1340.725,1353.875,1353.6693335213054,28373,1613,76815320.0,9380.0,33.06,39.9,12.75,TCS,2707.75,0.8679617798804218,1313.4125,1326.3680000000002,
2018-01-09,1355.0,1361.65,1339.45,1354.225,1351.023960552457,41777,1820,112883456.0,10595.0,25.36,44.4,-1.55,TCS,2708.45,0.02585172190932017,1314.7237499999999,1327.3225,
2018-01-10,1356.0,1408.0,1348.725,1403.55,1382.1748027965184,98122,5594,271243512.0,39052.0,39.8,118.55,95.1,TCS,2807.1,3.642304639184779,1319.5475000000001,1329.2305,
2018-01-11,1403.6,1410.0,1390.95,1394.2,1397.5841783403257,70315,3345,196542263.0,13559.0,19.28,38.1,-18.8,TCS,2788.4,-0.6661679313170077,1323.575,1331.0895,
2018-01-12,1406.5,1406.5,1372.0,1386.45,1381.9228236334443,85946,3770,237541478.0,16863.0,19.62,69.0,-40.1,TCS,2772.9,-0.5558743365370766,1328.93375,1332.5604999999998,
2018-01-15,1395.0,1401.525,1368.075,1373.6,1383.89025478491,32498,1739,89947331.0,11100.0,34.16,66.9,-42.8,TCS,2747.2,-0.9268275091059985,1333.9175,1333.9054999999998,BUY
2018-01-16,1374.1,1430.0,1374.1,1425.425,1417.5946891695346,138886,7187,393768112.0,40878.0,29.43,111.8,102.65,TCS,2850.85,3.7729324403028563,1340.76375,1335.744,
2018-01-17,1428.55,1462.5,1428.5,1444.725,1452.110114688497,152936,5131,444159825.0,72566.0,47.45,68.0,32.35,TCS,2889.45,1.3539821456758583,1348.62375,1337.555,
2018-01-18,1447.5,1462.5,1433.3,1455.05,1447.5263272205327,52949,2635,153290143.0,11725.0,22.14,58.4,15.1,TCS,2910.1,0.7146688816210833,1356.67625,1339.3515,
2018-01-19,1460.0,1489.5,1451.525,1477.375,1464.5173072354112,54717,2566,160267987.0,15522.0,28.37,75.95,34.75,TCS,2954.75,1.5343115356860615,1365.6924999999999,1341.5604999999998,
2018-01-22,1478.0,1565.0,1462.0,1556.575,1537.9381288156976,221945,8374,682675356.0,84756.0,38.19,206.0,157.15,TCS,3113.15,5.360859632794646,1377.52625,1345.6589999999999,
2018-01-23,1557.5,1568.875,1546.3,1551.55,1554.9840156783082,307176,7952,955307540.0,158979.0,51.76,45.15,-11.9,TCS,3103.1,-0.32282414917367275,1389.03375,1349.101,
2018-01-24,1550.0,1627.4,1540.0,1587.3,1592.162521578072,381174,13555,1213781914.0,112189.0,29.43,174.8,74.6,TCS,3174.6,2.304147465437789,1402.8725,1353.6795000000002,
2018-01-25,1590.0,1590.5,1540.0,1558.925,1561.8345772855473,87222,4549,272452671.0,31380.0,35.98,101.0,-62.15,TCS,3117.85,-1.7876267876267837,1415.0975,1357.7965000000002,
2018-01-29,1559.025,1612.0,1559.0,1597.55,1596.7307808146977,79686,4189,254474178.0,25428.0,31.91,106.0,77.05,TCS,3195.1,2.477668906457975,1427.465,1362.2815,
2018-01-30,1559.5,1599.625,1559.5,1576.85,1582.4409981290717,44363,2781,140403660.0,10285.0,23.18,80.25,34.7,TCS,3153.7,-1.295734092829648,1439.9412499999999,1366.7175,
2018-01-31,1565.5,1573.55,1550.5,1555.875,1558.8142955672863,150788,4529,470100980.0,93666.0,62.12,46.1,-19.25,TCS,3111.75,-1.330183593873857,1451.89125,1370.7885,
2018-02-01,1560.0,1594.5,1545.775,1569.45,1573.647994727923,63732,4432,200583468.0,11413.0,17.91,97.45,18.9,TCS,3138.9,0.8724993974451811,1464.4837499999999,1375.411,
2018-02-02,1557.5,1595.0,1552.825,1574.575,1585.3345936135347,255102,9793,808844051.0,177778.0,69.69,84.35,34.15,TCS,3149.15,0.3265475166459586,1476.9675,1380.0704999999998,
2018-02-05,1555.5,1592.95,1539.175,1553.25,1566.2470087650643,231259,3100,724417434.0,105146.0,45.47,107.55,-4.5,TCS,3106.5,-1.3543337090961116,1487.51875,1384.308,
2018-02-06,1515.0,1538.925,1492.9,1497.675,1509.7583332531487,519635,4876,1569046543.0,456204.0,87.79,92.05,-34.65,TCS,2995.35,-3.5779816513761498,1494.70875,1387.374,
2018-02-07,1507.5,1522.0,1475.0,1477.675,1486.5769914806785,125949,4696,374465771.0,79520.0,63.14,94.0,-59.65,TCS,2955.35,-1.3354032083062073,1500.88125,1390.057,
2018-02-08,1485.5,1513.375,1478.6,1483.125,1500.0162914384412,1271404,6634,3814253426.0,1177629.0,92.62,69.55,-4.75,TCS,2966.25,0.3688226436801001,1504.86,1392.8705,
2018-02-09,1480.0,1495.875,1450.0,1486.15,1468.3041065295004,59101,3283,173556482.0,8819.0,14.92,91.75,12.3,TCS,2972.3,0.2039612305099192,1509.4575,1396.0079999999998,
2018-02-12,1504.0,1509.0,1478.0,1483.95,1497.2339893389,1196687,2910,3583440902.0,1145016.0,95.68,62.0,-40.1,TCS,2967.9,-0.14803350940350013,1514.3325,1399.3445000000002,
2018-02-14,1482.5,1487.0,1447.125,1455.225,1468.9524345975717,55923,2631,164296454.0,20040.0,35.83,79.75,-54.55,TCS,2910.45,-1.9357121196805882,1518.41375,1402.1435000000001,
2018-02-15,1464.5,1471.25,1453.3,1462.875,1462.9731111811768,50746,2371,148480067.0,12516.0,24.66,35.9,-3.25,TCS,2925.75,0.5256919033139296,1520.2862499999999,1405.0675,
2018-02-16,1462.5,1499.5,1462.0,1468.6,1486.9379842923333,304310,17139,904980196.0,187705.0,61.68,75.0,12.2,TCS,2937.2,0.3913526446210236,1521.48,1408.1015,
2018-02-19,1470.0,1476.225,1449.2,1462.275,1463.8404663447748,83672,3809,244964919.0,24303.0,29.05,54.05,-15.45,TCS,2924.55,-0.43068228244584894,1521.84125,1411.0325,
2018-02-20,1465.0,1491.725,1464.55,1472.525,1479.441423869316,41015,2076,121358580.0,8288.0,20.21,54.35,15.05,TCS,2945.05,0.7009625412456533,1521.59875,1414.3065000000001,
2018-02-21,1480.5,1530.0,1480.5,1521.525,1505.5115813897667,124985,6873,376332730.0,59508.0,47.61,99.0,82.05,TCS,3043.05,3.327617527715998,1519.84625,1418.727,
2018-02-22,1522.5,1538.975,1511.275,1520.2,1522.1780651379463,74703,3490,227422536.0,18198.0,24.36,55.4,-4.6,TCS,3040.4,-0.08708368248960818,1518.27875,1422.5710000000001,
2018-02-23,1521.0,1550.0,1498.025,1538.45,1525.2902982785529,296669,6622,905012695.0,197348.0,66.52,103.95,34.9,TCS,3076.9,1.200499934219179,1515.8362499999998,1427.1984999999997,
2018-02-26,1539.05,1542.375,1513.5,1517.625,1523.7890657855212,49935,2353,152180814.0,11421.0,22.87,57.75,-42.85,TCS,3035.25,-1.3536351522636436,1513.77125,1431.2779999999998,
2018-02-27,1524.975,1538.9,1517.5,1521.625,1527.272424692805,47771,1835,145918662.0,17174.0,35.95,42.8,-6.7,TCS,3043.25,0.26356972242813637,1509.975,1436.125,
2018-02-28,1520.0,1531.175,1511.675,1519.125,1521.4528679829884,101343,1667,308377196.0,77336.0,76.31,39.0,-1.75,TCS,3038.25,-0.1642980366384661,1507.0887500000001,1441.0290000000002,
2018-03-01,1520.5,1530.0,1510.975,1518.55,1520.1951732673267,28280,1901,85982239.0,7201.0,25.46,38.05,-3.9,TCS,3037.1,-0.037850736443678645,1505.2225,1445.63,
2018-03-05,1534.5,1556.225,1518.025,1552.15,1536.5508414925778,110815,4818,340545763.0,43259.0,39.04,76.4,35.3,TCS,3104.3,2.2126370550854535,1504.3575,1450.9225,
2018-03-06,1566.5,1566.5,1515.325,1524.9,1541.4484069845262,49309,3159,152014559.0,12659.0,25.67,102.35,-83.2,TCS,3049.8,-1.7556292884064018,1501.87375,1455.5404999999998,
2018-03-07,1527.5,1544.875,1512.125,1514.625,1519.6769564841888,81051,2458,246342674.0,13168.0,16.25,65.5,-25.75,TCS,3029.25,-0.6738146763722308,1499.9424999999999,1459.892,
2018-03-08,1530.0,1530.0,1491.95,1500.75,1514.5519979598298,56858,6649,172228795.0,25197.0,44.32,76.1,-58.5,TCS,3001.5,-0.9160683337459785,1500.09625,1463.509,
2018-03-09,1507.0,1529.975,1489.275,1517.25,1511.894011759557,105106,3286,317818264.0,15329.0,14.58,81.4,20.5,TCS,3034.5,1.099450274862579,1502.075,1467.4260000000002,
2018-03-12,1517.5,1540.0,1517.5,1525.925,1529.4883958084251,71095,3179,217477955.0,23288.0,32.76,45.0,16.85,TCS,3051.85,0.571758115010712,1504.2150000000001,1471.734,
2018-03-13,1464.0,1464.5,1442.05,1446.225,1450.9414757777697,2197919,37530,6378103675.0,236501.0,10.76,44.9,-35.55,TCS,2892.45,-5.223061421760578,1502.21875,1474.37,
2018-03-14,1448.0,1462.5,1437.525,1443.05,1448.915086067144,135708,5956,393258737.0,42291.0,31.16,49.95,-9.9,TCS,2886.1,-0.21953707064944483,1500.17375,1476.2269999999999,
2018-03-15,1445.575,1451.2,1428.825,1434.575,1441.4175987175472,162813,3957,469363047.0,117836.0,72.38,44.75,-22.0,TCS,2869.15,-0.587297737431125,1499.1412500000001,1478.372,
2018-03-16,1434.375,1435.0,1402.5,1412.75,1416.856436134505,131088,8845,371465753.0,37973.0,28.97,65.0,-43.25,TCS,2825.5,-1.5213564993116435,1496.635,1480.2895,
2018-03-19,1420.35,1422.5,1410.025,1414.425,1414.5871285704006,111192,3896,314581544.0,58170.0,52.31,24.95,-11.85,TCS,2828.85,0.11856308617943512,1493.92625,1482.2259999999997,
2018-03-20,1413.725,1435.0,1410.35,1429.575,1425.838913302547,53704,2578,153146506.0,23140.0,43.09,49.3,31.7,TCS,2859.15,1.071106633437613,1492.29125,1484.3195,
2018-03-21,1430.125,1441.0,1422.5,1427.3,1428.7098745013132,99762,3253,285061909.0,50828.0,50.95,37.0,-5.65,TCS,2854.6,-0.15913820541070267,1490.03,1486.0209999999997,
2018-03-22,1428.0,1435.0,1412.5,1414.975,1422.247650868716,48635,1843,138342029.0,12465.0,25.63,45.0,-26.05,TCS,2829.95,-0.8635185314930349,1484.7025,1487.243,SELL
2018-03-23,1403.35,1415.5,1400.0,1408.225,1407.9732266391327,96850,4126,272724414.0,55819.0,57.63,31.0,9.75,TCS,2816.45,-0.4770402303927668,1479.10375,1488.3229999999999,
2018-03-26,1408.35,1411.45,1391.15,1406.525,1406.6892495613445,148180,3727,416886426.0,106481.0,71.86,40.6,-3.65,TCS,2813.05,-0.12071934527506656,1472.5075000000002,1488.3825,
2018-03-27,1410.05,1434.5,1410.05,1420.925,1421.9934791200103,37955,2559,107943525.0,13619.0,35.88,48.9,21.75,TCS,2841.85,1.0237997902632356,1467.6725000000001,1488.9170000000001,
2018-03-28,1419.5,1437.0,1413.775,1424.65,1428.17924735245,82057,4430,234384209.0,37355.0,45.52,46.45,10.3,TCS,2849.3,0.26215317486848466,1462.82375,1489.681,
2018-04-02,1422.5,1455.0,1422.5,1451.45,1442.8472129144163,50734,2797,146402821.0,13822.0,27.24,65.0,57.9,TCS,2902.9,1.8811637946162252,1459.44,1491.2379999999998,
2018-04-03,1450.0,1463.575,1446.5,1454.05,1454.504096329339,34299,1813,99776072.0,14227.0,41.48,34.15,8.1,TCS,2908.1,0.17913121361397,1456.215,1491.8104999999998,
2018-04-04,1461.5,1466.65,1445.975,1453.525,1457.842225589494,37617,1739,109679302.0,9510.0,25.28,41.35,-15.95,TCS,2907.05,-0.036106048622808196,1451.28375,1491.9865000000002,
2018-04-05,1457.775,1481.0,1457.775,1478.575,1475.666331249136,65093,2621,192111097.0,33069.0,50.8,46.45,41.6,TCS,2957.15,1.7233965704064325,1448.9675000000002,1492.457,
2018-04-06,1470.5,1480.675,1463.5,1474.85,1472.644433441788,21207,1200,62460741.0,8279.0,39.04,34.35,8.7,TCS,2949.7,-0.2519317586189507,1446.97875,1492.4065,
2018-04-09,1475.0,1481.5,1457.5,1460.575,1468.0337538209842,23227,2348,68196040.0,9641.0,41.51,48.0,-28.85,TCS,2921.15,-0.967895040173572,1444.97,1490.4865000000002,
2018-04-10,1469.5,1477.925,1462.55,1465.925,1470.239004301577,29989,1648,88181995.0,7709.0,25.71,30.75,-7.15,TCS,2931.85,0.36629409650308364,1442.40375,1488.774,
2018-04-11,1475.0,1513.45,1473.6,1507.75,1497.0324698501975,92455,4638,276816274.0,54313.0,58.75,79.7,65.5,TCS,3015.5,2.853147330184025,1441.495,1487.183,
2018-04-12,1507.75,1575.0,1505.075,1568.65,1546.577813457731,921775,7737,2851193528.0,824729.0,89.47,139.85,121.8,TCS,3137.3,4.039131155695586,1447.61625,1487.3775,
2018-04-13,1574.5,1619.0,1565.55,1575.5,1592.8235401871264,141936,8194,452158004.0,24858.0,17.51,106.9,2.0,TCS,3151.0,0.4366812227074135,1454.23875,1486.9365000000003,
2018-04-16,1566.0,1599.5,1554.025,1592.4,1586.07530353037,117863,7252,373879187.0,16358.0,13.88,90.95,52.8,TCS,3184.8,1.072675341161533,1462.1299999999999,1487.2475,
2018-04-17,1595.0,1595.0,1574.65,1582.95,1583.3177200172563,46360,2924,146805219.0,9446.0,20.38,40.7,-24.1,TCS,3165.9,-0.5934438583270585,1470.6399999999999,1487.789,
2018-04-18,1586.475,1594.9,1573.65,1579.75,1582.2144861150873,52395,3866,165800256.0,12749.0,24.33,42.5,-13.45,TCS,3159.5,-0.20215420575507848,1478.90625,1487.995,
2018-04-19,1587.5,1607.5,1583.15,1595.325,1596.285038992084,102072,6361,325872013.0,27791.0,27.23,48.7,15.65,TCS,3190.65,0.9859154929577452,1487.19375,1488.4100000000003,
2018-04-20,1625.1,1710.625,1622.5,1703.2,1668.527111036265,771955,30055,2576055692.0,221977.0,28.76,176.25,156.2,TCS,3406.4,6.761945058216967,1500.98875,1491.4090000000003,BUY
2018-04-23,1714.5,1778.5,1700.0,1707.6,1740.291314430544,505816,24829,1760534383.0,63415.0,12.54,157.0,-13.8,TCS,3415.2,0.2583372475340351,1515.62,1495.6075,
2018-04-24,1706.475,1721.75,1672.95,1692.825,1693.594122130376,195496,10185,662181753.0,33844.0,17.31,97.6,-27.3,TCS,3385.65,-0.8652494729444737,1529.85,1499.9105000000002,
2018-04-25,1692.5,1740.75,1683.0,1733.95,1723.7992975357427,221933,10387,765135899.0,28076.0,12.65,115.5,82.9,TCS,3467.9,2.429371021812643,1546.22125,1504.9270000000001,
2018-04-26,1735.5,1780.0,1734.5,1770.175,1759.6935224307606,150998,9408,531420405.0,21971.0,14.55,91.0,69.35,TCS,3540.35,2.089160587098826,1563.68375,1510.6075000000003,
2018-04-27,1770.0,1771.575,1724.65,1727.4,1737.8524651950563,107456,6981,373485349.0,28156.0,26.2,93.85,-85.2,TCS,3454.8,-2.4164277543180734,1578.8212500000002,1515.4765,
2018-04-30,1727.5,1773.5,1719.1,1765.7,1761.5410150119599,92393,8571,325508118.0,23578.0,25.52,108.8,76.4,TCS,3531.4,2.217205048049098,1594.53375,1521.6860000000001,
2018-05-02,1766.5,1780.0,1737.8,1748.9,1749.5289487479956,64856,3303,226934899.0,13017.0,20.07,84.4,-35.2,TCS,3497.8,-0.9514640086084825,1609.2762500000001,1527.4065000000003,
2018-05-03,1751.0,1763.925,1737.5,1741.325,1750.271621025344,72522,4342,253866397.0,14960.0,20.63,52.85,-19.35,TCS,3482.65,-0.4331293956201021,1623.66625,1532.861,
2018-05-04,1741.0,1752.0,1735.65,1740.425,1743.0263213890544,46996,2419,163830530.0,11632.0,24.75,32.7,-1.15,TCS,3480.85,-0.05168478026790213,1636.75875,1538.4240000000002,
2018-05-07,1741.125,1745.0,1710.05,1713.85,1721.1058150168712,63422,3868,218311946.0,14047.0,22.15,69.9,-54.55,TCS,3427.7,-1.5269258945372566,1648.7087500000002,1543.2504999999999,
2018-05-08,1716.0,1743.975,1699.425,1720.525,1726.38967931123,101282,4820,349704399.0,18283.0,18.05,89.1,9.05,TCS,3441.05,0.3894739913061329,1661.70625,1547.2305000000001,
2018-05-09,1724.5,1747.225,1721.5,1744.525,1739.684222681903,49793,3758,173248193.0,14775.0,29.67,51.45,40.05,TCS,3489.05,1.3949230612749108,1675.63625,1551.717,
2018-05-10,1745.5,1754.725,1723.0,1726.375,1737.4834684007053,61821,3571,214825931.0,13998.0,22.64,63.45,-38.25,TCS,3452.75,-1.0403978160244298,1686.5674999999999,1555.4754999999998,
2018-05-11,1727.5,1743.75,1723.2,1730.3,1730.8832176979072,35168,2117,121743402.0,7611.0,21.64,41.1,5.6,TCS,3460.6,0.22735500687858234,1694.65,1559.729,
2018-05-14,1732.0,1739.925,1708.0,1718.375,1718.1869667037656,301896,2716,1037427545.0,7731.0,2.56,63.85,-27.25,TCS,3436.75,-0.6891868462116424,1701.79375,1563.6640000000002,
2018-05-15,1727.0,1747.25,1718.45,1741.225,1738.305579420832,39574,2911,137583410.0,8124.0,20.53,57.6,28.45,TCS,3482.45,1.3297446715647032,1709.2350000000001,1568.106,
2018-05-16,1740.0,1754.975,1737.5,1747.775,1747.8599581144642,29127,2294,101819834.0,6963.0,23.91,34.95,15.55,TCS,3495.55,0.3761719479102421,1717.4762500000002,1572.6905000000002,
2018-05-17,1757.925,1764.9,1737.5,1746.35,1754.3256118336312,48134,3135,168885418.0,14492.0,30.11,54.8,-23.15,TCS,3492.7,-0.08153223384017583,1725.80625,1576.5744999999997,
2018-05-18,1744.925,1759.0,1731.25,1751.175,1744.046923519264,26085,1789,90986928.0,5939.0,22.77,55.5,12.5,TCS,3502.35,0.27629054885904836,1733.5987499999999,1581.1,
2018-05-21,1760.0,1795.925,1755.0,1778.975,1784.9462508780143,68336,4304,243952174.0,17777.0,26.01,81.85,37.95,TCS,3557.95,1.5875055319999332,1737.3875,1586.3870000000002,
2018-05-22,1779.0,1787.5,1747.5,1754.025,1761.0242832856811,51764,3502,182315322.0,13954.0,26.96,80.0,-49.95,TCS,3508.05,-1.4024930086145027,1739.7087500000002,1591.4525,
2018-05-23,1764.0,1772.475,1741.4,1748.525,1756.177652325402,45347,2842,159274776.0,12439.0,27.43,62.15,-30.95,TCS,3497.05,-0.31356451589914514,1742.49375,1596.0780000000002,
2018-05-24,1750.0,1807.5,1750.0,1802.4,1788.6953375955093,96195,6374,344127096.0,24716.0,25.69,115.0,104.8,TCS,3604.8,3.081168413377,1745.9162499999998,1601.6075,
2018-05-25,1809.5,1837.0,1786.4,1794.725,1815.7225716819391,84575,5461,307129473.0,23375.0,27.64,101.2,-29.55,TCS,3589.45,-0.4258211273857171,1747.14375,1608.5775,
2018-05-28,1800.55,1809.0,1744.0,1751.9,1761.502032983736,131580,8147,463556875.0,30550.0,23.22,130.0,-97.3,TCS,3503.8,-2.386159439468427,1748.36875,1614.7545,
2018-05-29,1756.0,1774.75,1745.55,1761.35,1759.1687532197393,102881,5450,361970081.0,31461.0,30.58,58.4,10.7,TCS,3522.7,0.5394143501341375,1748.1512500000001,1621.29,
2018-05-30,1760.0,1766.25,1742.3,1758.875,1755.2377757650256,77285,4455,271307103.0,27662.0,35.79,47.9,-2.25,TCS,3517.75,-0.14051721690747643,1748.65,1628.2125,
2018-05-31,1742.3,1758.7,1726.1,1744.8,1745.7661272827045,156722,9289,273599959.0,57663.0,36.79,32.6,2.5,TCS,1744.8,-0.8002274180939573,1748.82375,1634.82,
2018-06-01,1758.0,1760.0,1719.0,1732.25,1743.0492769696712,117215,4209,204311521.0,39157.0,33.41,41.0,-25.75,TCS,1732.25,-0.7192801467216792,1748.4149999999997,1640.8734999999997,
2018-06-04,1751.7,1752.0,1712.9,1744.55,1729.9001026342798,242609,4871,419689334.0,157883.0,65.08,39.1,-7.15,TCS,1744.55,0.7100591715976323,1749.95,1647.2185,
2018-06-05,1745.0,1752.6,1713.45,1721.2,1728.8262385268526,104701,6539,181009836.0,37823.0,36.12,39.15,-23.8,TCS,1721.2,-1.3384540425897762,1749.9837499999999,1653.3429999999998,
2018-06-06,1724.7,1735.3,1716.3,1727.25,1727.473192493533,383083,2970,661765613.0,20663.0,5.39,19.0,2.55,TCS,1727.25,0.35149895421797694,1749.1200000000001,1659.7235,
2018-06-07,1725.4,1748.5,1725.4,1734.6,1736.9402142833114,118908,3443,206536087.0,54478.0,45.82,23.1,9.2,TCS,1734.6,0.42553191489360653,1749.53125,1666.285,
2018-06-08,1736.0,1757.5,1736.0,1748.2,1748.526946731992,402906,2729,704491998.0,358186.0,88.9,21.5,12.2,TCS,1748.2,0.7840424305315397,1750.42625,1672.8304999999998,
2018-06-11,1747.0,1763.45,1742.8,1750.6,1754.686657496561,58160,2353,102052576.0,17988.0,30.93,20.65,3.6,TCS,1750.6,0.13728406360826728,1752.0375,1679.3495,
2018-06-12,1756.0,1784.95,1753.5,1781.0,1777.0088838879767,152861,3699,271635355.0,81891.0,53.57,31.45,25.0,TCS,1781.0,1.7365474694390537,1754.0262500000001,1685.9405000000002,
2018-06-13,1815.0,1832.0,1800.0,1824.2,1818.652460609622,353957,13670,643724769.0,150466.0,42.51,32.0,9.2,TCS,1824.2,2.4256035934868025,1757.8474999999999,1693.3435,
2018-06-14,1839.0,1840.0,1785.0,1792.25,1800.052804732897,313381,11016,564102348.0,117180.0,37.39,55.0,-46.75,TCS,1792.25,-1.751452691590838,1760.1425,1700.118,
2018-06-15,1801.0,1849.0,1791.0,1841.45,1821.9342820454876,765529,21913,1394743529.0,261573.0,34.17,58.0,40.45,TCS,1841.45,2.7451527409680487,1764.65625,1707.3754999999999,
2018-06-18,1869.0,1870.7,1825.5,1830.7,1842.3295290635865,522045,18725,961778919.0,287279.0,55.03,45.2,-38.3,TCS,1830.7,-0.5837790871324189,1767.2424999999998,1714.4925,
2018-06-19,1822.65,1839.6,1822.0,1825.85,1830.897324725676,721683,10297,1321327474.0,567882.0,78.69,17.6,3.2,TCS,1825.85,-0.264925984596065,1770.8337499999998,1721.7979999999998,
2018-06-20,1833.0,1836.6,1823.0,1826.3,1830.429297583452,204010,7939,373425881.0,108644.0,53.25,13.6,-6.7,TCS,1826.3,0.024646055261934308,1774.7224999999999,1729.0055000000002,
2018-06-21,1830.0,1834.0,1818.0,1819.85,1823.6080363707129,184984,6940,337338309.0,93180.0,50.37,16.0,-10.15,TCS,1819.85,-0.3531730821880297,1775.595,1735.2475,
2018-06-22,1828.8,1829.0,1803.25,1811.8,1812.4129206607688,200191,7852,362828755.0,102497.0,51.2,25.75,-17.0,TCS,1811.8,-0.442344149243068,1776.44875,1740.1104999999998,
2018-06-25,1812.0,1824.0,1809.0,1820.45,1817.8838319734057,215085,8218,390999544.0,104621.0,48.64,15.0,8.45,TCS,1820.45,0.4774257644331703,1779.87625,1745.0095,
2018-06-26,1821.0,1862.0,1821.0,1852.7,1835.95133473636,1065791,20665,1956740409.0,893456.0,83.83,41.0,31.7,TCS,1852.7,1.7715400038452067,1784.44375,1750.2155000000002,
2018-06-27,1859.8,1886.2,1852.0,1859.8,1871.3406979293131,474432,14800,887823910.0,268177.0,56.53,34.2,0.0,TCS,1859.8,0.383224483186706,1789.4899999999998,1755.7525,
2018-06-28,1865.0,1872.0,1830.15,1847.3,1848.3262269138777,333642,14288,616679259.0,142048.0,42.57,41.85,-17.7,TCS,1847.3,-0.6721152812130371,1794.6150000000002,1761.1035000000002,
2018-06-29,1846.0,1868.0,1843.0,1847.2,1851.5314482800668,229631,12213,425169018.0,106610.0,46.43,25.0,1.2,TCS,1847.2,-0.005413305905910271,1800.3625,1766.1409999999998,
2018-07-02,1829.95,1859.95,1829.95,1855.6,1854.448335754854,151420,8013,280800567.0,80437.0,53.12,30.0,25.65,TCS,1855.6,0.4547423126894712,1805.9149999999997,1769.1889999999999,
2018-07-03,1859.95,1880.0,1858.0,1875.9,1873.289814413876,163967,7300,307157711.0,73061.0,44.56,22.0,15.95,TCS,1875.9,1.093985772795869,1813.65,1772.555,
2018-07-04,1879.0,1880.0,1860.1,1869.65,1867.0838479553236,138775,9587,259104561.0,80734.0,58.18,19.9,-9.35,TCS,1869.65,-0.3331734100964878,1820.77,1776.0915,
2018-07-05,1875.2,1887.0,1864.0,1881.7,1876.1809473798571,110452,5257,207227938.0,46388.0,42.0,23.0,6.5,TCS,1881.7,0.6445056561388496,1828.125,1779.0465,
2018-07-06,1882.8,1920.3,1880.0,1913.3,1908.633957550696,211358,8164,403405056.0,98826.0,46.76,40.3,30.5,TCS,1913.3,1.6793325184673469,1836.3799999999999,1781.9089999999999,
2018-07-09,1927.95,1930.0,1882.0,1887.65,1890.6549335070524,374551,11215,708146696.0,206640.0,55.17,48.0,-40.3,TCS,1887.65,-1.3406156901688115,1843.2325,1785.114,
2018-07-10,1895.2,1900.0,1872.6,1877.0,1882.5938293550023,433180,18579,815501995.0,209864.0,48.45,27.4,-18.2,TCS,1877.0,-0.5641935740206105,1848.0325,1787.34,
2018-07-11,1900.0,1995.0,1894.0,1979.6,1956.985751229303,1157363,44817,2264942900.0,294374.0,25.43,101.0,79.6,TCS,1979.6,5.466169419286082,1855.8025000000002,1791.954,
2018-07-12,1984.0,1992.0,1961.5,1971.0,1972.8067004149375,602500,13828,1188616037.0,359504.0,59.67,30.5,-13.0,TCS,1971.0,-0.43443119822186294,1864.7400000000002,1796.5475,
2018-07-13,1975.0,1998.0,1975.0,1981.25,1983.5941254007687,975624,8702,1935242035.0,801754.0,82.18,23.0,6.25,TCS,1981.25,0.5200405885337434,1871.73,1801.364,
2018-07-16,1985.05,1996.0,1978.4,1988.8,1988.2956905781584,112080,5663,222848181.0,39625.0,35.35,17.6,3.75,TCS,1988.8,0.3810725552050531,1879.6350000000002,1806.8630000000003,
2018-07-17,1988.0,2005.45,1982.0,1997.85,1994.7309101704975,117890,5198,235158827.0,38259.0,32.45,23.45,9.85,TCS,1997.85,0.4550482703137515,1888.2350000000001,1812.4094999999998,
2018-07-18,2005.5,2009.9,1993.0,1997.3,1999.5836654662887,78031,3924,156029513.0,27822.0,35.66,16.9,-8.2,TCS,1997.3,-0.0275295943138798,1896.7849999999999,1817.465,
2018-07-19,1999.0,2009.95,1970.55,1981.45,1984.8864190707343,83227,4013,165196142.0,25400.0,30.52,39.4,-17.55,TCS,1981.45,-0.7935713212837259,1904.8650000000002,1822.5665,
2018-07-20,1983.05,2000.0,1983.0,1995.95,1993.2018820053313,62274,3603,124124654.0,21386.0,34.34,17.0,12.9,TCS,1995.95,0.7317873274622189,1914.0724999999998,1827.8794999999998,
2018-07-23,2000.0,2008.85,1991.2,2005.05,2005.09609192207,86334,4188,173107966.0,36751.0,42.57,17.65,5.05,TCS,2005.05,0.45592324457024436,1923.3025000000002,1833.6129999999998,
2018-07-24,2009.05,2012.0,1987.0,1996.85,1996.7991508708587,59826,3756,119460506.0,17730.0,29.64,25.0,-12.2,TCS,1996.85,-0.4089673574225072,1930.5099999999998,1838.7255000000002,
2018-07-25,2000.15,2003.0,1971.0,1979.4,1979.6795620038324,91325,5758,180794236.0,34064.0,37.3,32.0,-20.75,TCS,1979.4,-0.8738763552595286,1936.4900000000002,1843.358,
2018-07-26,1975.0,1985.05,1955.55,1963.3,1969.3955121391975,83737,4277,164911272.0,38383.0,45.84,29.5,-11.7,TCS,1963.3,-0.8133777912498807,1942.2899999999997,1847.6970000000001,
2018-07-27,1965.0,1966.8,1940.0,1943.1,1948.065559506696,132170,7148,257475825.0,67227.0,50.86,26.8,-21.9,TCS,1943.1,-1.0288799470279608,1947.0849999999998,1851.5355,
2018-07-30,1948.55,1955.3,1935.0,1944.95,1943.4364358859964,96383,5887,187314234.0,28663.0,29.74,20.3,-3.6,TCS,1944.95,0.09520868714940622,1951.5525000000002,1854.855,
2018-07-31,1943.6,1948.5,1929.05,1941.25,1934.6999196302995,89586,7227,173322027.0,46685.0,52.11,19.45,-2.35,TCS,1941.25,-0.19023625285997658,1954.8200000000002,1858.5995,
2015-01-01,269.35,278.0,266.0,276.85,274.2358640486853,435450,10664,119416007.0,79285.0,18.21,12.0,7.5,TVS Motors,276.85,,,,
2015-01-02,280.75,280.75,267.1,267.8,273.03206794328446,596733,13800,162927245.0,168089.0,28.17,13.65,-12.95,TVS Motors,267.8,-3.26891818674373,,,
2015-01-05,265.1,272.0,265.0,271.2,269.55350585020074,292725,7191,78905050.0,71225.0,24.33,7.0,6.1,TVS Motors,271.2,1.2696041822255255,,,
2015-01-06,270.0,275.8,264.0,268.0,270.6640074333547,608070,16231,164582663.0,168530.0,27.72,11.8,-2.0,TVS Motors,268.0,-1.179941002949847,,,
2015-01-07,270.7,280.0,269.35,278.55,275.38214705495886,555561,17362,152991581.0,129277.0,23.27,10.65,7.85,TVS Motors,278.55,3.9365671641791167,,,
2015-01-08,282.0,297.9,282.0,295.8,290.81155082938005,722407,19214,210084300.0,154313.0,21.36,15.9,13.8,TVS Motors,295.8,6.19278406031234,,,
2015-01-09,297.3,300.05,291.25,296.7,294.8691894399134,517420,14450,152571216.0,109711.0,21.2,8.8,-0.6,TVS Motors,296.7,0.30425963488842633,,,
2015-01-12,294.95,303.8,290.6,300.65,296.42691870635196,525367,15273,155732921.0,132780.0,25.27,13.2,5.7,TVS Motors,300.65,1.331311088641729,,,
2015-01-13,302.4,312.25,301.0,308.45,307.60554399821353,680664,17248,209376020.0,100717.0,14.8,11.25,6.05,TVS Motors,308.45,2.5943788458340222,,,
2015-01-14,309.0,313.4,306.05,307.5,309.52210493465304,474238,17472,146787144.0,72225.0,15.23,7.35,-1.5,TVS Motors,307.5,-0.3079915707570047,,,
2015-01-15,312.0,317.5,303.5,315.2,312.91569782154085,493973,13135,154571906.0,84432.0,17.09,14.0,3.2,TVS Motors,315.2,2.504065040650394,,,
2015-01-16,316.4,320.75,313.5,319.4,318.7179076545157,377777,9911,120404295.0,66888.0,17.71,7.25,3.0,TVS Motors,319.4,1.3324873096446588,,,
2015-01-19,319.4,322.3,307.95,308.85,313.2321140865513,425782,13921,133368596.0,144330.0,33.9,14.35,-10.55,TVS Motors,308.85,-3.303068252974317,,,
2015-01-20,311.0,313.75,305.6,309.05,309.7468244240786,287192,7691,88956810.0,61987.0,21.58,8.15,-1.95,TVS Motors,309.05,0.06475635421725467,,,
2015-01-21,311.0,311.95,298.25,300.85,303.46368960134896,351084,10161,106541246.0,84901.0,24.18,13.7,-10.15,TVS Motors,300.85,-2.653292347516578,,,
2015-01-22,304.0,305.0,297.0,300.65,300.6380200281429,316954,9133,95288423.0,55660.0,17.56,8.0,-3.35,TVS Motors,300.65,-0.06647831145090155,,,
2015-01-23,302.2,309.4,300.2,306.15,306.1083815267,364158,11077,111471816.0,82430.0,22.64,9.2,3.95,TVS Motors,306.15,1.829369698985528,,,
2015-01-27,308.2,314.75,307.0,308.15,310.45420853406745,290600,7092,90217993.0,75428.0,25.96,7.75,-0.05,TVS Motors,308.15,0.6532745386248484,,,
2015-01-28,308.5,316.45,308.25,312.0,311.9922106449116,246747,7291,76983142.0,58972.0,23.9,8.2,3.5,TVS Motors,312.0,1.2493915300989755,,,
2015-01-29,312.0,313.3,309.0,310.15,310.69258314951156,139628,3443,43381384.0,38256.0,27.4,4.3,-1.85,TVS Motors,310.15,-0.5929487179487269,298.09749999999997,,
2015-01-30,311.0,314.65,306.0,308.15,310.178978013876,264485,5765,82037687.0,59786.0,22.6,8.65,-2.85,TVS Motors,308.15,-0.64484926648396,299.6625,,
2015-02-02,307.5,308.2,283.7,286.25,295.0107777864542,589082,14235,173785539.0,176014.0,29.88,24.5,-21.25,TVS Motors,286.25,-7.106928443939631,300.58500000000004,,
2015-02-03,285.0,298.55,280.35,285.6,290.08013280569475,974657,24684,282728632.0,149562.0,15.35,18.2,0.6,TVS Motors,285.6,-0.2270742358078559,301.30499999999995,,
2015-02-04,287.0,297.4,284.6,294.3,293.2914517749622,673789,17281,197616554.0,174130.0,25.84,12.8,7.3,TVS Motors,294.3,3.046218487394947,302.62,,
2015-02-05,296.75,303.4,290.0,293.1,298.51550593618623,475979,13567,142087112.0,106259.0,22.32,13.4,-3.65,TVS Motors,293.1,-0.4077471967380175,303.3475,,
2015-02-06,292.95,295.85,285.2,292.9,291.7754860440699,283822,7892,82812302.0,42174.0,14.86,10.65,-0.05,TVS Motors,292.9,-0.06823609689526888,303.2025,,
2015-02-09,292.0,297.15,287.1,294.45,294.09759501928204,416968,11935,122629286.0,131824.0,31.61,10.05,2.45,TVS Motors,294.45,0.5291908501195097,303.09000000000003,,
2015-02-10,292.5,297.4,286.6,294.85,293.38163323739053,331795,8193,97342559.0,39263.0,11.83,10.8,2.35,TVS Motors,294.85,0.1358464934623882,302.8,,
2015-02-11,295.0,304.0,293.55,301.2,297.9979281511073,268842,7062,80114359.0,64820.0,24.11,10.45,6.2,TVS Motors,301.2,2.1536374427674865,302.4375,,
2015-02-12,305.0,306.4,301.2,304.95,303.99603035892886,288943,7372,87837525.0,66828.0,23.13,5.2,-0.05,TVS Motors,304.95,1.245019920318735,302.31,,
2015-02-13,302.0,310.8,302.0,307.45,308.01400478149907,235491,6673,72534526.0,41884.0,17.79,8.8,5.45,TVS Motors,307.45,0.8198065256599385,301.9225,,
2015-02-16,308.0,310.15,301.0,302.4,304.05464611897025,229385,9530,69745575.0,70741.0,30.84,9.15,-5.6,TVS Motors,302.4,-1.64254350300862,301.0725,,
2015-02-18,302.4,304.65,299.95,301.25,302.2752985811244,375861,4675,113613496.0,239839.0,63.81,4.7,-1.15,TVS Motors,301.25,-0.38029100529100024,300.6925,,
2015-02-19,302.35,302.5,290.5,294.85,295.1811643966053,866423,7565,255751750.0,552670.0,63.79,12.0,-7.5,TVS Motors,294.85,-2.12448132780082,299.98249999999996,,
2015-02-20,297.45,299.5,292.75,295.3,294.8918902288296,942579,5964,277958903.0,718569.0,76.23,6.75,-2.15,TVS Motors,295.3,0.15261997625910517,299.705,,
2015-02-23,297.85,297.85,288.0,289.4,293.03069672906975,301107,7546,88233594.0,91256.0,30.31,9.85,-8.45,TVS Motors,289.4,-1.997968167964792,299.14250000000004,,
2015-02-24,290.1,290.8,267.8,269.8,276.8944229556482,534387,12009,147968780.0,138254.0,25.87,23.0,-20.3,TVS Motors,269.8,-6.772633033863151,297.325,,
2015-02-25,269.7,275.1,266.95,271.05,271.4391717306192,558852,11336,151694324.0,129868.0,23.24,8.15,1.35,TVS Motors,271.05,0.4633061527057114,295.46999999999997,,
2015-02-26,272.05,273.85,261.2,270.5,265.8074331482816,566328,12013,150534192.0,158146.0,27.92,12.65,-1.55,TVS Motors,270.5,-0.2029145914038022,293.395,,
2015-02-27,276.5,282.6,272.1,281.7,277.9996104996316,308087,9637,85648066.0,72026.0,23.38,10.5,5.2,TVS Motors,281.7,4.140480591497231,291.97249999999997,,
2015-02-28,284.25,284.8,270.6,277.95,276.68025194760685,455174,11213,125937657.0,58299.0,12.81,14.2,-6.3,TVS Motors,277.95,-1.3312034078807211,290.4625,,
2015-03-02,280.0,281.85,268.65,271.95,274.7791680887372,468800,13450,128816474.0,131446.0,28.04,13.2,-8.05,TVS Motors,271.95,-2.1586616297895267,289.7475,,
2015-03-03,285.2,297.0,283.4,293.2,291.9890106289507,1159757,26626,338636299.0,138901.0,11.98,13.6,8.0,TVS Motors,293.2,7.813936385364961,290.1275,,
2015-03-04,295.7,296.5,284.6,288.8,289.90750002709353,369092,10175,107002539.0,77263.0,20.93,11.9,-6.9,TVS Motors,288.8,-1.500682128240105,289.8525,,
2015-03-05,291.0,293.1,285.0,291.85,289.68156542507,331616,7664,96063042.0,65746.0,19.83,8.1,0.85,TVS Motors,291.85,1.0560941828254844,289.78999999999996,,
2015-03-09,292.0,296.0,285.15,286.55,289.1997787507206,320905,7556,92805655.0,54294.0,16.92,10.85,-5.45,TVS Motors,286.55,-1.8160013705670774,289.47249999999997,,
2015-03-10,288.5,297.0,287.4,294.9,291.9952538673367,236403,7531,69028554.0,63854.0,27.01,9.6,6.4,TVS Motors,294.9,2.9139766183911897,289.495,,
2015-03-11,295.6,296.95,284.05,285.4,287.3317347513501,362196,8789,104070405.0,126937.0,35.05,12.9,-10.2,TVS Motors,285.4,-3.2214309935571395,289.0225,,
2015-03-12,287.15,291.3,283.35,289.75,287.45444022487186,301505,4784,86668951.0,54055.0,17.93,7.95,2.6,TVS Motors,289.75,1.524176594253679,288.45,,
2015-03-13,291.85,291.85,276.4,277.65,282.0673970563916,241880,5967,68226462.0,81278.0,33.6,15.45,-14.2,TVS Motors,277.65,-4.176013805004319,287.085,293.188,
2015-03-16,275.0,276.5,269.4,274.15,272.4686601803826,242152,6866,65978831.0,45381.0,18.74,7.1,-0.85,TVS Motors,274.15,-1.260579866738698,285.42,293.13399999999996,
2015-03-17,276.6,285.0,275.95,283.25,280.77320012119606,257434,6746,72280568.0,70300.0,27.31,9.05,6.65,TVS Motors,283.25,3.3193507204085426,284.4625,293.443,
2015-03-18,283.25,284.05,277.1,278.75,279.1252363339441,205747,3723,57429180.0,74486.0,36.2,6.95,-4.5,TVS Motors,278.75,-1.5887025595763493,283.3375,293.594,
2015-03-19,281.6,282.85,270.1,273.0,276.69097088834985,273327,5566,75627113.0,76979.0,28.16,12.75,-8.6,TVS Motors,273.0,-2.0627802690582953,282.245,293.69399999999996,
2015-03-20,273.3,273.5,264.6,268.4,267.2318058211689,247854,5408,66234472.0,81077.0,32.71,8.9,-4.9,TVS Motors,268.4,-1.68498168498169,280.9,293.491,
2015-03-23,268.4,270.9,262.2,266.2,265.36247973689126,256624,6628,68098381.0,78916.0,30.75,8.7,-2.2,TVS Motors,266.2,-0.8196721311475419,279.74,292.899,
2015-03-24,267.5,267.5,251.85,259.7,259.50731205061504,348671,7358,90482674.0,88829.0,25.48,15.65,-7.8,TVS Motors,259.7,-2.4417731029301226,279.235,292.159,
2015-03-25,260.5,261.8,256.35,259.1,258.3031066005578,206528,4960,53346824.0,68920.0,33.37,5.45,-1.4,TVS Motors,259.1,-0.23103581055061717,278.6375,291.32800000000003,
2015-03-26,258.0,270.6,252.0,266.05,264.88600092321894,324950,7889,86074706.0,113000.0,34.77,18.6,8.05,TVS Motors,266.05,2.682362022385165,278.415,290.48,
2015-03-27,271.6,274.4,266.0,271.55,271.07920564427224,317490,10424,86064937.0,68848.0,21.69,8.4,-0.05,TVS Motors,271.55,2.0672805863559462,277.9075,289.76099999999997,
2015-03-30,275.95,275.95,262.6,266.25,265.4289940039085,299862,7665,79592069.0,89090.0,29.71,13.35,-9.7,TVS Motors,266.25,-1.9517584238630148,277.32250000000005,288.782,
2015-03-31,265.15,268.9,261.0,263.75,264.5950618068576,220283,6516,58285794.0,58099.0,26.37,7.9,-1.4,TVS Motors,263.75,-0.9389671361502372,276.9125,287.669,
2015-04-01,261.25,263.9,252.85,255.15,255.90241718889885,465789,11661,119196531.0,115638.0,24.83,11.05,-6.1,TVS Motors,255.15,-3.2606635071090073,275.01,286.595,
2015-04-06,255.65,257.15,247.5,252.2,251.82754125543048,366679,10114,92339871.0,89769.0,24.48,9.65,-3.45,TVS Motors,252.2,-1.156182637664127,273.17999999999995,285.45799999999997,
2015-04-07,252.25,258.0,251.9,255.4,255.0797257734816,230904,6342,58898929.0,51934.0,22.49,6.1,3.15,TVS Motors,255.4,1.2688342585249979,271.3575,284.549,
2015-04-08,257.5,258.5,249.85,251.15,252.9529236285109,288956,8428,73092265.0,85986.0,29.76,8.65,-6.35,TVS Motors,251.15,-1.664056382145651,269.5875,283.559,
2015-04-09,253.0,253.5,248.75,250.7,250.59064840251384,265730,6884,66589453.0,88444.0,33.28,4.75,-2.3,TVS Motors,250.7,-0.1791757913597536,267.3775,282.45,
2015-04-10,251.0,257.85,250.0,256.75,255.04495349900895,262360,7493,66913594.0,77071.0,29.38,7.85,5.75,TVS Motors,256.75,2.4132429198244987,265.945,281.422,
2015-04-13,257.9,260.75,253.2,255.15,256.74487334517374,317556,10670,81530875.0,104146.0,32.8,7.55,-2.75,TVS Motors,255.15,-0.6231742940603691,264.21500000000003,280.285,
2015-04-15,259.85,259.85,250.4,251.4,255.44327763427327,1195472,4789,305375286.0,1057412.0,88.45,9.45,-8.45,TVS Motors,251.4,-1.4697236919459122,262.90250000000003,279.11,
2015-04-16,252.55,252.7,242.6,244.65,246.97226391092437,279852,7728,69115682.0,77367.0,27.65,10.1,-7.9,TVS Motors,244.65,-2.6849642004773244,261.42749999999995,277.84,
2015-04-17,245.0,249.35,237.45,244.6,243.5257245403716,409570,8947,99740831.0,134868.0,32.93,11.9,-0.4,TVS Motors,244.6,-0.02043735949315284,259.495,277.007,
2015-04-20,244.5,247.8,230.8,233.75,240.38718153435497,335672,8371,80691246.0,67643.0,20.15,17.0,-10.75,TVS Motors,233.75,-4.4358135731807025,257.245,275.97,
2015-04-21,233.0,241.4,225.45,237.6,234.9658869240126,313223,9537,73596720.0,53751.0,17.16,15.95,4.6,TVS Motors,237.6,1.6470588235294015,255.475,274.836,
2015-04-22,234.8,241.0,232.15,237.95,236.8938556643948,274513,10018,65030443.0,48631.0,17.72,8.85,3.15,TVS Motors,237.95,0.1473063973064015,253.95250000000001,273.733,
2015-04-23,237.5,243.15,230.75,232.9,238.1152910020757,312661,10702,74449365.0,43849.0,14.02,12.4,-4.6,TVS Motors,232.9,-2.1222945997058096,252.2875,272.533,
2015-04-24,233.0,236.4,227.0,232.1,231.14617197950287,349123,10929,80698445.0,66237.0,18.97,9.4,-0.9,TVS Motors,232.1,-0.3434950622584809,250.90750000000003,271.286,
2015-04-27,234.0,235.0,220.7,228.25,226.38502353319495,342070,8485,77439525.0,49103.0,14.35,14.3,-5.75,TVS Motors,228.25,-1.6587677725118488,249.365,269.954,
2015-04-28,229.95,230.3,224.25,227.55,227.37954512625896,304612,8441,69262538.0,45037.0,14.79,6.05,-2.4,TVS Motors,227.55,-0.3066812705366906,247.44,268.481,
2015-04-29,231.5,240.0,227.3,237.35,234.534887513866,895177,22136,209950237.0,80829.0,9.03,12.7,5.85,TVS Motors,237.35,4.306745770160392,245.72999999999996,267.12899999999996,
2015-04-30,238.0,241.2,233.5,235.6,237.1503373187448,559708,13235,132734941.0,96110.0,17.17,7.7,-2.4,TVS Motors,235.6,-0.73730777333052,244.1975,265.692,
2015-05-04,238.25,250.6,236.25,249.35,244.8016994700628,424956,11837,104029951.0,81194.0,19.11,14.35,11.1,TVS Motors,249.35,5.836162988115445,243.47749999999996,264.63100000000003,
2015-05-05,250.5,250.5,238.1,240.4,243.98668281230107,337759,10201,82408698.0,97495.0,28.87,12.4,-10.1,TVS Motors,240.4,-3.5893322638861025,242.74,263.414,
2015-05-06,240.3,240.3,225.0,226.0,229.56210992081972,386460,11850,88716573.0,65322.0,16.9,15.3,-14.3,TVS Motors,226.0,-5.9900166389351135,241.43,262.03700000000003,
2015-05-07,225.0,225.0,208.7,216.15,216.28642947574767,587656,18278,127102018.0,151236.0,25.74,16.3,-8.85,TVS Motors,216.15,-4.358407079646021,239.46749999999997,260.45399999999995,
2015-05-08,217.9,226.4,217.4,220.85,221.8353754414658,364411,9164,80839251.0,60209.0,16.52,9.0,2.95,TVS Motors,220.85,2.1744159148739284,237.95250000000001,259.08299999999997,
2015-05-11,222.0,228.0,221.5,227.2,225.74233812708712,209022,2996,47185115.0,35313.0,16.89,6.5,5.2,TVS Motors,227.2,2.875254697758667,236.7775,258.231,
2015-05-12,228.0,230.85,221.05,222.45,224.78485161299116,293523,4260,65979524.0,34485.0,11.75,9.8,-5.55,TVS Motors,222.45,-2.090669014084512,235.0625,257.25899999999996,
2015-05-13,224.7,227.0,217.7,219.8,220.30749477801643,811952,4159,178879111.0,55319.0,6.81,9.3,-4.9,TVS Motors,219.8,-1.1912789390874257,233.295,256.245,
2015-05-14,219.0,224.75,215.6,224.15,221.2807799404164,287663,5113,63654293.0,50324.0,17.49,9.15,5.15,TVS Motors,224.15,1.979071883530481,231.93249999999998,255.09400000000002,
2015-05-15,225.25,227.0,219.8,221.4,223.16469788107008,179383,2243,40031953.0,46762.0,26.07,7.2,-3.85,TVS Motors,221.4,-1.2268570153914804,230.77000000000004,253.963,
2015-05-18,222.9,225.0,219.35,224.15,222.3837608371373,178322,2841,39655917.0,40653.0,22.8,5.65,1.25,TVS Motors,224.15,1.242095754290884,229.7475,253.007,
2015-05-19,222.8,225.7,221.4,222.0,223.43671406578585,702826,3100,157037132.0,485582.0,69.09,4.3,-0.8,TVS Motors,222.0,-0.959179121124254,229.16,251.583,
2015-05-20,223.3,224.35,219.5,220.2,221.35619310419457,147858,2003,32729284.0,49267.0,33.32,4.85,-3.1,TVS Motors,220.2,-0.8108108108108136,228.28999999999996,250.211,
2015-05-21,221.4,232.5,218.25,229.95,227.95894319078235,489322,6593,111545326.0,96936.0,19.81,14.25,8.55,TVS Motors,229.95,4.427792915531326,227.89000000000001,248.97299999999998,
2015-05-22,229.95,231.25,225.3,227.35,227.87632197838664,207927,3052,47381640.0,40548.0,19.5,5.95,-2.6,TVS Motors,227.35,-1.1306805827353772,227.6125,247.789,
2015-05-25,227.35,233.15,226.0,230.15,230.6881560172788,204644,3018,47208947.0,45978.0,22.47,7.15,2.8,TVS Motors,230.15,1.2315812623707956,227.51500000000001,246.49399999999997,
2015-05-26,230.0,235.65,230.0,234.8,234.13027510711564,240161,4041,56228961.0,50167.0,20.89,5.65,4.8,TVS Motors,234.8,2.020421464262445,227.84249999999997,245.482,
2015-05-27,232.7,239.0,231.45,235.95,236.2894844897716,284941,4249,67328562.0,57676.0,20.24,7.55,3.25,TVS Motors,235.95,0.48977853492333523,228.2625,244.40599999999998,
2015-05-28,237.0,241.45,235.05,236.1,238.7827341241181,245073,3735,58519201.0,26978.0,11.01,6.4,-0.9,TVS Motors,236.1,0.06357279084552303,228.2,243.575,
2015-05-29,237.4,239.9,234.1,237.95,237.33486650062932,149364,2645,35449285.0,25497.0,17.07,5.8,0.55,TVS Motors,237.95,0.783566285472248,228.31749999999997,242.85100000000003,
2015-06-01,238.0,240.45,234.5,236.0,238.13361489924688,196520,3101,46798018.0,47085.0,23.96,5.95,-2.0,TVS Motors,236.0,-0.8194998949359045,227.65,241.90600000000003,
2015-06-02,237.0,239.0,218.7,225.9,227.3538173688564,479951,6489,109118692.0,109592.0,22.83,20.3,-11.1,TVS Motors,225.9,-4.279661016949154,226.925,240.84900000000002,
2015-06-03,226.8,226.8,215.0,221.4,220.8431036977846,317866,4513,70198514.0,30496.0,9.59,11.8,-5.4,TVS Motors,221.4,-1.9920318725099584,226.695,239.817,
2015-06-04,222.0,228.6,217.85,226.55,223.82262252301527,303494,4422,67928823.0,31431.0,10.36,10.75,4.55,TVS Motors,226.55,2.326106594399291,227.215,238.98000000000005,
2015-06-05,226.0,227.35,221.7,223.5,224.27104321350356,187210,4005,41985782.0,18350.0,9.8,5.65,-2.5,TVS Motors,223.5,-1.3462811741337455,227.3475,238.12600000000003,
2015-06-08,223.0,224.2,217.0,219.1,219.24041923700943,115257,2331,25268993.0,22558.0,19.57,7.2,-3.9,TVS Motors,219.1,-1.968680089485464,226.94250000000002,237.31399999999996,
2015-06-09,217.5,220.3,215.0,218.8,218.01608460130524,162267,2331,35376816.0,26552.0,16.36,5.3,1.3,TVS Motors,218.8,-0.1369237790962985,226.76,236.50799999999998,
2015-06-10,215.5,225.5,215.5,224.0,223.71971562250084,158803,2127,35527362.0,36863.0,23.21,10.0,8.5,TVS Motors,224.0,2.376599634369292,226.96999999999997,235.667,
2015-06-11,225.25,232.95,225.1,226.5,228.7349954823184,335349,5223,76706052.0,49438.0,14.74,7.85,1.25,TVS Motors,226.5,1.116071428571419,227.0875,234.76600000000002,
2015-06-12,224.0,228.65,219.6,225.1,223.90250261442003,207503,3390,46460441.0,19479.0,9.39,9.05,1.1,TVS Motors,225.1,-0.6181015452538685,227.27249999999998,233.94300000000004,
2015-06-15,225.5,229.65,222.85,228.15,226.92003471109905,246607,3189,55960069.0,59736.0,24.22,6.8,2.65,TVS Motors,228.15,1.3549533540648584,227.4725,233.23100000000002,
2015-06-16,229.85,229.85,222.8,228.45,226.2255984402643,138485,2049,31328852.0,17001.0,12.28,7.05,-1.4,TVS Motors,228.45,0.13149243918473275,227.79500000000002,232.69699999999997,
2015-06-17,229.0,233.4,228.3,231.8,231.22938951765403,141724,2203,32770754.0,24277.0,17.13,5.1,2.8,TVS Motors,231.8,1.466404027139423,228.375,232.28900000000002,
2015-06-18,232.0,236.25,230.7,231.9,233.73901171165528,159670,2444,37321108.0,25977.0,16.27,5.55,-0.1,TVS Motors,231.9,0.043140638481453664,228.4725,231.81900000000002,
2015-06-19,232.5,241.65,232.5,239.85,236.8629842553806,173075,2624,40995061.0,32803.0,18.95,9.15,7.35,TVS Motors,239.85,3.4282018111254864,229.0975,231.593,
2015-06-22,241.0,247.0,241.0,244.9,244.3234550475606,162950,2519,39812507.0,28009.0,17.19,6.0,3.9,TVS Motors,244.9,2.1054825932874666,229.83499999999998,231.477,
2015-06-23,245.9,248.0,242.05,242.85,245.08994518266232,160898,2260,39434482.0,28375.0,17.64,5.95,-3.05,TVS Motors,242.85,-0.8370763576970197,230.2375,231.199,
2015-06-24,243.1,243.45,236.2,240.35,239.45917084790432,197310,3042,47247689.0,41541.0,21.05,7.25,-2.75,TVS Motors,240.35,-1.029442042413009,230.45749999999998,230.90300000000002,
2015-06-25,239.0,243.4,237.75,238.9,240.76340715240448,103993,2023,25037709.0,15640.0,15.04,5.65,-0.1,TVS Motors,238.9,-0.6032868733097496,230.5975,230.653,
2015-06-26,239.0,247.0,236.5,245.1,241.69082112417516,146543,2449,35418098.0,22518.0,15.37,10.5,6.1,TVS Motors,245.1,2.595228128924232,230.955,230.662,BUY
2015-06-29,241.8,243.0,235.2,241.6,238.40506088796073,221226,3125,52741398.0,31318.0,14.16,7.8,-0.2,TVS Motors,241.6,-1.427988576091388,231.23500000000004,230.60199999999998,
2015-06-30,243.9,245.6,239.65,243.75,243.1988023729841,161653,2925,39313816.0,20192.0,12.49,5.95,-0.15,TVS Motors,243.75,0.8899006622516525,232.1275,230.80199999999996,
2015-07-01,244.9,247.95,244.0,245.55,245.84131901683088,155904,2179,38327645.0,26146.0,16.77,3.95,0.65,TVS Motors,245.55,0.7384615384615323,233.33499999999998,230.961,
2015-07-02,250.1,259.8,248.0,257.25,256.0419100017449,464209,6669,118856959.0,84361.0,18.17,11.8,7.15,TVS Motors,257.25,4.764813683567493,234.86999999999998,231.347,
2015-07-03,258.25,262.45,255.6,257.5,259.0390725791588,244161,3612,63247239.0,55254.0,22.63,6.85,-0.75,TVS Motors,257.5,0.09718172983479434,236.57,231.83900000000003,
2015-07-06,257.85,265.9,252.0,264.4,260.93719007112463,286961,4549,74878797.0,53448.0,18.63,13.9,6.55,TVS Motors,264.4,2.679611650485425,238.83499999999998,232.485,
2015-07-07,265.9,271.8,264.6,270.15,268.19356175449275,190642,3523,51128957.0,54721.0,28.7,7.2,4.25,TVS Motors,270.15,2.1747352496217953,241.4025,233.32299999999998,
2015-07-08,268.0,272.7,263.1,265.0,268.0725199899386,282267,4852,75668026.0,32401.0,11.48,9.6,-3.0,TVS Motors,265.0,-1.9063483250046143,243.45250000000001,234.072,
2015-07-09,264.2,267.4,258.0,259.25,261.15550154877695,184339,2975,48141144.0,22656.0,12.29,9.4,-4.95,TVS Motors,259.25,-2.169811320754722,245.09,234.51,
2015-07-10,257.0,259.55,254.3,256.95,256.60929613443307,129968,2111,33350997.0,19219.0,14.79,5.25,-0.05,TVS Motors,256.95,-0.8871745419479327,246.68249999999998,234.937,
2015-07-13,256.1,272.5,256.1,270.65,267.4847863536565,296050,5101,79188871.0,76605.0,25.88,16.4,14.55,TVS Motors,270.65,5.33177661023545,248.80750000000003,235.363,
2015-07-14,271.0,272.0,266.0,266.3,267.7314666386356,152212,2515,40751942.0,25805.0,16.95,6.0,-4.7,TVS Motors,266.3,-1.607241825235528,250.7,235.88099999999997,
2015-07-15,266.85,272.35,265.55,268.25,269.4118034671856,226120,3180,60919397.0,44113.0,19.51,6.8,1.4,TVS Motors,268.25,0.7322568531731077,252.52250000000004,236.726,
2015-07-16,268.95,269.65,265.1,266.55,266.76484278237245,100116,1864,26707429.0,24899.0,24.87,4.55,-2.4,TVS Motors,266.55,-0.6337371854613139,254.25499999999997,237.734,
2015-07-17,268.95,269.75,261.45,263.35,265.3808789198488,146498,2483,38877768.0,50668.0,34.59,8.3,-5.6,TVS Motors,263.35,-1.2005252297880298,255.43,238.584,
2015-07-20,264.0,268.5,260.0,263.8,264.6616488332098,138971,2084,36780294.0,29893.0,21.51,8.5,-0.2,TVS Motors,263.8,0.1708752610594333,256.375,239.31599999999997,
2015-07-21,264.6,266.25,256.0,257.95,262.34660735719837,113304,1737,29724920.0,19034.0,16.8,10.25,-6.65,TVS Motors,257.95,-2.2175890826383715,257.13,240.02599999999998,
2015-07-22,259.0,265.4,256.0,264.0,261.8518599043365,101188,1730,26496266.0,24406.0,24.12,9.4,5.0,TVS Motors,264.0,2.3454157782516027,258.3125,240.91,
2015-07-23,264.2,271.5,262.55,263.35,266.8419869691693,193541,3261,51644865.0,34017.0,17.58,8.95,-0.85,TVS Motors,263.35,-0.24621212121210823,259.535,241.694,
2015-07-24,263.5,267.65,249.5,251.45,257.78459638373886,557869,8219,143810035.0,93453.0,16.75,18.15,-12.05,TVS Motors,251.45,-4.518701348015963,259.8525,242.295,
2015-07-27,252.0,255.9,239.25,241.55,242.52686042115295,364998,5677,88521819.0,151250.0,41.44,16.65,-10.45,TVS Motors,241.55,-3.9371644462119604,259.85,242.643,
2015-07-28,241.6,243.45,228.9,232.55,233.49315305596704,248432,4467,58007171.0,51956.0,20.91,14.55,-9.05,TVS Motors,232.55,-3.7259366590768006,259.28999999999996,242.854,
2015-07-29,234.05,238.5,232.1,235.0,235.44152286403332,170836,2727,40221888.0,38629.0,22.61,6.4,0.95,TVS Motors,235.0,1.0535368737905726,258.7625,243.15,
2015-07-30,237.7,239.4,234.05,235.95,236.54198300611893,172415,2752,40783386.0,39308.0,22.8,5.35,-1.75,TVS Motors,235.95,0.4042553191489384,257.69750000000005,243.27,
2015-07-31,235.7,240.8,233.75,237.95,237.69109214611464,269268,3712,64002605.0,70731.0,26.27,7.05,2.25,TVS Motors,237.95,0.8476372112735664,256.72,243.482,
2015-08-03,237.9,237.9,229.5,230.1,232.9663616065952,244542,3428,56970060.0,74887.0,30.62,8.4,-7.8,TVS Motors,230.1,-3.2990123975625063,255.00499999999997,243.48100000000002,
2015-08-04,231.0,234.5,227.05,233.35,231.06469010037176,293708,4188,67865548.0,33247.0,11.32,7.45,2.35,TVS Motors,233.35,1.412429378531077,253.16500000000002,243.45199999999997,
2015-08-05,234.1,237.5,232.6,234.65,234.92216505716237,203893,2731,47898985.0,32214.0,15.8,4.9,0.55,TVS Motors,234.65,0.5571030640668662,251.64749999999998,243.42600000000002,
2015-08-06,235.2,240.0,233.75,236.85,237.40473843785492,213066,3464,50582878.0,32709.0,15.35,6.25,1.65,TVS Motors,236.85,0.9375665885361206,250.5275,243.44099999999997,
2015-08-07,237.9,241.5,237.0,239.15,239.32705695153484,241328,2641,57756320.0,99915.0,41.4,4.5,1.25,TVS Motors,239.15,0.9710787418197198,249.6375,243.465,
2015-08-10,238.65,239.75,232.85,234.15,236.4518066011931,153548,1994,36306702.0,40159.0,26.15,6.9,-4.5,TVS Motors,234.15,-2.0907380305247747,247.8125,243.428,
2015-08-11,234.6,234.7,222.4,223.55,226.06945460363903,262488,4530,59340519.0,62202.0,23.7,12.3,-11.05,TVS Motors,223.55,-4.527012598761471,245.675,243.38099999999997,
2015-08-12,222.0,226.8,220.0,223.45,224.16746867475533,277013,3666,62097303.0,38455.0,13.88,6.8,1.45,TVS Motors,223.45,-0.04473272198614042,243.435,243.422,
2015-08-13,224.4,228.9,224.0,225.55,226.06863292922912,123483,1927,27915633.0,24417.0,19.77,4.9,1.15,TVS Motors,225.55,0.9398075632132574,241.38500000000005,243.40199999999996,SELL
2015-08-14,226.8,230.65,225.0,230.0,228.09394927178337,182226,2332,41564648.0,43262.0,23.74,5.65,3.2,TVS Motors,230.0,1.972954998891585,239.71750000000003,243.53199999999998,
2015-08-17,231.0,234.45,228.2,229.8,231.2694919009083,153474,2414,35493854.0,24749.0,16.13,6.25,-1.2,TVS Motors,229.8,-0.08695652173912327,238.01749999999998,243.746,
2015-08-18,231.1,233.9,229.55,230.25,231.26780075075968,167830,2724,38813675.0,33790.0,20.13,4.35,-0.85,TVS Motors,230.25,0.1958224543080922,236.6325,243.975,
2015-08-19,230.4,235.0,228.55,229.0,231.4018448683821,270480,3583,62589571.0,96799.0,35.79,6.45,-1.4,TVS Motors,229.0,-0.5428881650380024,234.8825,244.075,
2015-08-20,229.3,233.2,227.35,231.8,230.64426557667875,333704,3976,76966914.0,118529.0,35.52,5.85,2.5,TVS Motors,231.8,1.2227074235807933,233.30499999999998,244.18099999999998,
2015-08-21,229.75,230.2,222.65,228.75,226.27276946613875,174521,2943,39489350.0,21048.0,12.06,7.55,-1.0,TVS Motors,228.75,-1.3157894736842146,232.17,244.254,
2015-08-24,229.0,229.0,201.0,213.55,215.83130393957384,362095,5410,78151436.0,46654.0,12.88,28.0,-15.45,TVS Motors,213.55,-6.644808743169395,230.76999999999998,243.96200000000002,
2015-08-25,212.0,228.4,212.0,223.8,220.0343473511205,406436,6639,89429880.0,61650.0,15.17,16.4,11.8,TVS Motors,223.8,4.799812690236482,230.33250000000004,243.86900000000003,
2015-08-26,220.0,229.75,220.0,227.45,226.87262432249665,198154,3042,44955718.0,42868.0,21.63,9.75,7.45,TVS Motors,227.45,1.6309204647006137,229.955,243.782,
2015-08-27,230.0,232.65,223.1,226.7,228.14307869655124,168292,3722,38394655.0,34613.0,20.57,9.55,-3.3,TVS Motors,226.7,-0.32974280061551786,229.49249999999998,243.678,
2015-08-28,228.95,230.6,219.1,220.4,225.14809255914332,193217,3553,43502439.0,54809.0,28.37,11.5,-8.55,TVS Motors,220.4,-2.7790030877812066,228.615,243.289,
2015-08-31,220.55,225.0,216.55,223.45,221.44866240041048,140326,3415,31075005.0,19216.0,13.69,8.45,2.9,TVS Motors,223.45,1.3838475499092562,228.28250000000003,242.86,
2015-09-01,224.6,225.9,202.6,216.75,215.96397895955113,307598,7127,66430088.0,35439.0,11.52,23.3,-7.85,TVS Motors,216.75,-2.9984336540613055,227.45250000000001,242.338,
2015-09-02,220.0,222.5,216.35,220.25,218.74259223502847,269312,5542,58910005.0,34668.0,12.87,6.15,0.25,TVS Motors,220.25,1.6147635524798254,226.73250000000002,241.93599999999998,
2015-09-03,222.2,224.95,218.05,221.05,221.18374411438137,168419,3559,37251545.0,32099.0,19.06,6.9,-1.15,TVS Motors,221.05,0.3632236095346242,225.94250000000002,241.57899999999998,
2015-09-04,219.5,224.9,215.6,223.0,219.13793507558887,204792,4432,44877696.0,30219.0,14.76,9.3,3.5,TVS Motors,223.0,0.8821533589685515,225.13500000000005,241.13699999999997,
2015-09-07,224.0,226.4,216.7,218.05,221.06488407873096,131943,2880,29167964.0,21440.0,16.25,9.7,-5.95,TVS Motors,218.05,-2.2197309417040345,224.32999999999998,240.66600000000003,
2015-09-08,218.6,221.95,215.15,220.45,218.60137510020348,162170,3640,35450585.0,13736.0,8.47,6.8,1.85,TVS Motors,220.45,1.1006649850951566,224.175,240.2,
2015-09-09,222.3,228.9,220.7,225.9,225.44732191298837,186159,3639,41969048.0,34026.0,18.28,8.2,3.6,TVS Motors,225.9,2.4722159219777717,224.29749999999999,239.80700000000002,
2015-09-10,220.0,230.4,220.0,228.2,227.0806498887925,173999,4198,39511806.0,20463.0,11.76,10.4,8.2,TVS Motors,228.2,1.0181496237273047,224.42999999999998,239.226,
2015-09-11,230.1,235.2,228.6,232.6,232.33375069961744,173309,3779,40265530.0,21989.0,12.69,6.6,2.5,TVS Motors,232.6,1.9281332164767795,224.56,238.72799999999998,
2015-09-14,234.3,235.65,231.0,231.95,232.52746196517825,109242,1715,25401765.0,22570.0,20.66,4.65,-2.35,TVS Motors,231.95,-0.2794496990541684,224.66750000000002,238.079,
2015-09-15,231.65,233.15,229.1,231.0,231.087406461575,134704,2600,31128398.0,28679.0,21.29,4.05,-0.65,TVS Motors,231.0,-0.40957102823884206,224.705,237.29600000000002,
2015-09-16,231.4,241.4,231.0,232.55,232.07030636352167,3931408,8243,912363059.0,3526607.0,89.7,10.4,1.15,TVS Motors,232.55,0.6709956709956666,224.88250000000002,236.64700000000002,
2015-09-18,234.0,238.0,231.45,235.65,235.08495490848844,127962,2678,30081941.0,22695.0,17.74,6.55,1.65,TVS Motors,235.65,1.3330466566329857,225.075,236.175,
2015-09-21,235.65,236.6,232.1,233.6,234.28562359011764,74031,1728,17344399.0,9803.0,13.24,4.5,-2.05,TVS Motors,233.6,-0.8699342244854691,225.31750000000002,235.708,
2015-09-22,234.0,236.4,226.55,229.85,232.7791722154157,93865,1931,21849817.0,16295.0,17.36,9.85,-4.15,TVS Motors,229.85,-1.605308219178081,226.1325,234.892,
2015-09-23,229.85,232.65,224.6,230.05,229.7938584069277,116517,2813,26774891.0,16135.0,13.85,8.05,0.2,TVS Motors,230.05,0.08701326952360589,226.445,234.167,
2015-09-24,230.0,237.4,227.8,235.8,230.35351513118857,1162830,3848,267861978.0,1022726.0,87.95,9.6,5.8,TVS Motors,235.8,2.4994566398609086,226.8625,233.51800000000003,
2015-09-28,235.0,237.8,230.6,231.65,234.15039268164267,91168,1797,21347023.0,24676.0,27.07,7.2,-3.35,TVS Motors,231.65,-1.7599660729431754,227.10999999999999,232.82,
2015-09-29,230.0,233.5,226.35,230.3,230.2030802553342,96031,2335,22106632.0,13503.0,14.06,7.15,0.3,TVS Motors,230.3,-0.5827757392618205,227.60499999999996,232.15900000000002,
2015-09-30,231.4,232.5,228.45,230.2,230.21939371969728,110345,2520,25403559.0,15674.0,14.2,4.05,-1.2,TVS Motors,230.2,-0.043421623968742384,227.94249999999997,231.487,
2015-10-01,232.1,233.85,228.1,229.6,230.42730326295583,87528,1733,20168841.0,11573.0,13.22,5.75,-2.5,TVS Motors,229.6,-0.26064291920069316,228.58499999999998,230.92000000000004,
2015-10-05,232.0,232.0,227.4,229.0,229.2702954221448,101008,2193,23158134.0,19081.0,18.89,4.6,-3.0,TVS Motors,229.0,-0.261324041811839,229.02249999999998,230.22,
2015-10-06,232.0,234.8,229.0,230.2,232.06291006744175,131076,2709,30417878.0,17026.0,12.99,5.8,-1.8,TVS Motors,230.2,0.5240174672489051,229.47999999999996,229.55700000000002,
2015-10-07,230.2,244.7,228.0,241.3,233.907506505037,910064,8918,212870801.0,507280.0,55.74,16.7,11.1,TVS Motors,241.3,4.821894005212868,230.39499999999998,229.354,BUY
2015-10-08,243.3,247.95,239.4,240.6,244.29042126379136,259220,5950,63324963.0,48403.0,18.67,8.55,-2.7,TVS Motors,240.6,-0.2900953170327458,231.52250000000004,229.335,
2015-10-09,241.0,243.25,237.2,238.6,239.82391533807512,144953,3832,34763196.0,26277.0,18.13,6.05,-2.4,TVS Motors,238.6,-0.8312551953449709,232.42999999999998,229.456,
2015-10-12,241.0,243.9,237.6,238.65,240.54316843165375,131068,3321,31527512.0,18633.0,14.22,6.3,-2.35,TVS Motors,238.65,0.02095557418273497,233.06750000000002,229.52899999999997,
2015-10-13,240.5,245.4,239.1,242.15,242.4163245804116,148598,3960,36022581.0,26713.0,17.98,6.3,1.65,TVS Motors,242.15,1.466582861931709,233.76500000000001,229.65300000000002,
2015-10-14,244.0,245.35,241.0,242.05,243.149594114214,113086,2778,27496815.0,24199.0,21.4,4.35,-1.95,TVS Motors,242.05,-0.04129671691099901,234.2375,229.735,
2015-10-15,243.4,245.7,242.0,242.6,243.62765072168497,139396,3815,33960720.0,22605.0,16.22,3.7,-0.8,TVS Motors,242.6,0.22722577979754632,234.76999999999998,229.985,
2015-10-16,243.5,249.0,242.3,247.55,246.4602048582956,201017,4048,49542691.0,32659.0,16.25,6.7,4.05,TVS Motors,247.55,2.040395713108012,235.5975,230.269,
2015-10-19,248.0,252.0,245.0,246.95,249.22002071889335,114871,2999,28628153.0,25195.0,21.93,7.0,-1.05,TVS Motors,246.95,-0.24237527772168477,236.31749999999997,230.515,
2015-10-20,248.0,249.65,244.75,245.85,246.83108030142992,112663,2863,27808730.0,12515.0,11.11,4.9,-2.15,TVS Motors,245.85,-0.44543429844098315,236.82750000000001,230.69500000000005,
2015-10-21,246.6,254.0,246.0,252.15,250.21541395201015,220255,4822,55111196.0,36406.0,16.53,8.0,5.55,TVS Motors,252.15,2.56253813300793,237.75499999999997,230.955,
2015-10-23,255.1,257.0,250.0,251.5,252.89907506770916,156552,3846,39591856.0,37157.0,23.73,7.0,-3.6,TVS Motors,251.5,-0.25778306563554176,238.8375,231.30200000000002,
2015-10-26,250.2,252.25,243.2,244.05,245.91994799405649,102296,2743,25156627.0,22959.0,22.44,9.05,-6.15,TVS Motors,244.05,-2.962226640159038,239.5375,231.71200000000002,
2015-10-27,244.05,282.65,241.0,276.15,267.07281402833587,1737797,27329,464118335.0,158029.0,9.09,41.65,32.1,TVS Motors,276.15,13.15304240934234,241.555,232.766,
2015-10-28,275.35,275.35,266.0,271.8,271.4785826333367,790480,14350,214598390.0,91625.0,11.59,9.35,-3.55,TVS Motors,271.8,-1.5752308527973824,243.5625,233.69100000000003,
2015-10-29,271.7,271.7,261.65,263.95,266.52106827325474,247315,6532,65914658.0,55734.0,22.54,10.05,-7.75,TVS Motors,263.95,-2.8881530537159805,245.24500000000003,234.37,
2015-10-30,264.0,269.2,262.4,265.4,266.344741949375,169521,3763,45151027.0,26908.0,15.87,6.8,1.4,TVS Motors,265.4,0.5493464671339154,247.00500000000002,235.08199999999997,
2015-11-02,265.5,275.9,262.4,274.15,270.26881407833787,257985,5566,69725300.0,43877.0,17.01,13.5,8.65,TVS Motors,274.15,3.2969103240391817,249.2325,235.96,
2015-11-03,277.7,292.35,276.3,287.5,287.2834407724884,931535,17920,267614580.0,131600.0,14.13,16.05,9.8,TVS Motors,287.5,4.869596935983966,252.15749999999997,237.13,
2015-11-04,289.0,289.5,283.3,285.6,286.05847032333077,203847,4569,58312161.0,32915.0,16.15,6.2,-3.4,TVS Motors,285.6,-0.6608695652173813,254.9275,238.206,
2015-11-05,287.0,287.0,279.65,281.2,282.63077263834026,243801,2921,68905665.0,26895.0,11.03,7.35,-5.8,TVS Motors,281.2,-1.5406162464986162,256.9225,239.255,
2015-11-06,280.55,287.75,279.3,282.85,283.3053376157833,187743,3657,53188594.0,33153.0,17.66,8.45,2.3,TVS Motors,282.85,0.5867709815078337,259.03499999999997,240.641,
2015-11-09,279.0,297.5,276.0,290.65,290.98317506306336,456287,7834,132771840.0,104823.0,22.97,21.5,11.65,TVS Motors,290.65,2.757645395085717,261.6375,241.97799999999998,
2015-11-10,282.6,299.5,282.6,296.25,294.15600323716205,300263,5221,88324164.0,43124.0,14.36,16.9,13.65,TVS Motors,296.25,1.9267159814209567,264.5175,243.35399999999998,
2015-11-11,299.9,299.9,295.9,297.0,297.31283314488775,74292,1616,22087965.0,26684.0,35.92,4.0,-2.9,TVS Motors,297.0,0.25316455696202667,267.26,244.76,
2015-11-13,292.3,301.8,292.3,296.3,297.4640934036457,251639,3997,74853567.0,34940.0,13.88,9.5,4.0,TVS Motors,296.3,-0.2356902356902335,269.97249999999997,246.27800000000002,
2015-11-16,296.0,298.35,292.6,296.25,295.7903344465983,171268,3061,50659419.0,28333.0,16.54,5.75,0.25,TVS Motors,296.25,-0.01687478906513551,272.65500000000003,247.734,
2015-11-17,298.0,299.65,292.4,294.15,295.77476481216127,128408,2743,37979846.0,21428.0,16.69,7.25,-3.85,TVS Motors,294.15,-0.7088607594936791,274.985,249.282,
2015-11-18,294.15,296.6,284.3,286.3,290.3516962274775,142080,3204,41253169.0,25590.0,18.01,12.3,-7.85,TVS Motors,286.3,-2.6687064422913354,276.9525,250.60299999999998,
2015-11-19,289.0,295.35,287.4,294.4,292.4236245240329,217452,4428,63588102.0,33198.0,15.27,7.95,5.4,TVS Motors,294.4,2.8292001397135724,279.38,252.07,
2015-11-20,296.0,299.0,292.15,293.45,295.3349211570241,252337,4164,74523928.0,35272.0,13.98,6.85,-2.55,TVS Motors,293.45,-0.3226902173912971,281.44500000000005,253.479,
2015-11-23,294.8,297.0,291.6,294.25,294.3203818274409,184586,3789,54327422.0,24719.0,13.39,5.4,-0.55,TVS Motors,294.25,0.2726188447776501,283.58250000000004,255.003,
2015-11-24,291.8,296.25,289.4,290.45,294.1424047331945,479338,2863,140993632.0,370264.0,77.24,6.85,-1.35,TVS Motors,290.45,-1.2914188615123279,285.90250000000003,256.403,
2015-11-26,290.5,301.3,290.5,298.2,296.82244066303207,181590,4141,53899987.0,55739.0,30.69,10.8,7.7,TVS Motors,298.2,2.668273368910312,287.005,257.849,
2015-11-27,300.1,307.0,298.1,305.45,303.65020615722926,363800,7404,110467945.0,64199.0,17.65,8.9,5.35,TVS Motors,305.45,2.431254191817578,288.6875,259.394,
2015-11-30,307.9,309.3,305.5,306.9,307.5926268490685,160013,3147,49218819.0,31635.0,19.77,3.8,-1.0,TVS Motors,306.9,0.4747094450810341,290.835,260.88,
2015-12-01,308.1,309.1,302.1,304.0,304.2124371868964,129949,2830,39532102.0,22780.0,17.53,7.0,-4.1,TVS Motors,304.0,-0.9449332029977109,292.765,262.32099999999997,
2015-12-02,299.8,299.8,285.75,289.2,290.6402752323225,433234,10149,125915249.0,85138.0,19.65,14.05,-10.6,TVS Motors,289.2,-4.868421052631577,293.51750000000004,263.48499999999996,
2015-12-03,287.0,287.4,280.05,283.3,282.9678197639943,269824,6821,76351509.0,56151.0,20.81,7.35,-3.7,TVS Motors,283.3,-2.040110650069149,293.3075,264.5,
2015-12-04,280.0,286.35,279.0,283.75,283.8925336830161,147181,2624,41783587.0,19281.0,13.1,7.35,3.75,TVS Motors,283.75,0.15884221673136967,293.21500000000003,265.462,
2015-12-07,287.1,287.9,280.2,281.8,282.76907897865055,126186,4424,35681499.0,27672.0,21.93,7.7,-5.3,TVS Motors,281.8,-0.6872246696035256,293.245,266.426,
2015-12-08,280.2,283.4,272.9,275.15,278.47962953007766,130213,2710,36261668.0,29051.0,22.31,10.5,-5.05,TVS Motors,275.15,-2.359829666430102,292.86,267.332,
2015-12-09,273.8,276.0,267.5,270.4,271.67661702470383,136578,3079,37105049.0,11228.0,30.22,8.5,-3.4,TVS Motors,270.4,-1.726331092131561,291.84749999999997,268.139,
2015-12-10,274.05,279.5,268.2,278.55,274.56637739857496,160981,3817,44199970.0,34783.0,21.61,11.3,4.5,TVS Motors,278.55,3.0140532544378873,290.9625,268.99399999999997,
2015-12-11,278.6,281.15,272.1,274.05,276.5218425973143,141192,3213,39042672.0,17185.0,12.17,9.05,-4.55,TVS Motors,274.05,-1.6155088852988664,289.815,269.842,
2015-12-14,272.0,278.75,271.0,275.05,276.0655572649435,124151,3028,34273815.0,21771.0,17.54,7.75,3.05,TVS Motors,275.05,0.36489691662104917,288.7525,270.737,
2015-12-15,277.6,286.0,273.95,285.05,281.02774458980497,400078,4801,112433018.0,178548.0,44.63,12.05,7.45,TVS Motors,285.05,3.6357025995273684,288.1925,271.834,
2015-12-16,287.0,287.0,280.7,281.75,283.4072623364221,134034,3009,37986209.0,19369.0,14.45,6.3,-5.25,TVS Motors,281.75,-1.1576916330468423,287.57250000000005,272.87699999999995,
2015-12-17,283.6,288.8,281.0,287.3,286.0058667832985,132611,3564,37927524.0,20419.0,15.4,7.8,3.7,TVS Motors,287.3,1.9698314108252069,287.6225,274.043,
2015-12-18,285.45,287.65,284.35,286.1,286.0392120720588,81378,1681,23277299.0,21973.0,27.0,3.3,0.65,TVS Motors,286.1,-0.41768186564565823,287.2075,275.161,
2015-12-21,287.0,291.4,287.0,289.05,289.49956795741787,86797,2055,25127694.0,24881.0,28.67,4.4,2.05,TVS Motors,289.05,1.0311080041943255,286.9875,276.116,
2015-12-22,289.05,291.9,287.25,288.05,289.59205864987206,101620,1590,29428345.0,18441.0,18.15,4.65,-1.0,TVS Motors,288.05,-0.34596090641757504,286.6775,277.065,
2015-12-23,289.75,293.5,288.85,290.1,290.9601458594968,66091,1306,19229847.0,13477.0,20.39,4.65,0.35,TVS Motors,290.1,0.7116819996528356,286.65999999999997,278.095,
2015-12-24,291.5,291.7,284.2,285.0,286.73325754029287,74765,1589,21437612.0,25796.0,34.5,7.5,-6.5,TVS Motors,285.0,-1.7580144777662898,286.0,279.022,
2015-12-28,284.2,288.0,283.0,285.5,284.9393072859732,414399,2399,118078564.0,335600.0,80.98,5.0,1.3,TVS Motors,285.5,0.17543859649122862,285.0025,279.88899999999995,
2015-12-29,286.9,295.95,285.95,293.3,291.3372039745878,146229,3637,42601948.0,26806.0,18.33,10.0,6.4,TVS Motors,293.3,2.732049036777595,284.3225,280.914,
2015-12-30,293.9,294.45,289.6,290.2,292.0091256558712,88432,1947,25822951.0,22647.0,25.61,4.85,-3.7,TVS Motors,290.2,-1.0569382884418776,283.6325,281.866,
2015-12-31,290.9,292.85,288.35,289.65,290.86713678452566,60694,1393,17653890.0,15676.0,25.83,4.5,-1.25,TVS Motors,289.65,-0.18952446588560434,283.65500000000003,282.70799999999997,
2016-01-01,289.1,292.15,285.6,287.1,288.5420764473284,98630,1779,28458905.0,26837.0,27.21,6.55,-2.0,TVS Motors,287.1,-0.8803728638011266,283.84499999999997,283.51099999999997,
2016-01-04,288.25,290.85,283.9,286.45,287.53213561720247,147002,2539,42267799.0,30073.0,20.46,6.95,-1.8,TVS Motors,286.45,-0.22640195053988954,283.97999999999996,284.323,SELL
2016-01-05,286.5,289.15,282.45,286.95,285.5955506635525,111747,1773,31914446.0,26884.0,24.06,6.7,0.45,TVS Motors,286.95,0.1745505323791141,284.2375,285.019,
2016-01-06,289.5,294.0,284.9,286.55,290.05656405609966,658899,2620,191117980.0,534029.0,81.05,9.1,-2.95,TVS Motors,286.55,-0.13939710751000867,284.8075,285.72,
2016-01-07,284.8,284.8,275.2,277.6,278.11662945116933,85090,2521,23664944.0,24431.0,28.71,9.6,-7.2,TVS Motors,277.6,-3.123364159832487,285.1675,286.39099999999996,
2016-01-08,277.95,287.15,277.95,284.6,282.560223266745,98716,2395,27893215.0,16474.0,16.69,9.2,6.65,TVS Motors,284.6,2.5216138328530313,285.47,286.56,
2016-01-11,283.0,289.15,278.9,285.85,285.6869737708326,115444,2235,32980847.0,43735.0,37.88,10.25,2.85,TVS Motors,285.85,0.4392129304286785,286.06,286.841,
2016-01-12,286.0,292.5,285.0,289.7,289.0197284233636,164889,3272,47656174.0,30112.0,18.26,7.5,3.7,TVS Motors,289.7,1.3468602413853281,286.79249999999996,287.356,
2016-01-13,293.45,294.3,273.35,288.1,286.2143793969205,507031,3576,145119563.0,325948.0,64.29,20.95,-5.35,TVS Motors,288.1,-0.5522954780807665,286.945,287.81000000000006,
2016-01-14,281.6,284.4,276.4,281.4,280.81886513293085,109493,1963,30747700.0,24727.0,22.58,8.0,-0.2,TVS Motors,281.4,-2.3255813953488524,286.92749999999995,287.955,
2016-01-15,283.85,285.55,273.55,277.65,280.95813579264285,115588,2162,32475389.0,21750.0,18.82,12.0,-6.2,TVS Motors,277.65,-1.3326226012793208,286.44500000000005,287.758,
2016-01-18,273.5,280.0,263.1,274.0,271.7622048834684,198015,2928,53812993.0,42680.0,21.55,16.9,0.5,TVS Motors,274.0,-1.3146047181703535,285.84000000000003,287.526,
2016-01-19,276.0,283.9,268.05,282.55,275.5843617955905,143418,2961,39523758.0,26637.0,18.57,15.85,6.55,TVS Motors,282.55,3.1204379562043805,285.515,287.553,
2016-01-20,280.0,280.0,265.95,274.1,271.4533515784791,206813,4343,56140082.0,37305.0,18.04,14.05,-5.9,TVS Motors,274.1,-2.990621129003712,284.8175,287.378,
2016-01-21,279.1,280.55,268.1,274.2,273.0642126357979,142215,3310,38833827.0,10889.0,7.66,12.45,-4.9,TVS Motors,274.2,0.03648303538852371,284.0225,287.04900000000004,
2016-01-22,275.0,286.65,274.6,285.05,281.93295088727893,162463,3455,45803673.0,36169.0,22.26,12.05,10.05,TVS Motors,285.05,3.9569657184536977,284.025,286.825,
2016-01-25,288.0,292.65,287.0,288.0,289.46497366440934,106320,2380,30775916.0,19197.0,18.06,5.65,0.0,TVS Motors,288.0,1.0349061568145856,284.15,286.645,
2016-01-27,289.6,292.95,287.4,289.85,290.6820705713774,89328,2448,25966048.0,18525.0,20.74,5.55,0.25,TVS Motors,289.85,0.6423611111111116,283.9775,286.516,
2016-01-28,291.0,296.3,290.0,291.65,293.57020852608355,140510,3105,41249550.0,32133.0,22.87,6.3,0.65,TVS Motors,291.65,0.6210108676901749,284.05,286.424,
2016-01-29,293.4,295.0,279.6,291.5,287.13445600104995,609560,10503,175025679.0,41040.0,6.73,15.4,-1.9,TVS Motors,291.5,-0.0514315103720131,284.1425,286.371,
2016-02-01,292.1,302.6,291.15,295.35,297.249511450092,210828,4290,62668520.0,49196.0,23.33,11.45,3.25,TVS Motors,295.35,1.3207547169811429,284.555,286.552,
2016-02-02,299.0,300.5,290.0,293.1,297.02324133986747,178346,3918,52972907.0,29673.0,16.64,10.5,-5.9,TVS Motors,293.1,-0.7618080243778524,284.8875,286.526,
2016-02-03,292.9,294.15,284.75,287.45,288.33332726941967,109940,2164,31699366.0,14098.0,12.82,9.4,-5.45,TVS Motors,287.45,-1.9276697372910379,284.9125,286.406,
2016-02-04,290.0,290.0,276.25,281.35,281.8879297147992,150245,3568,42352252.0,21657.0,14.41,13.75,-8.65,TVS Motors,281.35,-2.122108192729155,284.65250000000003,286.14799999999997,
2016-02-05,280.8,292.0,278.5,288.4,285.5877915843176,146227,2487,41760646.0,33943.0,23.21,13.5,7.6,TVS Motors,288.4,2.5057757241869316,285.1925,286.107,
2016-02-08,288.0,294.85,284.2,287.05,291.1826988143905,107877,2048,31411916.0,12251.0,11.36,10.65,-0.95,TVS Motors,287.05,-0.46809986130372794,285.31499999999994,285.884,
2016-02-09,280.0,288.25,278.2,285.75,283.5776850166884,115949,1779,32880549.0,22148.0,19.1,10.05,5.75,TVS Motors,285.75,-0.4528827730360563,285.31000000000006,285.49,
2016-02-10,285.0,289.0,280.2,286.4,283.961955769456,93917,1596,26668855.0,13837.0,14.73,8.8,1.4,TVS Motors,286.4,0.22747156605422703,285.14500000000004,285.08,BUY
2016-02-11,285.5,288.15,274.35,277.95,281.5422871411382,154586,3081,43522496.0,32371.0,20.94,13.8,-7.55,TVS Motors,277.95,-2.9504189944134063,284.6375,284.559,
2016-02-12,277.5,283.6,269.7,276.15,275.2410908282151,175353,3466,48264351.0,39375.0,22.45,13.9,-1.35,TVS Motors,276.15,-0.6475984889368624,284.375,284.298,
2016-02-15,278.55,289.0,278.55,285.05,284.96740514387574,129591,3672,36929211.0,31813.0,24.55,10.45,6.5,TVS Motors,285.05,3.2228861126199604,284.745,284.33299999999997,
2016-02-16,284.1,288.0,275.2,276.7,281.1003368789102,101817,2014,28620793.0,18817.0,18.48,12.8,-7.4,TVS Motors,276.7,-2.929310647254879,284.88,284.192,
2016-02-17,279.65,284.0,271.8,281.9,278.26906279639144,90674,1985,25231769.0,17049.0,18.8,12.2,2.25,TVS Motors,281.9,1.879291651608228,284.84749999999997,284.194,
2016-02-18,284.0,289.0,281.65,284.9,285.18640085439654,84270,1953,24032658.0,15770.0,18.71,7.35,0.9,TVS Motors,284.9,1.0642071656615792,285.3875,284.389,
2016-02-19,284.6,289.5,282.6,287.45,286.7366736066077,146495,3186,42005489.0,36097.0,24.64,6.9,2.85,TVS Motors,287.45,0.8950508950509084,286.05,284.73,
2016-02-22,289.1,291.7,285.0,286.7,288.08654378990485,83010,1483,23914064.0,20253.0,24.4,6.7,-2.4,TVS Motors,286.7,-0.26091494172899576,286.13250000000005,284.893,
2016-02-23,288.0,288.3,277.6,280.3,282.37399339086915,62338,1332,17602630.0,14124.0,22.66,10.7,-7.7,TVS Motors,280.3,-2.2322985699337217,285.7475,285.01800000000003,
2016-02-24,278.5,278.65,268.5,270.35,272.63802205498547,151349,2573,41263492.0,57797.0,38.19,10.15,-8.15,TVS Motors,270.35,-3.5497681056011365,284.7725,284.92400000000004,SELL
2016-02-25,271.9,272.0,262.5,267.6,265.87583171871006,133158,2664,35403494.0,22643.0,17.0,9.5,-4.3,TVS Motors,267.6,-1.0171999260218278,283.57000000000005,284.575,
2016-02-26,270.25,270.35,260.8,264.55,264.9315218305712,71322,1487,18895446.0,22637.0,31.74,9.55,-5.7,TVS Motors,264.55,-1.1397608370702583,282.22249999999997,284.231,
2016-02-29,263.5,270.0,256.3,267.7,263.06583495257286,165201,3311,43458739.0,15086.0,9.13,13.7,4.2,TVS Motors,267.7,1.190701190701171,280.84000000000003,283.839,
2016-03-01,269.5,285.4,266.5,283.7,277.1729855986382,206786,4451,57315493.0,42062.0,20.34,18.9,14.2,TVS Motors,283.7,5.976839745984308,280.37,283.791,
2016-03-02,288.0,293.9,285.0,287.6,290.17761131108733,185022,4444,53689242.0,25443.0,13.75,8.9,-0.4,TVS Motors,287.6,1.3746915756080558,280.37749999999994,283.762,
2016-03-03,289.5,290.35,285.6,286.95,287.5968701637012,104031,2123,29918990.0,25260.0,24.28,4.75,-2.55,TVS Motors,286.95,-0.22600834492351174,280.6575,283.74,
2016-03-04,289.0,294.9,284.1,288.2,289.98364138517104,155331,3110,45043449.0,50874.0,32.75,10.8,-0.8,TVS Motors,288.2,0.43561596096881594,280.6475,283.702,
2016-03-08,288.2,288.2,280.5,282.85,283.6113128250143,75189,1586,21324451.0,22809.0,30.34,7.7,-5.35,TVS Motors,282.85,-1.8563497571131071,280.43749999999994,283.659,
2016-03-09,281.0,285.9,280.0,284.6,283.6809342740093,129127,2433,36630868.0,42526.0,32.93,5.9,3.6,TVS Motors,284.6,0.6187024924871887,280.38,283.641,
2016-03-10,287.3,287.6,282.0,283.5,284.62861746780504,76953,1475,21903026.0,14750.0,19.17,5.6,-3.8,TVS Motors,283.5,-0.3865073787772344,280.235,283.445,
2016-03-11,284.0,289.3,282.25,288.0,286.9212959787852,174972,3285,50203193.0,70634.0,40.37,7.05,4.0,TVS Motors,288.0,1.5873015873015817,280.7375,283.401,
2016-03-14,290.0,292.6,286.8,288.65,289.592607270624,93362,2396,27036945.0,13799.0,14.78,5.8,-1.35,TVS Motors,288.65,0.22569444444444642,281.3625,283.38100000000003,
2016-03-15,289.95,290.5,284.5,285.95,286.026488478958,120996,1962,34608061.0,69424.0,57.38,6.0,-4.0,TVS Motors,285.95,-0.9353888792655418,281.4075,283.358,
2016-03-16,282.55,287.55,282.55,283.9,284.56283422459893,46376,1269,13196886.0,14354.0,30.95,5.0,1.35,TVS Motors,283.9,-0.7169085504458828,281.76750000000004,283.30699999999996,
2016-03-17,283.0,285.85,282.3,283.0,283.7385865513642,67070,1811,19030347.0,24349.0,36.3,3.55,0.0,TVS Motors,283.0,-0.31701303275800674,281.8225,283.228,
2016-03-18,284.35,287.95,282.35,286.8,285.35130594165264,65470,1501,18681950.0,22103.0,33.76,5.6,2.45,TVS Motors,286.8,1.342756183745597,281.9175,283.233,
2016-03-21,287.5,306.8,287.1,305.1,299.9014620390349,409223,7522,122726576.0,70467.0,17.22,19.7,17.6,TVS Motors,305.1,6.380753138075312,282.8,283.783,
2016-03-22,306.8,318.4,306.0,317.15,312.9882077937212,583521,11521,182635192.0,81761.0,14.01,12.4,10.35,TVS Motors,317.15,3.9495247459849114,284.3225,284.434,
2016-03-23,317.0,317.05,307.5,309.3,310.9637416750176,208559,4622,64854287.0,41746.0,20.02,9.55,-7.7,TVS Motors,309.3,-2.475169478164896,285.77250000000004,284.903,BUY
2016-03-28,310.6,320.4,310.0,314.3,315.976424451982,303959,6540,96043878.0,69893.0,22.99,10.4,3.7,TVS Motors,314.3,1.6165535079211146,287.96999999999997,285.395,
2016-03-29,318.5,319.35,313.2,315.25,315.95669156829246,196105,3861,61960687.0,30174.0,15.39,6.15,-3.25,TVS Motors,315.25,0.3022589882277993,290.35249999999996,285.938,
2016-03-30,316.9,326.1,316.9,321.5,322.6993415081995,189524,5171,61159270.0,40583.0,21.41,9.2,4.6,TVS Motors,321.5,1.9825535289452745,293.2,286.74,
2016-03-31,323.0,325.8,318.15,322.65,322.1568104775029,99413,2873,32026575.0,14550.0,14.64,7.65,-0.35,TVS Motors,322.65,0.35769828926903724,295.9475,287.64,
2016-04-01,324.0,329.5,320.75,324.85,325.32988405865177,638685,6400,207783317.0,436336.0,68.32,8.75,0.85,TVS Motors,324.85,0.681853401518695,298.005,288.657,
2016-04-04,328.5,328.5,322.75,324.3,324.7244631554609,207602,2902,67413448.0,120482.0,58.04,5.75,-4.2,TVS Motors,324.3,-0.1693089118054547,299.84000000000003,289.492,
2016-04-05,324.3,325.0,312.55,314.55,318.272522716198,139548,3917,44414294.0,28362.0,20.32,12.45,-9.75,TVS Motors,314.55,-3.0064754856614195,301.21999999999997,290.30100000000004,
2016-04-06,316.0,318.5,314.1,316.6,316.4078983669877,76117,2859,24084020.0,15362.0,20.18,4.4,0.6,TVS Motors,316.6,0.6517246860594517,302.64,291.149,
2016-04-07,316.85,318.1,310.15,314.4,314.5254338491247,78714,3078,24757555.0,11204.0,14.23,7.95,-2.45,TVS Motors,314.4,-0.6948831332912353,304.21750000000003,291.73600000000005,
2016-04-08,314.35,316.75,312.1,313.15,314.45700033220663,189641,2398,59633940.0,25980.0,13.7,4.65,-1.2,TVS Motors,313.15,-0.39758269720101547,305.645,292.23900000000003,
2016-04-11,312.1,317.4,310.45,315.25,315.2440754687014,151109,4215,47636217.0,37913.0,25.09,6.95,3.15,TVS Motors,315.25,0.6706051413060798,307.23249999999996,292.747,
2016-04-12,319.0,322.25,316.95,318.65,320.071272035134,114533,2789,36658723.0,24592.0,21.47,5.3,-0.35,TVS Motors,318.65,1.0785091197462293,308.765,293.28700000000003,
2016-04-13,322.4,329.55,320.7,326.8,325.3707627962557,200840,4580,65347464.0,41016.0,20.42,8.85,4.4,TVS Motors,326.8,2.5576651498509406,310.6725,293.993,
2016-04-18,327.9,334.8,324.15,333.6,331.6152349191976,229696,5528,76170693.0,38465.0,16.75,10.65,5.7,TVS Motors,333.6,2.0807833537331843,313.05499999999995,294.758,
2016-04-20,335.0,340.9,333.0,335.9,337.81750502032617,163336,4343,55177760.0,36276.0,22.21,7.9,0.9,TVS Motors,335.9,0.689448441246987,315.65500000000003,295.614,
2016-04-21,332.25,335.45,322.0,324.6,327.6067234677855,194245,4803,63635968.0,40620.0,20.91,13.45,-7.65,TVS Motors,324.6,-3.3640964572789422,317.735,296.357,
2016-04-22,322.6,333.6,320.15,331.5,328.6879504413313,395168,4501,129886960.0,238963.0,60.47,13.45,8.9,TVS Motors,331.5,2.1256931608133023,319.96999999999997,297.36,
2016-04-25,330.0,331.0,321.15,323.1,324.02176592921603,106267,2444,34432821.0,24365.0,22.93,9.85,-6.9,TVS Motors,323.1,-2.5339366515837014,320.87,298.05400000000003,
2016-04-26,323.0,331.0,317.65,329.75,326.1490619809876,154741,4296,50468632.0,28624.0,18.5,13.35,6.75,TVS Motors,329.75,2.0581863200247463,321.5,298.908,
2016-04-27,330.0,330.0,324.6,327.95,327.0995480356936,77661,1738,25402878.0,9595.0,12.35,5.4,-2.05,TVS Motors,327.95,-0.5458680818802186,322.4325,299.752,
2016-04-28,328.15,328.25,317.5,318.7,322.09798458588125,110548,3606,35607288.0,31963.0,28.91,10.75,-9.45,TVS Motors,318.7,-2.8205519134014367,322.65250000000003,300.39799999999997,
2016-04-29,319.9,322.8,314.8,320.0,318.39768639930344,96473,2716,30716780.0,14044.0,14.56,8.0,0.1,TVS Motors,320.0,0.40790712268592433,322.89,301.239,
2016-05-02,318.0,323.3,314.4,318.7,319.07706349491536,139145,3752,44397978.0,15357.0,11.04,8.9,0.7,TVS Motors,318.7,-0.406250000000008,322.75,302.09,
2016-05-03,321.9,325.35,279.3,287.9,297.79519789164226,1780343,22807,530177596.0,453767.0,25.49,46.05,-34.0,TVS Motors,287.9,-9.664261060558522,321.0125,302.147,
2016-05-04,279.3,295.45,277.95,289.85,289.5165960636047,1016717,19008,294356445.0,119509.0,11.75,17.5,10.55,TVS Motors,289.85,0.6773185133727155,319.2625,302.41,
2016-05-05,292.0,297.7,286.95,295.25,293.84007452512475,382153,9495,112291866.0,52279.0,13.68,10.75,3.25,TVS Motors,295.25,1.8630326030705469,317.81,302.677,
2016-05-06,296.25,301.6,294.25,300.0,298.6251826205651,281321,7965,84009535.0,47869.0,17.02,7.35,3.75,TVS Motors,300.0,1.608806096528359,317.0825,302.97900000000004,
2016-05-09,302.5,304.2,299.6,301.0,301.40134655436646,152686,3901,46019766.0,37232.0,24.38,4.6,-1.5,TVS Motors,301.0,0.33333333333334103,316.30249999999995,303.25,
2016-05-10,302.0,302.35,295.1,298.2,298.24486772092325,107311,2958,32004955.0,25239.0,23.52,7.25,-3.8,TVS Motors,298.2,-0.9302325581395432,315.4925,303.48,
2016-05-11,297.2,302.0,293.1,297.35,298.02377217024224,158715,4054,47300843.0,25911.0,16.33,8.9,0.15,TVS Motors,297.35,-0.2850435949027341,314.7025,303.82099999999997,
2016-05-12,298.7,299.0,294.4,295.75,296.1577542059096,95877,3046,28394717.0,20539.0,21.42,4.6,-2.95,TVS Motors,295.75,-0.5380864301328447,313.7275,304.329,
2016-05-13,295.5,299.0,293.3,296.65,295.582110050978,123779,2581,36586858.0,25906.0,20.93,5.7,1.15,TVS Motors,296.65,0.30431107354182974,312.6275,304.91,
2016-05-16,298.9,298.9,290.7,295.85,294.0963162416445,95446,2628,28070317.0,11857.0,12.42,8.2,-3.05,TVS Motors,295.85,-0.26967807180177106,311.08,305.536,
2016-05-17,296.8,298.2,293.45,294.15,295.521155586195,92836,2442,27435002.0,18766.0,20.21,4.75,-2.65,TVS Motors,294.15,-0.5746155146189147,309.1075,306.065,
2016-05-18,293.9,298.4,292.4,296.6,295.69437295044486,76541,2219,22632743.0,11647.0,15.22,6.0,2.7,TVS Motors,296.6,0.8329083800782122,307.1425,306.323,
2016-05-19,295.9,301.35,293.4,295.9,298.0789631731497,114889,2772,34245994.0,19267.0,16.77,7.95,0.0,TVS Motors,295.9,-0.23600809170601922,305.70750000000004,306.489,SELL
2016-05-20,296.0,301.4,295.5,296.95,298.1606094060499,90580,2152,27007388.0,18061.0,19.94,5.9,0.95,TVS Motors,296.95,0.3548496113551902,303.98,306.689,
2016-05-23,298.15,298.95,292.1,295.15,294.2328010133121,80528,1913,23693979.0,13985.0,17.37,6.85,-3.0,TVS Motors,295.15,-0.6061626536454034,302.5825,306.828,
2016-05-24,295.2,297.0,291.8,294.35,293.7233500049034,71379,1696,20965679.0,9352.0,13.1,5.2,-0.85,TVS Motors,294.35,-0.2710486193460815,300.8125,307.058,
2016-05-25,295.6,297.85,293.45,296.05,296.08486836904103,75894,2404,22471065.0,13402.0,17.66,4.4,0.45,TVS Motors,296.05,0.5775437404450523,299.21750000000003,307.287,
2016-05-26,296.2,303.4,295.65,298.55,299.68378912107374,176727,3814,52962217.0,26333.0,14.9,7.75,2.35,TVS Motors,298.55,0.8444519506840109,298.21,307.58799999999997,
2016-05-27,299.0,299.85,289.65,291.95,293.3038714590523,145759,4233,42751679.0,34413.0,23.61,10.2,-7.05,TVS Motors,291.95,-2.210684977390731,296.8075,307.667,
2016-05-30,292.1,294.0,284.6,288.95,287.7832558835893,173661,4185,49976728.0,30266.0,17.43,9.4,-3.15,TVS Motors,288.95,-1.0275732145915373,295.32000000000005,307.673,
2016-05-31,289.1,289.1,284.2,285.75,285.8858545915463,131753,3970,37666319.0,26790.0,20.33,4.9,-3.35,TVS Motors,285.75,-1.107458037722786,295.2125,307.66900000000004,
2016-06-01,289.0,291.95,286.4,288.6,289.5213482672954,142494,3854,41255055.0,29559.0,20.74,5.55,-0.4,TVS Motors,288.6,0.9973753280839937,295.15,307.763,
2016-06-02,295.15,297.9,292.7,296.6,295.0679498470635,273643,5414,80743279.0,49513.0,18.09,5.2,1.45,TVS Motors,296.6,2.7720027720027796,295.21750000000003,308.035,
2016-06-03,299.0,307.7,295.45,297.1,302.6881022914129,309547,5632,93696194.0,92591.0,29.91,12.25,-1.9,TVS Motors,297.1,0.1685772083614312,295.07250000000005,308.241,
2016-06-06,302.0,302.0,293.5,295.45,295.9310518913851,83193,2781,24619392.0,14055.0,16.89,8.5,-6.55,TVS Motors,295.45,-0.5553685627734839,294.795,308.048,
2016-06-07,298.0,298.0,292.45,294.55,294.6667525658684,112535,3558,33160323.0,23839.0,21.18,5.55,-3.45,TVS Motors,294.55,-0.30462007107801004,294.6125,307.596,
2016-06-08,294.0,294.7,288.4,290.05,291.26436770361386,102191,3083,29764597.0,31924.0,31.24,6.3,-3.95,TVS Motors,290.05,-1.5277542013240497,294.24750000000006,307.211,
2016-06-09,289.9,292.5,288.05,290.4,290.4544086766393,92386,3083,26833921.0,18061.0,19.55,4.45,0.5,TVS Motors,290.4,0.12066885019823559,293.98,306.733,
2016-06-10,290.5,292.2,286.0,287.0,288.81666597320464,96136,2905,27765679.0,22603.0,23.51,6.2,-3.5,TVS Motors,287.0,-1.1707988980716122,293.4975,306.168,
2016-06-13,287.5,289.3,283.95,287.95,287.39855137440094,100371,2536,28846480.0,21416.0,21.34,5.35,0.45,TVS Motors,287.95,0.3310104529616664,293.1025,305.497,
2016-06-14,288.25,291.85,286.1,290.75,290.2737545920248,78669,1779,22835546.0,16030.0,20.38,5.75,2.5,TVS Motors,290.75,0.9723910401111313,292.9325,304.85900000000004,
2016-06-15,290.3,293.0,289.9,291.75,291.9222210180268,55362,871,16161398.0,14575.0,26.33,3.1,1.45,TVS Motors,291.75,0.34393809114359186,292.69,304.197,
2016-06-16,291.5,293.9,289.95,291.5,292.1948575925723,100381,2316,29330812.0,21836.0,21.75,3.95,0.0,TVS Motors,291.5,-0.08568980291345785,292.46999999999997,303.541,
2016-06-17,292.9,293.9,289.0,292.4,291.7204211661853,88991,2443,25960492.0,13903.0,15.62,4.9,-0.5,TVS Motors,292.4,0.3087478559176571,292.24249999999995,303.098,
2016-06-20,291.55,294.9,289.0,292.9,292.1077520808814,70523,2095,20600315.0,17698.0,25.1,5.9,1.35,TVS Motors,292.9,0.17099863201095467,292.13,302.624,
2016-06-21,293.0,297.5,292.45,296.15,295.9963252557009,48983,1379,14498788.0,19327.0,39.46,5.05,3.15,TVS Motors,296.15,1.1095937179924853,292.21999999999997,302.25899999999996,
2016-06-22,296.5,300.4,292.9,294.9,297.55423849899415,106382,2979,31654415.0,30804.0,28.96,7.5,-1.6,TVS Motors,294.9,-0.4220834036805621,292.1625,301.894,
2016-06-23,290.0,296.35,290.0,295.55,294.75383892196805,51056,1167,15048952.0,13926.0,27.28,6.35,5.55,TVS Motors,295.55,0.22041369955918544,292.0125,301.5,
2016-06-24,289.3,299.05,280.3,297.2,291.6553504931047,122185,3182,35635909.0,30752.0,25.17,18.75,7.9,TVS Motors,297.2,0.5582811706986934,292.275,301.07099999999997,
2016-06-27,294.65,301.95,294.6,296.95,298.9124080450775,102224,2497,30556022.0,18384.0,17.98,7.35,2.3,TVS Motors,296.95,-0.08411843876177105,292.675,300.474,
2016-06-28,300.05,300.9,296.3,297.1,298.3068997140853,92685,1889,27648575.0,13472.0,14.54,4.6,-2.95,TVS Motors,297.1,0.05051355447045491,293.24249999999995,299.744,
2016-06-29,298.05,303.1,297.9,299.7,300.4287831796508,167987,3512,50468130.0,23577.0,14.04,5.2,1.65,TVS Motors,299.7,0.8751262201278864,293.7975,299.02,
2016-06-30,305.0,311.7,304.35,309.7,308.689310904278,292775,5917,90376513.0,69167.0,23.62,7.35,4.7,TVS Motors,309.7,3.3366700033366614,294.4525,298.722,
2016-07-01,309.9,315.75,308.1,310.55,312.7289531865357,213037,3921,66622838.0,63885.0,29.99,7.65,0.65,TVS Motors,310.55,0.27445915402002363,295.125,298.303,
2016-07-04,315.0,317.55,312.0,312.9,314.07971960042335,137946,2739,43326041.0,32627.0,23.65,5.55,-2.1,TVS Motors,312.9,0.7567219449363893,295.9975,298.099,
2016-07-05,312.2,313.85,305.5,306.5,307.6840486854725,101139,1915,31118857.0,33658.0,33.28,8.35,-5.7,TVS Motors,306.5,-2.045381911153721,296.59499999999997,297.63399999999996,
2016-07-07,307.5,310.0,298.65,299.8,301.1179787164801,122912,2989,37011013.0,32325.0,26.3,11.35,-7.7,TVS Motors,299.8,-2.1859706362153286,297.08250000000004,297.07099999999997,BUY
2016-07-08,299.05,301.0,294.0,297.5,296.7991804418568,107863,2445,32013650.0,24301.0,22.53,7.0,-1.55,TVS Motors,297.5,-0.7671781187458371,297.4375,296.647,
2016-07-11,300.0,301.95,297.5,298.95,299.22748936774235,183169,4097,54809200.0,19335.0,10.56,4.45,-1.05,TVS Motors,298.95,0.4873949579832004,298.03499999999997,296.226,
2016-07-12,302.0,306.0,299.6,304.7,303.1936880357072,126585,2458,38379773.0,31713.0,25.05,6.4,2.7,TVS Motors,304.7,1.9233985616323723,298.8725,295.94599999999997,
2016-07-13,310.1,311.0,306.25,307.65,308.5763560242575,183201,3283,56531497.0,29362.0,16.03,4.75,-2.45,TVS Motors,307.65,0.9681654085986091,299.71750000000003,296.341,
2016-07-14,305.8,306.05,302.35,304.4,304.2973533280716,95025,2776,28915856.0,14832.0,15.61,3.7,-1.4,TVS Motors,304.4,-1.0563952543474753,300.35,296.63199999999995,
2016-07-15,304.4,310.55,303.0,306.6,308.0803407302392,166466,3636,51284902.0,30414.0,18.27,7.55,2.2,TVS Motors,306.6,0.7227332457293123,301.105,296.859,
2016-07-18,307.0,311.4,301.2,302.85,305.88740138215024,216619,4176,66261023.0,35190.0,16.25,10.2,-4.15,TVS Motors,302.85,-1.2230919765166326,301.6275,296.916,
2016-07-19,303.0,303.0,296.75,300.5,299.93568244822524,73588,1408,22071667.0,13036.0,17.71,6.25,-2.5,TVS Motors,300.5,-0.7759616972098482,302.0075,296.906,
2016-07-20,302.35,303.9,300.45,302.9,302.05737059122305,250041,3674,75526727.0,139647.0,55.85,3.45,0.55,TVS Motors,302.9,0.7986688851913337,302.34499999999997,297.0,
2016-07-21,301.6,304.65,299.05,300.25,301.3256895584236,92668,2205,27923249.0,28647.0,30.91,5.6,-1.35,TVS Motors,300.25,-0.8748761967646068,302.6125,297.058,
2016-07-22,300.0,303.15,297.5,301.5,300.5563922217625,48340,1247,14528896.0,9777.0,20.23,5.65,1.5,TVS Motors,301.5,0.41631973355538143,302.91,297.173,
2016-07-25,301.5,301.6,299.4,300.65,300.62940633559606,67176,1043,20195081.0,22723.0,33.83,2.2,-0.85,TVS Motors,300.65,-0.2819237147595466,303.0825,297.253,
2016-07-26,305.0,314.75,289.4,291.4,300.918382419028,1435279,21400,431901835.0,246077.0,17.14,25.35,-13.6,TVS Motors,291.4,-3.076667221021123,302.80499999999995,297.164,
2016-07-27,294.8,295.5,285.85,287.8,289.6487162895392,397169,7635,115039491.0,149871.0,37.73,9.65,-7.0,TVS Motors,287.8,-1.2354152367879068,302.34000000000003,297.03700000000003,
2016-07-28,289.0,291.1,287.0,290.2,289.17195760413085,195019,3634,56394026.0,52429.0,26.88,4.1,1.2,TVS Motors,290.2,0.8339124391938846,301.86499999999995,296.909,
2016-07-29,291.8,294.8,289.05,291.4,292.79221351971466,179131,2950,52448162.0,56538.0,31.56,5.75,-0.4,TVS Motors,291.4,0.4135079255685792,300.95,296.819,
2016-08-01,296.0,297.6,292.6,295.05,294.95278508162494,140337,2211,41392789.0,37740.0,26.89,5.0,-0.95,TVS Motors,295.05,1.252573781743327,300.17499999999995,296.781,
2016-08-02,299.8,302.25,295.05,299.55,298.8372682479513,309706,4282,92551695.0,62369.0,20.14,7.2,-0.25,TVS Motors,299.55,1.5251652262328497,299.5075,296.869,
2016-08-03,300.4,300.85,295.75,297.45,298.0322327712437,105855,1654,31548202.0,20525.0,19.39,5.1,-2.95,TVS Motors,297.45,-0.701051577366052,299.05499999999995,296.931,
2016-08-04,302.0,303.0,293.85,298.6,298.8241723805693,213806,2891,63890401.0,25995.0,12.16,9.15,-3.4,TVS Motors,298.6,0.3866195999327804,298.995,296.982,
2016-08-05,300.3,304.9,300.25,303.05,303.0655799216209,167902,2856,50885317.0,40870.0,24.34,4.65,2.75,TVS Motors,303.05,1.4902880107166672,299.2725,297.07199999999995,
2016-08-08,305.0,307.7,303.05,304.1,305.65088162222514,99419,1453,30387505.0,23793.0,23.93,4.65,-0.9,TVS Motors,304.1,0.34647747896388026,299.53000000000003,297.315,
2016-08-09,303.5,304.9,296.7,298.9,300.23268867924526,84800,1254,25459732.0,14226.0,16.78,8.2,-4.6,TVS Motors,298.9,-1.7099638276882767,299.24,297.51399999999995,
2016-08-10,298.3,299.65,293.5,295.65,296.0307308619013,118285,2000,35015995.0,32180.0,27.21,6.15,-2.65,TVS Motors,295.65,-1.087320173971229,298.64,297.712,
2016-08-11,295.65,300.3,293.3,296.75,297.50235617703066,103982,1687,30934890.0,13608.0,13.09,7.0,1.1,TVS Motors,296.75,0.37206155927618223,298.2575,297.875,
2016-08-12,297.05,302.3,296.85,298.3,299.75597915141367,114732,1815,34391603.0,13999.0,12.2,5.45,1.25,TVS Motors,298.3,0.5223251895535075,297.8425,297.909,SELL
2016-08-16,303.0,303.0,297.1,298.8,298.779837468744,41592,961,12426851.0,11678.0,28.08,5.9,-4.2,TVS Motors,298.8,0.16761649346295204,297.64,297.943,
2016-08-17,300.5,314.4,300.0,313.1,310.08820700238385,310837,4830,96386888.0,72521.0,23.33,14.4,12.6,TVS Motors,313.1,4.785809906291827,298.27,298.296,
2016-08-18,315.0,316.6,310.0,311.85,313.233734939759,213310,3180,66815888.0,44088.0,20.67,6.6,-3.15,TVS Motors,311.85,-0.3992334717342727,298.71750000000003,298.642,BUY
2016-08-19,311.65,316.9,309.3,311.6,313.1011716852841,98832,1548,30944415.0,22017.0,22.28,7.6,-0.05,TVS Motors,311.6,-0.08016674683340996,299.285,299.073,
2016-08-22,311.0,311.7,304.55,306.3,307.11545528263343,97423,1768,29920109.0,16134.0,16.56,7.15,-4.7,TVS Motors,306.3,-1.7008985879332528,299.52500000000003,299.39099999999996,
2016-08-23,306.5,310.65,305.0,307.0,307.136044645386,95329,1942,29278972.0,27362.0,28.7,5.65,0.5,TVS Motors,307.0,0.2285341168788646,299.84250000000003,299.791,
2016-08-24,305.4,309.65,305.15,306.65,306.7157086946512,456085,1313,139888434.0,410615.0,90.03,4.5,1.25,TVS Motors,306.65,-0.11400651465798273,300.605,300.16499999999996,
2016-08-25,309.65,310.0,303.95,306.5,306.796834583248,107474,1408,32972683.0,30106.0,28.01,6.05,-3.15,TVS Motors,306.5,-0.04891570194031081,301.54,300.47999999999996,
2016-08-26,306.5,307.0,301.9,303.15,303.64091003001835,82283,1480,24984485.0,23737.0,28.85,5.1,-3.35,TVS Motors,303.15,-1.0929853181076754,302.1875,300.70799999999997,
2016-08-29,304.2,313.9,301.05,311.7,307.73877844346504,136367,1831,41965414.0,28811.0,21.13,12.85,7.5,TVS Motors,311.7,2.8203859475507187,303.2025,301.11199999999997,
2016-08-30,315.0,327.9,314.4,325.85,321.2031939114031,461190,5672,148135701.0,123279.0,26.73,13.5,10.85,TVS Motors,325.85,4.539621430863017,304.7425,301.781,
2016-08-31,327.0,333.0,324.0,325.85,329.09426491721126,298531,4548,98244840.0,61361.0,20.55,9.0,-1.15,TVS Motors,325.85,0.0,306.0575,302.44,
2016-09-01,328.0,329.5,323.0,327.5,326.17845523722116,146003,3769,47623033.0,39517.0,27.07,6.5,-0.5,TVS Motors,327.5,0.5063679607181237,307.56000000000006,303.067,
2016-09-02,335.0,339.9,331.0,331.85,334.28492767777453,237548,4429,79408716.0,47222.0,19.88,8.9,-3.15,TVS Motors,331.85,1.328244274809176,309.22249999999997,303.80600000000004,
2016-09-06,334.0,335.25,329.95,333.0,332.82407627561935,84116,1672,27995830.0,22212.0,26.41,5.3,-1.0,TVS Motors,333.0,0.3465421124001722,310.71999999999997,304.555,
2016-09-07,333.0,333.9,328.55,330.4,330.47203748820266,91122,2094,30113273.0,30028.0,32.95,5.35,-2.6,TVS Motors,330.4,-0.7807807807807876,312.03499999999997,305.219,
2016-09-08,330.5,342.5,328.15,337.95,338.13128576724995,272421,4087,92114063.0,41056.0,15.07,14.35,7.45,TVS Motors,337.95,2.285108958837778,313.9875,306.039,
2016-09-09,338.0,338.05,327.6,330.0,330.9253040479216,143234,2321,47399755.0,24133.0,16.85,10.45,-8.0,TVS Motors,330.0,-2.3524189968930243,315.70500000000004,306.69699999999995,
2016-09-12,312.0,324.0,310.9,320.9,319.4389749911941,170340,3070,54413235.0,23921.0,14.04,13.1,8.9,TVS Motors,320.9,-2.75757575757577,316.9125,307.12100000000004,
2016-09-14,320.0,328.25,320.0,326.15,325.42944131166183,84412,1446,27470150.0,10255.0,12.15,8.25,6.15,TVS Motors,326.15,1.636023683390464,318.305,307.45,
2016-09-15,327.5,327.5,319.9,321.1,321.14587081973656,590214,2634,189544789.0,454982.0,77.09,7.6,-6.4,TVS Motors,321.1,-1.5483673156522881,319.41999999999996,307.661,
2016-09-16,324.8,339.5,324.0,338.1,328.34883107667935,1152813,10209,378524801.0,617413.0,53.56,15.5,13.3,TVS Motors,338.1,5.294300840859556,320.66999999999996,308.165,
2016-09-19,340.0,344.0,335.25,337.05,339.91872916295523,314344,4208,106851413.0,35984.0,11.45,8.75,-2.95,TVS Motors,337.05,-0.31055900621118626,321.93,308.776,
2016-09-20,337.0,337.65,331.0,332.9,334.6531684242208,176097,3356,58931419.0,17609.0,10.0,6.65,-4.1,TVS Motors,332.9,-1.2312713247292773,322.995,309.438,
2016-09-21,332.9,341.5,331.35,333.15,336.6963225404324,243864,3466,82108112.0,28314.0,11.61,10.15,0.25,TVS Motors,333.15,0.07509762691499944,324.3375,310.151,
2016-09-22,338.4,350.0,338.4,349.25,345.8595272116284,429706,7260,148617914.0,82556.0,19.21,11.6,10.85,TVS Motors,349.25,4.832657961879039,326.45,311.157,
2016-09-23,352.0,354.5,348.1,350.45,351.7384864434123,358903,5127,126239998.0,141160.0,39.33,6.4,-1.55,TVS Motors,350.45,0.34359341445955316,328.64,312.072,
2016-09-26,349.5,353.7,345.65,347.4,349.19739870913384,132934,3040,46420207.0,28726.0,21.61,8.05,-2.1,TVS Motors,347.4,-0.8703096019403667,330.685,312.867,
2016-09-27,350.9,351.45,346.5,347.75,348.7545672000229,104933,1914,36595863.0,26106.0,24.88,4.95,-3.15,TVS Motors,347.75,0.1007484168106032,332.915,313.73400000000004,
2016-09-28,347.6,357.0,345.0,351.7,352.32267737653217,148399,2430,52284333.0,26420.0,17.8,12.0,4.1,TVS Motors,351.7,1.1358734723220687,334.915,314.636,
2016-09-29,355.0,356.4,316.8,348.15,349.34512696862686,216077,5509,75485447.0,52247.0,24.18,39.6,-6.85,TVS Motors,348.15,-1.0093829968723322,336.03000000000003,315.54200000000003,
2016-09-30,341.0,368.4,341.0,365.6,361.9086926421615,365447,7895,132258446.0,64269.0,17.59,27.4,24.6,TVS Motors,365.6,5.012207381875644,338.0175,316.844,
2016-10-03,368.0,383.2,366.2,377.65,373.0416587019808,319117,5866,119043935.0,59646.0,18.69,17.0,9.65,TVS Motors,377.65,3.2959518599562143,340.525,318.339,
2016-10-04,382.0,385.0,374.5,377.45,379.24777214114766,303767,5209,115202958.0,72691.0,23.93,10.5,-4.55,TVS Motors,377.45,-0.05295908910366576,342.805,319.883,
2016-10-05,378.0,384.7,374.0,379.55,379.94169938033286,154115,2928,58554715.0,32687.0,21.21,10.7,1.55,TVS Motors,379.55,0.5563650814677468,345.13250000000005,321.444,
2016-10-06,380.0,388.2,377.1,383.9,383.85194629303913,333737,6509,128105597.0,33575.0,10.06,11.1,3.9,TVS Motors,383.9,1.1460940587537882,347.8075,323.10900000000004,
2016-10-07,383.9,389.0,381.8,386.1,385.770000691866,130083,2754,50182119.0,19941.0,15.33,7.2,2.2,TVS Motors,386.1,0.5730659025788176,350.21500000000003,325.003,
2016-10-10,388.05,393.7,386.8,388.9,389.86674885844747,109500,2447,42690409.0,18112.0,16.54,6.9,0.85,TVS Motors,388.9,0.7252007252007031,353.15999999999997,327.025,
2016-10-13,387.1,388.0,380.2,384.15,383.210232671189,90514,1985,34685891.0,20349.0,22.48,7.8,-2.95,TVS Motors,384.15,-1.2213936744664422,356.3225,328.904,
2016-10-14,386.0,391.9,383.1,390.95,388.8280717443391,118532,2240,46088569.0,20270.0,17.1,8.8,4.95,TVS Motors,390.95,1.77014187166471,359.5625,330.895,
2016-10-17,391.0,394.0,385.1,388.3,389.5161949878775,89503,1850,34862868.0,12449.0,13.91,8.9,-2.7,TVS Motors,388.3,-0.6778360404143702,362.9225,332.76,
2016-10-18,395.0,401.7,392.2,395.4,396.66527082598986,212775,4189,84400453.0,30152.0,14.17,9.5,0.4,TVS Motors,395.4,1.8284831315992678,365.7875,334.67699999999996,
2016-10-19,395.6,396.0,389.5,391.0,392.3151983202462,69534,1391,27279245.0,8403.0,12.08,6.5,-4.6,TVS Motors,391.0,-1.1127971674253834,368.485,336.54799999999994,
2016-10-20,391.8,394.8,390.0,392.2,392.9942430436778,71913,1484,28261395.0,10402.0,14.46,4.8,0.4,TVS Motors,392.2,0.3069053708439906,371.45,338.42,
2016-10-21,393.0,397.0,390.3,395.7,394.2957122861142,70014,1856,27606220.0,12501.0,17.86,6.7,2.7,TVS Motors,395.7,0.8924018357980623,374.5775,340.273,
2016-10-24,397.0,398.95,393.35,395.25,395.642108910084,49068,1164,19413367.0,9282.0,18.92,5.6,-1.75,TVS Motors,395.25,-0.11372251705837888,376.87749999999994,342.096,
2016-10-25,394.0,408.6,392.95,407.15,402.9626961835144,168401,3344,67859321.0,27619.0,16.4,15.65,13.15,TVS Motors,407.15,3.010752688172036,379.7125,344.26099999999997,
2016-10-26,408.0,411.45,396.0,399.7,405.3084097084696,130278,3561,52802769.0,24951.0,19.15,15.45,-8.3,TVS Motors,399.7,-1.8297924597814097,382.3275,346.342,
2016-10-27,407.0,417.9,387.3,411.4,401.3181198133682,833513,18115,334503870.0,75273.0,9.03,30.6,4.4,TVS Motors,411.4,2.9271953965473996,385.51,348.635,
2016-10-28,417.0,418.0,402.45,404.65,407.9271853255192,338874,7117,138235917.0,81840.0,24.15,15.55,-12.35,TVS Motors,404.65,-1.6407389402041783,388.15749999999997,350.76199999999994,
2016-10-30,409.85,412.9,408.0,410.0,410.0970758042816,58717,1240,24079670.0,21391.0,36.43,4.9,0.15,TVS Motors,410.0,1.3221302360064247,391.24999999999994,352.986,
2016-11-01,412.0,412.0,402.8,403.95,405.7995887043506,146853,4653,59592887.0,33619.0,22.89,9.2,-8.05,TVS Motors,403.95,-1.4756097560975623,393.1675,354.80299999999994,
2016-11-02,400.0,408.4,397.4,400.55,401.8168176029433,141340,2867,56792789.0,19625.0,13.88,11.0,0.55,TVS Motors,400.55,-0.8416883277633347,394.31249999999994,356.577,
2016-11-03,405.0,405.5,390.8,392.25,396.62047909476985,276438,7089,109640972.0,75311.0,27.24,14.7,-12.75,TVS Motors,392.25,-2.072150792660099,395.05249999999995,358.19,
2016-11-04,393.25,397.75,387.25,392.45,392.1643563730103,126463,2374,49594281.0,33755.0,26.69,10.5,-0.8,TVS Motors,392.45,0.0509878903760308,395.6975,359.91299999999995,
2016-11-07,395.35,399.0,388.85,390.1,393.9312981096507,114582,2165,45137436.0,15901.0,13.88,10.15,-5.25,TVS Motors,390.1,-0.5988023952095745,396.0075,361.575,
2016-11-08,392.0,394.1,385.6,390.0,389.68991577725393,84419,2464,32897233.0,18158.0,21.51,8.5,-2.0,TVS Motors,390.0,-0.025634452704437205,396.2025,363.242,
2016-11-09,370.0,384.0,351.0,379.3,371.6287686841496,341399,8971,126873690.0,45215.0,13.24,33.0,9.3,TVS Motors,379.3,-2.743589743589736,395.72249999999997,364.69800000000004,
2016-11-10,386.2,389.75,377.2,379.2,384.3921311952293,110004,2502,42284672.0,26519.0,24.11,12.55,-7.0,TVS Motors,379.2,-0.026364355391517158,395.475,366.219,
2016-11-11,374.5,374.5,352.6,360.55,358.9689695220004,425356,8568,152689605.0,100989.0,23.74,21.9,-13.95,TVS Motors,360.55,-4.918248945147674,393.955,367.19599999999997,
2016-11-15,361.0,363.0,338.9,347.6,344.9038914924401,173481,4101,59834272.0,43020.0,24.8,24.1,-13.4,TVS Motors,347.6,-3.591734849535433,391.92,367.631,
2016-11-16,364.9,368.5,346.25,359.2,354.82826594154085,243452,4069,86383651.0,33713.0,13.85,22.25,-5.7,TVS Motors,359.2,3.3371691599539677,390.11,368.298,
2016-11-17,360.0,367.4,345.2,362.1,357.3683622653024,183534,4277,65589245.0,14130.0,7.7,22.2,2.1,TVS Motors,362.1,0.807349665924284,388.66499999999996,368.99,
2016-11-18,363.0,364.25,356.4,362.35,361.5101405597688,80962,2102,29268584.0,13773.0,17.01,7.85,-0.65,TVS Motors,362.35,0.06904170118751107,387.1725,369.6,
2016-11-21,362.35,362.35,342.0,344.65,349.40385862973517,141812,3585,49549660.0,37404.0,26.38,20.35,-17.7,TVS Motors,344.65,-4.88477990892785,384.62,369.83299999999997,
2016-11-22,345.0,352.7,344.6,349.25,347.80331067677,61498,1389,21389208.0,11687.0,19.0,8.1,4.25,TVS Motors,349.25,1.3346873639924706,382.32,370.21,
2016-11-23,350.0,356.3,347.0,354.25,351.96437718885574,76524,1849,26933722.0,9302.0,12.16,9.3,4.25,TVS Motors,354.25,1.431639226914827,379.675,370.536,
2016-11-24,353.8,363.4,348.2,359.2,354.87190991369306,90491,1909,32112714.0,23219.0,25.66,15.2,5.4,TVS Motors,359.2,1.3973182780522286,377.65,371.12,
2016-11-25,355.9,358.15,353.25,356.0,355.50672737243497,78411,2046,27875638.0,12635.0,16.11,4.9,0.1,TVS Motors,356.0,-0.8908685968819552,374.88,371.82199999999995,
2016-11-28,355.9,355.9,350.65,353.8,353.8654088261461,59573,1222,21080824.0,12074.0,20.27,5.25,-2.1,TVS Motors,353.8,-0.6179775280898858,372.3375,372.375,SELL
2016-11-29,353.0,362.3,352.8,358.6,359.26768907765813,82876,1612,29774669.0,20052.0,24.2,9.5,5.6,TVS Motors,358.6,1.3566986998304165,369.76750000000004,373.125,
2016-11-30,361.95,376.0,360.3,372.05,367.9431551369084,180157,3867,66287535.0,35800.0,19.87,15.7,10.1,TVS Motors,372.05,3.7506971556051205,368.1725,373.80400000000003,
2016-12-01,370.0,376.5,365.0,367.7,371.059561819838,104295,2352,38699657.0,24464.0,23.46,11.5,-2.3,TVS Motors,367.7,-1.169197688482737,366.53000000000003,374.41700000000003,
2016-12-02,360.5,365.9,356.9,358.25,360.0241220548956,96219,2127,34641161.0,13956.0,14.5,9.0,-2.25,TVS Motors,358.25,-2.5700299156921402,364.83000000000004,374.92400000000004,
2016-12-05,360.9,362.55,352.75,357.15,356.54191043298107,76747,1966,27363522.0,14913.0,19.43,9.8,-3.75,TVS Motors,357.15,-0.30704815073273606,363.06499999999994,375.40399999999994,
2016-12-06,357.55,360.1,354.0,355.55,356.7750584047169,44945,1430,16035255.0,11382.0,25.32,6.1,-2.0,TVS Motors,355.55,-0.44799104017918534,361.3375,375.53,
2016-12-07,356.45,362.85,354.5,359.8,359.28569101453047,61388,1865,22055830.0,9934.0,16.18,8.35,3.35,TVS Motors,359.8,1.195331177049641,359.8275,375.71700000000004,
2016-12-08,362.0,364.85,361.45,363.85,363.29162535995846,42366,1248,15391213.0,10082.0,23.8,3.4,1.85,TVS Motors,363.85,1.1256253474152267,359.055,376.046,
2016-12-09,365.0,366.2,360.5,363.0,363.4798777490436,46789,1234,17006860.0,7439.0,15.9,5.7,-2.0,TVS Motors,363.0,-0.2336127525079057,358.245,376.351,
2016-12-12,363.0,367.5,357.85,366.3,363.13127601400174,57421,1712,20851361.0,9825.0,17.11,9.65,3.3,TVS Motors,366.3,0.9090909090909038,358.5325,376.643,
2016-12-13,367.5,384.8,367.0,381.95,377.11175946491994,239067,5538,90154977.0,61788.0,25.85,17.8,14.45,TVS Motors,381.95,4.2724542724542625,360.25,377.319,
2016-12-14,383.7,387.2,378.75,379.9,382.54917625660215,142945,3288,54683492.0,15045.0,10.53,8.45,-3.8,TVS Motors,379.9,-0.5367194658986829,361.28499999999997,377.605,
2016-12-15,379.45,380.95,374.0,378.15,378.0798415676464,67158,2543,25391086.0,7783.0,11.59,6.95,-1.3,TVS Motors,378.15,-0.46064753882600895,362.0875,377.615,
2016-12-16,378.0,383.55,374.0,376.5,378.48009259259254,64800,1353,24525510.0,11998.0,18.52,9.55,-1.5,TVS Motors,376.5,-0.4363347877826218,362.79499999999996,377.596,
2016-12-19,379.8,381.0,373.0,374.95,377.0809679489138,32729,1115,12341483.0,8947.0,27.34,8.0,-4.85,TVS Motors,374.95,-0.4116865869853936,364.31000000000006,377.504,
2016-12-20,377.0,377.45,369.0,369.95,370.59539924928765,132674,2711,49168374.0,55587.0,41.9,8.45,-7.05,TVS Motors,369.95,-1.3335111348179773,365.345,377.225,
2016-12-21,369.95,372.9,369.0,370.4,371.16640116819326,30132,1207,11183986.0,9399.0,31.19,3.9,0.45,TVS Motors,370.4,0.12163805919718218,366.1525,376.91100000000006,
2016-12-22,368.3,374.5,365.3,366.85,369.18830012587114,65146,1720,24051141.0,18794.0,28.85,9.2,-1.45,TVS Motors,366.85,-0.9584233261338948,366.53499999999997,376.47,
2016-12-23,366.5,372.0,364.0,370.35,369.0978014872292,43302,1027,15982673.0,12807.0,29.58,8.0,3.85,TVS Motors,370.35,0.9540684203352967,367.25249999999994,376.19399999999996,
2016-12-26,380.0,380.0,365.1,366.3,367.05753958174574,59055,1355,21676583.0,9781.0,16.56,14.9,-13.7,TVS Motors,366.3,-1.0935601458080257,367.8775,375.7010000000001,
2016-12-27,360.0,363.3,349.5,352.4,354.4313541922237,154882,3166,54895037.0,16591.0,10.71,13.8,-7.6,TVS Motors,352.4,-3.794703794703802,367.5675,374.98299999999995,
2016-12-28,351.0,357.25,346.0,353.05,351.2253439477444,122475,2519,43016324.0,8931.0,7.29,11.25,2.05,TVS Motors,353.05,0.18444948921680915,366.6175,374.13599999999997,
2016-12-29,353.1,367.0,348.5,363.3,356.8263548969397,119105,3327,42499803.0,21681.0,18.2,18.5,10.2,TVS Motors,363.3,2.9032714912901936,366.3975,373.58200000000005,
2016-12-30,362.45,366.95,357.75,360.65,362.3342296368989,101900,2765,36921858.0,11410.0,11.2,9.2,-1.8,TVS Motors,360.65,-0.7294247178640356,366.51750000000004,372.95099999999996,
2017-01-02,359.0,369.0,355.25,366.15,362.4072771367457,132772,2858,48117539.0,18799.0,14.16,13.75,7.15,TVS Motors,366.15,1.525024261749608,366.96750000000003,372.36,
2017-01-03,358.15,383.2,355.0,377.4,370.72159313523946,206737,4941,76641870.0,32704.0,15.82,28.2,19.25,TVS Motors,377.4,3.0725112658746445,368.06,372.00299999999993,
2017-01-04,377.0,377.5,371.9,374.35,374.97523424345206,124123,3235,46543051.0,8482.0,6.83,5.6,-2.65,TVS Motors,374.35,-0.8081611022787372,368.7875,371.34700000000004,
2017-01-05,377.05,389.85,377.05,384.75,386.08907093583,218747,4853,84455826.0,32247.0,14.74,12.8,7.7,TVS Motors,384.75,2.778148791238144,369.8325,371.048,
2017-01-06,386.1,392.4,384.1,385.4,388.0423770034761,168582,4790,65416960.0,18440.0,10.94,8.3,-0.7,TVS Motors,385.4,0.16894087069525554,370.9525,370.52799999999996,BUY
2017-01-09,388.0,389.9,382.8,384.35,384.3912748981114,174210,3612,66964804.0,6902.0,3.96,7.1,-3.65,TVS Motors,384.35,-0.2724442138038241,371.85499999999996,370.12200000000007,
2017-01-10,385.3,388.6,381.65,383.1,385.4520209415476,194637,4894,75023225.0,8076.0,4.15,6.95,-2.2,TVS Motors,383.1,-0.32522440483934156,371.9125,369.584,
2017-01-11,384.2,385.6,379.5,380.95,381.98775887481577,80058,2039,30581176.0,10825.0,13.52,6.1,-3.25,TVS Motors,380.95,-0.5612111720177615,371.96500000000003,369.124,
2017-01-12,380.95,390.0,378.0,388.85,386.1177407888608,81586,2195,31501802.0,14221.0,17.43,12.0,7.9,TVS Motors,388.85,2.0737629610185104,372.5,368.89,
2017-01-13,390.0,390.5,382.05,383.55,385.0472972972973,39072,997,15044568.0,7395.0,18.93,8.45,-6.45,TVS Motors,383.55,-1.3629934422013656,372.85249999999996,368.71600000000007,
2017-01-16,384.0,384.25,379.55,382.9,382.18257613893775,31784,1076,12147291.0,6151.0,19.35,4.7,-1.1,TVS Motors,382.9,-0.16946943032200013,373.25,368.525,
2017-01-17,384.9,385.2,376.3,379.2,379.46494992846925,61512,2238,23341648.0,8107.0,13.18,8.9,-5.7,TVS Motors,379.2,-0.9663097414468469,373.7125,368.30699999999996,
2017-01-18,383.0,384.5,377.5,383.2,381.6831750084482,26633,762,10165368.0,5879.0,22.07,7.0,0.2,TVS Motors,383.2,1.0548523206751037,374.3525,368.171,
2017-01-19,382.15,391.35,379.5,388.55,387.3625640697664,109451,3320,42397220.0,16301.0,14.89,11.85,6.4,TVS Motors,388.55,1.396137787056384,375.4375,368.356,
2017-01-20,390.9,392.35,377.75,378.7,385.68439126373374,112405,2463,43352854.0,13585.0,12.09,14.6,-12.2,TVS Motors,378.7,-2.5350662720370676,375.85499999999996,368.346,
2017-01-23,378.75,383.95,378.4,380.3,381.39268631064544,48293,1571,18418597.0,5502.0,11.39,5.55,1.55,TVS Motors,380.3,0.42249801954052923,376.555,368.741,
2017-01-24,382.5,402.85,378.7,401.2,395.2582291805557,712495,12611,281619512.0,65124.0,9.14,24.15,18.7,TVS Motors,401.2,5.495661320010514,378.995,369.81300000000005,
2017-01-25,404.0,404.45,391.3,393.0,395.8816757034071,198818,3201,78708403.0,59808.0,30.08,13.15,-11.0,TVS Motors,393.0,-2.043868394815551,380.9925,370.48900000000003,
2017-01-27,394.9,397.6,389.5,391.65,392.80310800159583,102767,2120,40367197.0,27758.0,27.01,8.1,-3.25,TVS Motors,391.65,-0.34351145038168385,382.40999999999997,371.08,
2017-01-30,394.8,394.8,386.0,387.45,388.1131559923051,81613,2534,31675079.0,25001.0,30.63,8.8,-7.35,TVS Motors,387.45,-1.072386058981234,383.75,371.582,
2017-01-31,386.4,388.0,383.85,385.35,385.6144026314759,51074,1516,19694870.0,12463.0,24.4,4.15,-1.05,TVS Motors,385.35,-0.5420054200541924,384.71,372.3960000000001,
2017-02-01,385.9,396.0,381.5,394.1,389.49198832926766,83628,1606,32572436.0,14293.0,17.09,14.5,8.2,TVS Motors,394.1,2.270663033605813,385.545,373.293,
2017-02-02,383.2,399.0,383.2,389.35,391.924939336262,110857,2840,43447623.0,20715.0,18.69,15.8,6.15,TVS Motors,389.35,-1.2052778482618653,386.29499999999996,373.995,
2017-02-03,390.95,393.8,388.65,391.75,390.8907009678786,110861,2302,43334534.0,8516.0,7.68,5.15,0.8,TVS Motors,391.75,0.6164119686657088,386.645,374.64599999999996,
2017-02-06,391.0,406.4,390.55,395.95,398.061535457031,220182,4369,87645985.0,39157.0,17.78,15.85,4.95,TVS Motors,395.95,1.0721123165283952,387.1725,375.445,
2017-02-07,396.5,398.1,390.0,392.1,393.95549079348257,60392,1613,23791760.0,7724.0,12.79,8.1,-4.4,TVS Motors,392.1,-0.9723449930546746,387.56,376.21100000000007,
2017-02-08,399.0,401.05,393.65,397.4,397.428702336014,73116,1912,29058397.0,8809.0,12.05,7.4,-1.6,TVS Motors,397.4,1.3516959959193997,388.275,376.98699999999997,
2017-02-09,397.0,409.9,394.6,408.0,403.91630803503614,138257,3331,55844257.0,41933.0,30.33,15.3,11.0,TVS Motors,408.0,2.667337695017613,389.6275,377.70599999999996,
2017-02-10,413.5,418.7,410.25,411.1,414.24624861861287,225317,4632,93336722.0,53766.0,23.86,8.45,-2.4,TVS Motors,411.1,0.7598039215686248,390.74,378.574,
2017-02-13,411.0,415.05,407.8,411.45,411.48844730672545,70806,1736,29135851.0,16415.0,23.18,7.25,0.45,TVS Motors,411.45,0.08513743614690927,392.13500000000005,379.638,
2017-02-14,411.05,414.1,408.5,409.35,410.6532733852396,45595,1044,18723736.0,10191.0,22.35,5.6,-1.7,TVS Motors,409.35,-0.5103900838497877,393.4575,380.682,
2017-02-15,414.0,416.45,408.9,410.6,412.291784515126,120918,2385,49853498.0,28434.0,23.52,7.55,-3.4,TVS Motors,410.6,0.30536215952119417,395.02750000000003,381.78299999999996,
2017-02-16,410.25,423.5,410.0,422.1,418.8017446172023,159118,3370,66638896.0,43002.0,27.03,13.5,11.85,TVS Motors,422.1,2.8007793472966336,396.97249999999997,383.029,
2017-02-17,427.0,429.3,423.5,425.5,426.131638151054,105790,2027,45080466.0,23956.0,22.64,5.8,-1.5,TVS Motors,425.5,0.8054963278843807,398.82,384.26200000000006,
2017-02-20,426.9,427.75,422.9,425.7,425.4951145077322,77986,1476,33182662.0,7033.0,9.02,4.85,-1.2,TVS Motors,425.7,0.04700352526438856,401.17,385.51599999999996,
2017-02-21,427.0,433.35,425.8,429.0,429.6357496223006,101271,2233,43509642.0,11375.0,11.23,7.55,2.0,TVS Motors,429.0,0.7751937984496138,403.605,386.77,
2017-02-22,428.0,432.7,424.9,426.95,428.0462176428896,94531,1771,40463637.0,8775.0,9.28,7.8,-1.05,TVS Motors,426.95,-0.4778554778554822,404.89250000000004,387.67,
2017-02-23,425.05,436.0,425.05,433.35,431.5218763641248,89343,1766,38553459.0,23126.0,25.88,10.95,8.3,TVS Motors,433.35,1.4990045672795382,406.90999999999997,388.73900000000003,
2017-02-27,430.1,442.8,429.2,434.8,435.8108203219055,161973,2750,70589586.0,79470.0,49.06,13.6,4.7,TVS Motors,434.8,0.334602515287874,409.0675,389.87200000000007,
2017-02-28,437.85,440.0,427.0,428.45,432.8545552320243,76242,1593,33001697.0,12572.0,16.49,13.0,-9.4,TVS Motors,428.45,-1.4604415823367134,411.1175,390.91100000000006,
2017-03-01,436.4,436.4,422.7,424.85,425.59077455669774,75682,1448,32209561.0,19996.0,26.42,13.7,-11.55,TVS Motors,424.85,-0.8402380674524368,413.09250000000003,391.909,
2017-03-02,428.1,432.0,422.45,426.2,428.0591364547276,82335,1525,35244249.0,16103.0,19.56,9.55,-1.9,TVS Motors,426.2,0.31775920913261757,414.69750000000005,393.034,
2017-03-03,423.0,435.95,423.0,429.35,427.78615417859646,37022,802,15837499.0,7413.0,20.02,12.95,6.35,TVS Motors,429.35,0.7390896292820415,416.69749999999993,394.21299999999997,
2017-03-06,432.0,433.15,425.35,426.7,428.5587276610093,62279,1508,26690209.0,10610.0,17.04,7.8,-5.3,TVS Motors,426.7,-0.6172120647490509,418.445,395.41,
2017-03-07,427.2,428.65,421.2,424.65,425.5788319690564,88936,1659,37849279.0,7318.0,8.23,7.45,-2.55,TVS Motors,424.65,-0.48043121631122787,419.88,396.49600000000004,
2017-03-08,425.2,425.2,414.0,417.7,418.9831450928116,109523,1397,45888291.0,49682.0,45.36,11.2,-7.5,TVS Motors,417.7,-1.6366419404215238,421.16,397.52399999999994,
2017-03-09,417.0,422.4,416.0,419.9,419.7148552666845,89544,1109,37582947.0,41333.0,46.16,6.4,2.9,TVS Motors,419.9,0.5266937993775311,422.28499999999997,398.874,
2017-03-10,425.0,428.6,420.2,425.5,425.60295788363214,98584,1505,41957642.0,29669.0,30.1,8.4,0.5,TVS Motors,425.5,1.3336508692545879,423.15999999999997,400.32300000000004,
2017-03-14,429.0,438.0,428.0,435.8,433.70891596860366,121288,2222,52603687.0,41861.0,34.51,10.0,6.8,TVS Motors,435.8,2.4206815511163438,424.395,401.77299999999997,
2017-03-15,436.4,440.0,433.65,438.45,437.221983404462,96773,1972,42311283.0,12150.0,12.56,6.35,2.05,TVS Motors,438.45,0.6080770995869678,425.745,403.329,
2017-03-16,440.5,443.35,437.4,438.2,439.8056118396525,61691,1117,27132048.0,19345.0,31.36,5.95,-2.3,TVS Motors,438.2,-0.05701904436081762,427.1875,404.77,
2017-03-17,438.5,444.8,435.3,442.45,441.14191613356365,105358,1839,46477830.0,18166.0,17.24,9.5,3.95,TVS Motors,442.45,0.9698767685988097,428.78000000000003,406.0710000000001,
2017-03-20,442.45,442.45,437.95,439.75,439.4656600994292,48879,1467,21480642.0,12271.0,25.1,4.5,-2.7,TVS Motors,439.75,-0.6102384450220377,429.6625,407.379,
2017-03-21,440.05,440.95,436.0,439.55,438.564193197548,40456,2597,17742553.0,14945.0,36.94,4.95,-0.5,TVS Motors,439.55,-0.04548038658328535,430.36500000000007,408.475,
2017-03-22,438.0,443.3,431.2,432.7,435.9086239754026,141153,4632,61529810.0,15597.0,11.05,12.1,-5.3,TVS Motors,432.7,-1.558412012285293,430.715,409.42100000000005,
2017-03-23,430.05,431.5,421.8,427.4,426.34348475241853,97786,2217,41690424.0,14529.0,14.86,9.7,-2.65,TVS Motors,427.4,-1.2248671134735378,430.63499999999993,410.282,
2017-03-24,429.5,430.85,425.0,427.95,428.0362971522644,63173,1721,27040337.0,20249.0,32.05,5.85,-1.55,TVS Motors,427.95,0.1286850725315869,430.68499999999995,411.17900000000003,
2017-03-27,431.9,431.9,426.2,428.9,428.37500651618626,76732,1328,32870071.0,32717.0,42.64,5.7,-3.0,TVS Motors,428.9,0.221988550064256,430.4625,412.13800000000003,
2017-03-28,430.75,434.35,430.35,432.3,431.83800374813694,67767,1060,29264366.0,19449.0,28.7,4.0,1.55,TVS Motors,432.3,0.7927255770576069,430.3375,413.00700000000006,
2017-03-29,434.0,437.15,425.0,430.8,432.3744824443813,151433,4256,65475765.0,15985.0,10.56,12.15,-3.2,TVS Motors,430.8,-0.3469812630117919,430.45500000000004,413.952,
2017-03-30,430.0,440.0,427.0,434.75,432.99027286390407,107123,1662,46383217.0,18257.0,17.04,13.0,4.75,TVS Motors,434.75,0.9168987929433658,430.95,414.98900000000003,
2017-03-31,430.3,436.2,429.95,431.6,432.26718378581256,159860,2190,69102232.0,17165.0,10.74,6.25,1.3,TVS Motors,431.6,-0.7245543415756117,431.21999999999997,416.037,
2017-04-03,430.0,436.45,430.0,435.2,434.3805270746556,24968,1454,10845613.0,5120.0,20.51,6.45,5.2,TVS Motors,435.2,0.8341056533827551,431.5125,417.077,
2017-04-05,438.0,452.9,438.0,450.45,447.2963770523576,144468,2720,64620013.0,28852.0,19.97,14.9,12.45,TVS Motors,450.45,3.504136029411775,432.7,418.315,
2017-04-06,451.75,452.2,447.5,449.7,449.9773238430397,37793,783,17005993.0,7612.0,20.14,4.7,-2.05,TVS Motors,449.7,-0.16650016650017196,433.95250000000004,419.735,
2017-04-07,440.05,474.4,440.05,468.5,464.798655783748,163069,3394,75794252.0,29140.0,17.87,34.35,28.45,TVS Motors,468.5,4.180564820991783,436.4925,421.499,
2017-04-10,468.0,477.85,467.0,475.15,473.892046464108,90048,1659,42673031.0,16082.0,17.86,10.85,7.15,TVS Motors,475.15,1.419423692636057,439.255,422.97799999999995,
2017-04-11,474.0,474.95,467.2,473.5,471.25751287372225,52044,1047,24526126.0,9320.0,17.91,7.75,-0.5,TVS Motors,473.5,-0.34725876039145565,441.65500000000003,424.58799999999997,
2017-04-12,473.0,476.25,461.7,474.5,471.38128658254146,71243,1341,33582617.0,6201.0,8.7,14.55,1.5,TVS Motors,474.5,0.21119324181626542,443.59000000000003,426.245,
2017-04-13,472.05,476.85,468.95,474.0,472.1506863633196,28702,622,13551669.0,3414.0,11.89,7.9,1.95,TVS Motors,474.0,-0.10537407797681642,445.3675,427.976,
2017-04-17,471.7,474.0,467.2,471.95,470.5332647020976,31084,681,14626056.0,5261.0,16.93,6.8,0.25,TVS Motors,471.95,-0.43248945147679185,447.05499999999995,429.70799999999997,
2017-04-18,473.55,479.75,466.05,468.85,473.1297656713736,183631,4326,86881292.0,49921.0,27.19,13.7,-4.7,TVS Motors,468.85,-0.656849242504498,448.375,431.20300000000003,
2017-04-19,469.65,475.35,468.8,470.85,471.80548011214296,45656,1095,21540751.0,5763.0,12.62,6.55,1.2,TVS Motors,470.85,0.4265756638583751,449.93,432.833,
2017-04-20,472.65,492.25,472.15,489.45,485.0288555907707,159969,3193,77589581.0,20187.0,12.62,20.1,16.8,TVS Motors,489.45,3.950302644154191,452.425,434.78700000000003,
2017-04-21,497.7,505.0,481.25,482.95,490.92978957986344,127887,2919,62783538.0,22540.0,17.62,23.75,-14.75,TVS Motors,482.95,-1.3280212483399723,454.9375,436.52700000000004,
2017-04-24,485.6,489.0,480.95,485.45,485.443661971831,58362,1081,28331463.0,9106.0,15.6,8.05,-0.15,TVS Motors,485.45,0.5176519308417005,457.84000000000003,438.39399999999995,
2017-04-25,487.1,490.7,486.45,488.95,488.63495128587726,34179,775,16701054.0,8133.0,23.8,4.25,1.85,TVS Motors,488.95,0.7209805335256059,460.89,440.225,
2017-04-26,494.7,504.85,492.05,502.25,499.00832317312984,203408,3975,101502285.0,42510.0,20.9,12.8,7.55,TVS Motors,502.25,2.7201145311381625,464.5575,442.11,
2017-04-27,502.25,518.95,484.45,503.05,499.04028011595415,687858,12880,343268849.0,33229.0,4.83,34.5,0.8,TVS Motors,503.05,0.15928322548532936,468.09499999999997,443.94899999999996,
2017-04-28,494.9,502.0,490.45,495.6,496.13070496354527,154164,2667,76485494.0,30769.0,19.96,11.55,0.7,TVS Motors,495.6,-1.4809661067488267,471.33500000000004,445.63200000000006,
2017-05-02,494.5,499.3,491.0,494.7,495.3551356993737,47900,1191,23727511.0,9624.0,20.09,8.3,0.2,TVS Motors,494.7,-0.1815980629540026,474.3325,447.339,
2017-05-03,503.0,505.6,496.45,499.15,500.3221339950372,80600,1758,40325964.0,13748.0,17.06,9.15,-3.85,TVS Motors,499.15,0.8995350717606598,477.7099999999999,449.11,
2017-05-04,496.55,502.75,492.5,496.95,498.6282510494616,87664,1571,43711747.0,13750.0,15.68,10.25,0.4,TVS Motors,496.95,-0.4407492737653951,480.7975,450.60699999999997,
2017-05-05,496.95,500.95,490.3,492.7,496.59271188000366,76069,1765,37775311.0,9892.0,13.0,10.65,-4.25,TVS Motors,492.7,-0.8552168226179657,482.91,451.95099999999996,
2017-05-08,491.0,502.05,491.0,500.8,499.9821542383684,76881,1519,38439128.0,7585.0,9.87,11.05,9.8,TVS Motors,500.8,1.6440024355591776,485.465,453.45300000000003,
2017-05-09,501.45,502.25,497.0,499.3,499.62716354645,22648,532,11315556.0,4549.0,20.09,5.25,-2.15,TVS Motors,499.3,-0.29952076677316475,487.00499999999994,454.85900000000004,
2017-05-10,499.0,501.85,493.15,497.05,498.89154045343616,53679,1039,26779999.0,6694.0,12.47,8.7,-1.95,TVS Motors,497.05,-0.4506308832365358,488.1,456.26099999999997,
2017-05-11,495.0,504.0,495.0,499.25,499.93372752368873,53612,961,26802447.0,13194.0,24.61,9.0,4.25,TVS Motors,499.25,0.442611407303084,489.3875,457.57899999999995,
2017-05-12,505.5,517.9,498.75,515.9,510.6541062963025,179931,2835,91882504.0,28900.0,16.06,19.15,10.4,TVS Motors,515.9,3.335002503755624,491.4575,459.20099999999996,
2017-05-15,518.0,525.8,518.0,524.65,522.4184931106228,119677,1956,62521478.0,21609.0,18.06,7.8,6.65,TVS Motors,524.65,1.6960651289009476,493.98999999999995,461.125,
2017-05-16,524.85,536.95,524.85,532.8,531.3429220055425,97789,1481,51959493.0,18366.0,18.78,12.1,7.95,TVS Motors,532.8,1.5534165634232266,497.03249999999997,463.284,
2017-05-17,524.05,534.3,524.05,532.75,531.5921583952065,46062,906,24486198.0,12649.0,27.46,10.25,8.7,TVS Motors,532.75,-0.00938438438438105,500.22749999999996,465.415,
2017-05-18,531.9,533.0,525.55,529.65,529.3908506131332,51457,1042,27240865.0,9787.0,19.02,7.45,-2.25,TVS Motors,529.65,-0.5818864382918898,503.1675,467.421,
2017-05-19,535.0,535.0,520.0,525.1,527.3701571619225,50203,1068,26475564.0,10678.0,21.27,15.0,-9.9,TVS Motors,525.1,-0.8590578684036565,504.94999999999993,469.389,
2017-05-22,534.0,534.0,523.3,526.55,526.8136612021858,23790,646,12532897.0,4261.0,17.91,10.7,-7.45,TVS Motors,526.55,0.27613787849931626,507.13,471.42699999999996,
2017-05-23,526.0,529.6,517.7,525.15,523.4661044314016,52647,1370,27558920.0,10296.0,19.56,11.9,-0.85,TVS Motors,525.15,-0.2658816826512145,509.11499999999995,473.5760000000001,
2017-05-24,522.15,529.25,519.75,523.6,525.178459166123,50583,1361,26565102.0,7412.0,14.65,9.5,1.45,TVS Motors,523.6,-0.2951537655907721,510.8475,475.65,
2017-05-25,538.0,544.75,528.0,541.95,537.0635715527734,86265,1799,46329789.0,17634.0,20.44,16.75,3.95,TVS Motors,541.95,3.504583651642479,512.8325,477.97900000000004,
2017-05-26,545.0,549.0,533.0,534.0,540.1905554207541,86547,2070,46751872.0,20918.0,24.17,16.0,-11.0,TVS Motors,534.0,-1.466924993080554,514.3799999999999,479.94300000000004,
2017-05-29,534.0,541.0,528.0,533.9,534.713530265924,46141,1080,24672217.0,3515.0,7.62,13.0,-0.1,TVS Motors,533.9,-0.01872659176029856,516.295,481.852,
2017-05-30,532.55,544.0,529.4,540.45,537.0457537372378,34183,733,18357835.0,6481.0,18.96,14.6,7.9,TVS Motors,540.45,1.2268215021539852,518.5825,483.897,
2017-05-31,540.35,544.75,535.5,538.1,539.7611590526867,36271,759,19577677.0,8746.0,24.11,9.25,-2.25,TVS Motors,538.1,-0.4348228328244996,520.53,485.81,
2017-06-01,538.2,540.9,531.0,534.95,535.8210516091433,30886,932,16549369.0,6250.0,20.24,9.9,-3.25,TVS Motors,534.95,-0.5853930496190207,522.4300000000001,487.71399999999994,
2017-06-02,553.0,565.0,538.55,541.55,552.9791416199695,392600,7758,217099611.0,48263.0,12.29,26.45,-11.45,TVS Motors,541.55,1.2337601645013407,524.8725000000001,489.754,
2017-06-05,541.9,546.35,535.05,542.15,541.0830670109682,78226,1664,42326764.0,8394.0,10.73,11.3,0.25,TVS Motors,542.15,0.11079309389714354,526.9399999999999,491.943,
2017-06-06,545.5,545.5,532.5,536.1,536.1282207013887,1565808,1389,839473857.0,16506.0,1.05,13.0,-9.4,TVS Motors,536.1,-1.1159273263856795,528.78,494.117,
2017-06-07,536.85,538.2,533.9,536.15,536.4341535760768,33039,624,17723248.0,8721.0,26.4,4.3,-0.7,TVS Motors,536.15,0.00932661816823721,530.7349999999999,496.281,
2017-06-08,535.0,546.0,535.0,543.75,540.7881123198433,46973,973,25402440.0,9870.0,21.01,11.0,8.75,TVS Motors,543.75,1.417513755478872,532.9599999999999,498.578,
2017-06-09,548.0,553.5,540.0,551.65,549.087207542274,92492,2083,50786174.0,18198.0,19.68,13.5,3.65,TVS Motors,551.65,1.4528735632183931,534.7475,500.965,
2017-06-12,558.0,558.0,549.15,552.25,554.0137933760177,50604,1164,28035314.0,12314.0,24.33,8.85,-5.75,TVS Motors,552.25,0.10876461524518266,536.1274999999999,503.394,
2017-06-13,560.0,562.5,552.6,555.75,558.516222409842,91201,1962,50937238.0,11992.0,13.15,9.9,-4.25,TVS Motors,555.75,0.6337709370755951,537.275,505.814,
2017-06-14,555.0,555.0,544.15,545.8,546.8109903967407,61854,1497,33822447.0,7706.0,12.46,10.85,-9.2,TVS Motors,545.8,-1.7903733693207413,537.9275,508.098,
2017-06-15,546.1,546.85,540.0,542.0,542.6891249603922,59963,1357,32541268.0,15146.0,25.26,6.85,-4.1,TVS Motors,542.0,-0.6962257237083103,538.545,510.23400000000004,
2017-06-16,552.0,552.0,541.45,550.2,548.4197165124652,43882,1032,24065754.0,10320.0,23.52,10.55,-1.8,TVS Motors,550.2,1.5129151291513043,539.8,512.229,
2017-06-19,550.0,556.75,549.1,551.05,552.7360993598442,62641,1371,34623942.0,12130.0,19.36,7.65,1.05,TVS Motors,551.05,0.15448927662666812,541.025,514.256,
2017-06-20,551.0,554.0,547.0,549.2,550.1810156839722,47692,1169,26239233.0,8333.0,17.47,7.0,-1.8,TVS Motors,549.2,-0.3357227111877137,542.2275,515.87,
2017-06-21,555.0,555.0,543.35,544.95,545.4263859474273,40135,1077,21890688.0,6309.0,15.72,11.65,-10.05,TVS Motors,544.95,-0.7738528769118735,543.295,517.2660000000001,
2017-06-22,546.0,549.35,540.3,542.1,544.7395737281661,37957,861,20676680.0,6588.0,17.36,9.05,-3.9,TVS Motors,542.1,-0.5229837599779796,543.3025,518.638,
2017-06-23,543.0,543.8,531.25,536.55,535.9697828404691,35642,968,19103035.0,5960.0,16.72,12.55,-6.45,TVS Motors,536.55,-1.0237963475373646,543.4300000000001,519.879,
2017-06-27,537.0,539.15,524.7,533.1,530.1923751025068,62191,2569,32973194.0,15687.0,25.22,14.45,-3.9,TVS Motors,533.1,-0.6429969247973011,543.39,521.061,
2017-06-28,533.9,537.75,530.0,535.35,534.4316569282137,28752,699,15365979.0,5931.0,20.63,7.75,1.45,TVS Motors,535.35,0.42205965109736177,543.135,522.3290000000001,
2017-06-29,536.5,547.0,536.5,544.6,542.7643790450605,32756,991,17778790.0,7435.0,22.7,10.5,8.1,TVS Motors,544.6,1.7278415989539608,543.46,523.8439999999999,
2017-06-30,545.9,550.75,542.0,549.45,548.1511452475655,51037,1252,27975990.0,3920.0,7.68,8.75,3.55,TVS Motors,549.45,0.8905618802791171,544.185,525.4159999999999,
2017-07-03,549.45,557.6,547.4,552.1,551.715392214562,95152,2853,52496823.0,8106.0,8.52,10.2,2.65,TVS Motors,552.1,0.4823004823004684,544.7125,526.669,
2017-07-04,555.0,555.0,547.25,550.55,550.2883277962349,22575,591,12422759.0,4041.0,17.9,7.75,-4.45,TVS Motors,550.55,-0.28074624162290895,545.1325,528.021,
2017-07-05,558.95,558.95,544.1,547.35,547.5951916181978,50204,933,27491469.0,18282.0,36.42,14.85,-11.6,TVS Motors,547.35,-0.5812369448732979,545.6949999999999,529.259,
2017-07-06,547.85,557.0,547.85,553.7,553.5712592322421,32901,903,18213048.0,8119.0,24.68,9.15,5.85,TVS Motors,553.7,1.1601351968575813,546.5725,530.554,
2017-07-07,551.6,574.85,551.6,572.1,566.454394091404,93694,2305,53073378.0,23267.0,24.83,23.25,20.5,TVS Motors,572.1,3.3230991511648877,547.99,531.951,
2017-07-10,585.0,585.0,567.35,569.45,573.5284556748143,416648,14334,238959484.0,167189.0,40.13,17.65,-15.55,TVS Motors,569.45,-0.4632057332634165,548.88,533.279,
2017-07-11,571.8,576.5,564.55,566.0,569.5349959958816,43705,991,24891527.0,10841.0,24.8,11.95,-5.8,TVS Motors,566.0,-0.6058477478268598,549.5675,534.687,
2017-07-12,568.6,570.8,561.75,564.25,564.9764761290961,40342,751,22792281.0,12755.0,31.62,9.05,-4.35,TVS Motors,564.25,-0.30918727915194566,549.9925000000001,536.078,
2017-07-13,568.0,572.95,566.0,571.5,569.4309261921129,64004,1294,36445857.0,7736.0,12.09,6.95,3.5,TVS Motors,571.5,1.2848914488258645,551.2774999999999,537.525,
2017-07-14,571.5,572.45,563.6,569.4,567.8861565459986,44447,859,25240836.0,10490.0,23.6,8.85,-2.1,TVS Motors,569.4,-0.3674540682414684,552.6475,538.974,
2017-07-17,570.05,576.35,567.0,572.1,572.8447294250282,35480,907,20324531.0,9165.0,25.83,9.35,2.05,TVS Motors,572.1,0.474183350895685,553.7425000000001,540.562,
2017-07-18,572.05,579.95,567.0,571.5,573.4250786022852,78242,1689,44865925.0,18301.0,23.39,12.95,-0.55,TVS Motors,571.5,-0.10487676979549221,554.765,541.976,
2017-07-19,576.0,576.0,565.95,573.65,573.2051749075908,18667,521,10700021.0,4863.0,26.05,10.05,-2.35,TVS Motors,573.65,0.3762029746281703,555.9875000000001,543.4630000000001,
2017-07-20,573.6,575.6,570.1,572.4,573.125650260104,19992,588,11457928.0,4234.0,21.18,5.5,-1.2,TVS Motors,572.4,-0.2179029024666601,557.36,544.97,
2017-07-21,571.9,575.7,565.7,570.65,570.5325399613561,22772,759,12992167.0,5271.0,23.15,10.0,-1.25,TVS Motors,570.65,-0.3057302585604438,558.7875,546.398,
2017-07-24,574.0,580.15,571.95,576.95,575.8476881825911,30582,972,17610574.0,8498.0,27.79,8.2,2.95,TVS Motors,576.95,1.1040042057303134,560.8075000000001,547.619,
2017-07-25,578.0,579.15,568.25,570.3,574.3535332959889,58911,979,33835741.0,31380.0,53.27,10.9,-7.7,TVS Motors,570.3,-1.1526128780657063,562.6675,548.5319999999999,
2017-07-26,576.0,576.0,569.05,570.9,570.9202213321221,24217,606,13825975.0,5192.0,21.44,6.95,-5.1,TVS Motors,570.9,0.10520778537612685,564.4449999999999,549.294,
2017-07-27,571.1,577.95,567.05,573.55,573.5412979762737,35825,971,20547117.0,6456.0,18.02,10.9,2.45,TVS Motors,573.55,0.4641793659134752,565.8924999999999,550.11,
2017-07-28,573.9,585.0,569.9,582.55,580.168106272711,50361,1522,29217846.0,11498.0,22.83,15.1,8.65,TVS Motors,582.55,1.5691744398919072,567.5475,551.168,
2017-07-31,584.9,586.0,579.6,582.15,583.5064964347115,35481,748,20703394.0,7857.0,22.14,6.4,-2.75,TVS Motors,582.15,-0.06866363402282527,569.05,552.309,
2017-08-01,585.0,599.1,582.9,596.6,593.6994463319492,95364,2163,56617554.0,12579.0,13.19,16.2,11.6,TVS Motors,596.6,2.4821781327836634,571.3525000000001,553.71,
2017-08-02,594.4,595.0,586.6,590.65,589.8486504016365,40086,1083,23644673.0,9489.0,23.67,8.4,-3.75,TVS Motors,590.65,-0.9973181361045969,573.5175,555.02,
2017-08-03,591.0,596.25,582.35,586.6,589.0455120601029,25290,700,14896961.0,4467.0,17.66,13.9,-4.4,TVS Motors,586.6,-0.6856852619994802,575.1625,556.28,
2017-08-04,586.7,603.0,586.0,599.0,597.313078996814,61205,1676,36558547.0,10285.0,16.8,17.0,12.3,TVS Motors,599.0,2.113876576883733,576.5074999999999,557.4209999999999,
2017-08-07,608.0,608.0,598.55,602.6,603.278036244406,22569,618,13615382.0,6478.0,28.7,9.45,-5.4,TVS Motors,602.6,0.601001669449075,578.1650000000001,558.793,
2017-08-08,603.6,610.0,594.25,595.5,600.1154920525054,40453,960,24276472.0,8569.0,21.18,15.75,-8.1,TVS Motors,595.5,-1.1782276800531122,579.6400000000001,560.025,
2017-08-09,590.4,599.55,588.4,589.95,593.7340562223824,31909,678,18945460.0,5458.0,17.1,11.15,-0.45,TVS Motors,589.95,-0.9319899244332408,580.925,561.015,
2017-08-10,590.0,591.0,571.95,578.3,580.6109129771726,83277,1948,48351535.0,15165.0,18.21,19.05,-11.7,TVS Motors,578.3,-1.974743622340891,581.2650000000001,561.819,
2017-08-11,579.0,579.0,528.2,536.4,548.638821524092,288644,6263,158361304.0,25234.0,8.74,50.8,-42.6,TVS Motors,536.4,-7.245374373162717,579.615,561.8480000000001,
2017-08-14,536.0,558.7,535.0,553.75,550.2774459420149,103130,2268,56750113.0,17188.0,16.67,23.7,17.75,TVS Motors,553.75,3.234526472781507,578.6975,562.092,
2017-08-16,559.0,589.6,557.9,585.75,577.8583808515724,146435,3268,84618692.0,24389.0,16.66,31.7,26.75,TVS Motors,585.75,5.778781038374725,579.4100000000001,562.964,
2017-08-17,587.0,592.0,577.25,581.0,581.6872649342171,70459,1409,40985103.0,11510.0,16.34,14.75,-6.0,TVS Motors,581.0,-0.8109261630388387,579.7774999999999,563.862,
2017-08-18,571.0,586.8,571.0,583.8,580.7892735461484,111239,4174,64606418.0,26813.0,24.1,15.8,12.8,TVS Motors,583.8,0.48192771084336616,580.3475,564.815,
2017-08-21,587.0,588.3,571.3,575.15,581.3093253276865,111921,10113,65060721.0,22288.0,19.91,17.0,-11.85,TVS Motors,575.15,-1.4816718054128097,580.5725,565.443,
2017-08-22,580.0,584.9,572.1,582.25,577.9490612893612,50335,2507,29091066.0,10700.0,21.26,12.8,2.25,TVS Motors,582.25,1.23446057550205,580.8374999999999,566.055,
2017-08-23,585.0,587.0,575.75,584.25,582.2372559848249,41647,857,24248435.0,4748.0,11.4,11.25,-0.75,TVS Motors,584.25,0.3434950622584809,581.535,566.695,
2017-08-24,584.0,597.0,578.5,593.4,587.1719010347387,71419,1436,41935230.0,13302.0,18.63,18.5,9.4,TVS Motors,593.4,1.5661103979460744,582.6600000000001,567.448,
2017-08-28,593.4,608.0,592.8,603.95,602.0665877867613,106491,1719,64114673.0,43724.0,41.06,15.2,10.55,TVS Motors,603.95,1.777890124705106,584.1800000000001,568.611,
2017-08-29,600.85,602.1,592.1,594.75,596.4822816246962,37447,911,22336472.0,8529.0,22.78,10.0,-6.1,TVS Motors,594.75,-1.523304909346812,584.79,569.6659999999999,
2017-08-30,598.05,614.0,597.5,611.5,607.7664015209763,71533,1650,43475354.0,19716.0,27.56,16.5,13.45,TVS Motors,611.5,2.816309373686421,586.2574999999999,570.8919999999999,
2017-08-31,614.7,614.7,602.35,604.2,605.3069776616522,309244,1704,187187551.0,238798.0,77.22,12.35,-10.5,TVS Motors,604.2,-1.1937857726901036,586.6375,571.955,
2017-09-01,607.9,611.85,606.7,608.55,609.2505539663994,49642,1049,30244416.0,12714.0,25.61,5.15,0.65,TVS Motors,608.55,0.7199602780536107,587.5325,573.1419999999999,
2017-09-04,620.0,625.0,605.75,613.8,615.0104357303791,122943,2521,75611228.0,18764.0,15.26,19.25,-6.2,TVS Motors,613.8,0.8627064333251111,588.8925,574.5189999999999,
2017-09-05,614.0,617.0,610.0,612.65,612.6716221238639,29597,712,18133242.0,7039.0,23.78,7.0,-1.35,TVS Motors,612.65,-0.18735744542195398,589.575,575.93,
2017-09-06,612.75,621.95,606.8,618.75,619.093286407535,397507,1172,246093915.0,356797.0,89.76,15.15,6.0,TVS Motors,618.75,0.9956745286868518,590.3824999999999,577.5740000000001,
2017-09-07,620.0,639.5,618.4,632.5,632.595322698285,106942,2393,67651009.0,13866.0,12.97,21.1,12.5,TVS Motors,632.5,2.2222222222222143,592.2325,579.562,
2017-09-08,630.05,640.9,630.05,635.4,635.1749780686956,44457,1018,28237974.0,11689.0,26.29,10.85,5.35,TVS Motors,635.4,0.4584980237154035,594.505,581.563,
2017-09-11,638.0,647.55,636.4,639.3,642.4809837251356,69125,1418,44411498.0,13866.0,20.06,11.15,1.3,TVS Motors,639.3,0.6137865911236995,597.555,583.457,
2017-09-12,641.0,648.0,639.3,641.3,642.6922823687175,331099,1082,212794772.0,308643.0,93.22,8.7,0.3,TVS Motors,641.3,0.31284217112466095,602.8,585.294,
2017-09-13,641.5,648.5,636.5,638.0,642.0471727574229,573191,910,368015661.0,10859.0,1.89,12.0,-3.5,TVS Motors,638.0,-0.5145797598627766,607.0125,587.012,
2017-09-14,642.5,643.25,636.0,641.05,640.6026846382117,36057,832,23098211.0,11509.0,31.92,7.25,-1.45,TVS Motors,641.05,0.47805642633227396,609.7774999999999,588.822,
2017-09-15,639.5,653.05,638.0,649.95,645.1973379966968,51465,1320,33205081.0,11124.0,21.61,15.05,10.45,TVS Motors,649.95,1.3883472428047883,613.225,590.874,
2017-09-18,660.0,665.75,655.0,663.65,660.5572789913502,68210,1335,45056612.0,14485.0,21.24,10.75,3.65,TVS Motors,663.65,2.107854450342317,617.2175,593.073,
2017-09-19,663.65,666.35,657.5,659.35,660.0342182744885,40417,802,26676603.0,8095.0,20.03,8.85,-4.3,TVS Motors,659.35,-0.6479318918104382,621.4275,594.818,
2017-09-20,659.25,662.6,652.9,655.2,656.5195504861316,23759,461,15598248.0,4187.0,17.62,9.7,-4.05,TVS Motors,655.2,-0.6294077500568762,625.075,596.533,
2017-09-21,655.35,659.85,649.2,650.4,651.9771711243912,195279,1311,127317450.0,148032.0,75.81,10.65,-4.95,TVS Motors,650.4,-0.7326007326007411,628.3825,598.221,
2017-09-22,649.9,649.9,628.95,634.25,635.8131192581781,58235,1351,37026577.0,7851.0,13.48,20.95,-15.65,TVS Motors,634.25,-2.4830873308733015,630.425,599.621,
2017-09-25,638.0,644.95,620.75,641.9,634.6621239244673,69268,1506,43961776.0,14232.0,20.55,24.2,3.9,TVS Motors,641.9,1.206148994875833,632.3225,601.029,
2017-09-26,648.15,651.45,642.0,647.85,647.2576973993253,46834,993,30313667.0,9491.0,20.27,9.45,-0.3,TVS Motors,647.85,0.9269356597600975,634.9775000000001,602.598,
2017-09-27,652.0,661.5,639.8,644.6,651.375790969802,102722,1933,66910624.0,18623.0,18.13,21.7,-7.4,TVS Motors,644.6,-0.5016593347225484,636.6324999999999,604.048,
2017-09-28,646.0,646.0,631.15,644.0,640.2911271323048,56453,1261,36146355.0,7089.0,12.56,14.85,-2.0,TVS Motors,644.0,-0.09308098045299751,638.6225,605.498,
2017-09-29,647.3,661.0,645.0,658.5,658.2056482427109,707937,1423,465968132.0,13679.0,1.93,16.0,11.2,TVS Motors,658.5,2.2515527950310643,641.12,607.195,
2017-10-03,664.3,671.85,649.25,654.65,662.0166176021106,124326,2179,82305878.0,11854.0,9.53,22.6,-9.65,TVS Motors,654.65,-0.5846621108580141,643.1625,608.84,
2017-10-04,669.0,669.0,651.95,653.8,654.3219252134362,26823,557,17550877.0,8220.0,30.65,17.05,-15.2,TVS Motors,653.8,-0.12984037271824844,645.22,610.5029999999999,
2017-10-05,655.0,658.45,650.15,655.05,654.5387368959346,23466,540,15359406.0,4145.0,17.66,8.3,0.05,TVS Motors,655.05,0.19118996635056895,647.035,612.065,
2017-10-06,653.35,666.25,652.75,659.65,661.412884064849,65321,1007,43204151.0,16791.0,25.71,13.5,6.3,TVS Motors,659.65,0.7022364704984296,648.3924999999999,613.852,
2017-10-09,660.0,678.0,660.0,675.85,671.4346254756484,57553,1224,38643077.0,11786.0,20.48,18.0,15.85,TVS Motors,675.85,2.4558477980747506,650.415,615.951,
2017-10-10,678.0,690.35,678.0,685.8,686.5475555250538,116569,2332,80030162.0,23934.0,20.53,12.35,7.8,TVS Motors,685.8,1.4722201671968582,652.74,618.196,
2017-10-11,692.5,692.5,680.0,683.15,685.9722074833044,54655,1106,37491811.0,15830.0,28.96,12.5,-9.35,TVS Motors,683.15,-0.3864100320793207,654.8325,620.208,
2017-10-12,680.0,712.05,676.0,696.45,692.300382635118,71086,1280,49212865.0,12637.0,17.78,36.05,16.45,TVS Motors,696.45,1.9468637927248844,657.7549999999999,622.4939999999999,
2017-10-13,695.75,702.35,693.9,699.0,699.8727405045744,288560,1074,201955278.0,251679.0,87.22,8.45,3.25,TVS Motors,699.0,0.36614258022829027,660.6524999999999,624.5419999999999,
2017-10-16,700.65,703.05,697.5,700.4,700.0048392219876,53521,1133,37464959.0,12459.0,23.28,5.55,-0.25,TVS Motors,700.4,0.20028612303291116,663.175,626.737,
2017-10-17,701.0,702.0,687.6,689.1,693.2966852307339,78467,9972,54400911.0,36755.0,46.84,14.4,-11.9,TVS Motors,689.1,-1.6133637921187827,664.4475,628.7869999999999,
2017-10-18,690.75,697.15,687.55,690.05,692.5626462646264,22220,523,15388742.0,5864.0,26.39,9.6,-0.7,TVS Motors,690.05,0.1378609780873452,665.9825,630.608,
2017-10-19,690.05,691.45,680.0,685.9,686.7804493910122,9524,321,6540897.0,4440.0,46.62,11.45,-4.15,TVS Motors,685.9,-0.6014056952394764,667.5175,632.274,
2017-10-23,684.15,691.2,682.3,685.6,686.4653926206244,26425,603,18139848.0,5138.0,19.44,8.9,1.45,TVS Motors,685.6,-0.04373815424988381,669.2774999999999,634.076,
2017-10-24,686.0,696.0,684.5,693.85,693.1664637520753,36140,660,25051036.0,6436.0,17.81,11.5,7.85,TVS Motors,693.85,1.2033255542590382,672.2574999999999,636.154,
2017-10-25,699.8,699.8,689.55,693.4,693.1693196845765,20417,506,14152438.0,5567.0,27.27,10.25,-6.4,TVS Motors,693.4,-0.06485551632198217,674.8325,638.456,
2017-10-26,690.0,725.0,686.0,720.6,709.5054282604449,71662,1758,50844578.0,18615.0,25.98,39.0,30.6,TVS Motors,720.6,3.9226997404095743,678.47,642.14,
2017-10-27,721.0,722.6,711.9,718.05,717.4083866288653,45501,974,32642799.0,7307.0,16.06,10.7,-2.95,TVS Motors,718.05,-0.3538717735220742,682.1425,645.4259999999999,
2017-10-30,722.0,728.65,718.45,722.7,724.3020104086862,37853,694,27417004.0,14435.0,38.13,10.2,0.7,TVS Motors,722.7,0.6475872153749895,686.0775000000001,648.165,
2017-10-31,722.0,732.2,719.85,725.3,724.862874364287,26545,648,19241485.0,9134.0,34.41,12.35,3.3,TVS Motors,725.3,0.3597620035975968,689.4175,651.0509999999999,
2017-11-01,730.9,730.9,704.6,709.0,717.5900417010973,260185,5225,186706165.0,47947.0,18.43,26.3,-21.9,TVS Motors,709.0,-2.247345925823796,692.135,653.555,
2017-11-02,715.0,718.6,703.55,708.2,711.6751867403691,117409,3139,83557072.0,23658.0,20.15,15.05,-6.8,TVS Motors,708.2,-0.11283497884343463,694.855,656.2159999999999,
2017-11-03,710.15,710.15,688.25,694.9,695.6695488317001,92870,1921,64606831.0,28489.0,30.68,21.9,-15.25,TVS Motors,694.9,-1.87800056481221,696.8475000000001,658.4689999999999,
2017-11-06,695.0,708.9,690.1,706.3,703.305087916199,53460,1613,37598690.0,15321.0,28.66,18.8,11.3,TVS Motors,706.3,1.640523816376449,699.18,660.91,
2017-11-07,709.9,717.8,699.75,707.85,709.7916463287079,71705,1673,50895610.0,25492.0,35.55,18.05,-2.05,TVS Motors,707.85,0.21945349001841752,700.78,663.1990000000001,
2017-11-08,715.0,715.0,691.05,694.4,697.9303891059171,45309,1142,31622528.0,10403.0,22.96,23.95,-20.6,TVS Motors,694.4,-1.9001200819382724,701.2099999999999,665.008,
2017-11-09,691.05,698.75,681.05,694.5,691.1494462093242,58235,1336,40249088.0,16254.0,27.91,17.7,3.45,TVS Motors,694.5,0.014400921658985766,701.7774999999999,667.003,
2017-11-10,688.0,711.85,675.0,707.9,701.3852030007727,80246,1912,56283357.0,17324.0,21.59,36.85,19.9,TVS Motors,707.9,1.9294456443484487,702.3499999999999,668.931,
2017-11-13,703.0,714.9,694.55,699.65,706.25972357163,31907,743,22534629.0,6925.0,21.7,20.35,-3.35,TVS Motors,699.65,-1.1654188444695568,702.3825,670.84,
2017-11-14,695.05,708.6,695.05,701.0,701.7646187068636,23617,601,16573575.0,5547.0,23.49,13.55,5.95,TVS Motors,701.0,0.1929536196669801,702.4125,672.689,
2017-11-15,701.0,702.0,691.55,696.1,695.9201636254999,43514,780,30282270.0,10297.0,23.66,10.45,-4.9,TVS Motors,696.1,-0.6990014265335187,702.7625,674.335,
2017-11-16,689.0,708.8,689.0,705.3,702.3628318584072,28250,606,19841750.0,6833.0,24.19,19.8,16.3,TVS Motors,705.3,1.3216491883349946,703.525,676.188,
2017-11-17,701.0,722.55,701.0,708.6,715.9359843248828,74513,1497,53346538.0,20734.0,27.83,21.55,7.6,TVS Motors,708.6,0.4678860059549317,704.6600000000001,677.985,
2017-11-20,702.05,714.2,702.05,708.7,709.7247412353923,29950,631,21256256.0,6754.0,22.55,12.15,6.65,TVS Motors,708.7,0.014112334180071961,705.8149999999999,679.5090000000001,
2017-11-21,704.05,713.4,699.75,708.3,706.9412586327306,25774,1100,18220704.0,7267.0,28.2,13.65,4.25,TVS Motors,708.3,-0.05644137152533979,706.5375,680.967,
2017-11-22,708.0,721.8,708.0,718.75,718.0984625979866,49369,1409,35451803.0,21440.0,43.43,13.8,10.75,TVS Motors,718.75,1.4753635465198478,707.8050000000001,682.5559999999999,
2017-11-23,719.5,738.4,717.0,735.85,731.3396504966543,124634,2441,91149786.0,50514.0,40.53,21.4,16.35,TVS Motors,735.85,2.379130434782617,708.5674999999999,684.4470000000001,
2017-11-24,740.9,743.85,737.0,739.3,740.4836374283014,75141,1938,55640681.0,19196.0,25.55,6.85,-1.6,TVS Motors,739.3,0.46884555276209827,709.63,686.4730000000001,
2017-11-27,740.0,746.7,730.0,745.25,741.9826562950159,34710,1002,25754218.0,9894.0,28.5,16.7,5.25,TVS Motors,745.25,0.8048153658866575,710.7574999999999,688.557,
2017-11-28,746.0,747.0,740.0,743.1,743.3869039343806,21579,484,16041546.0,5064.0,23.47,7.0,-2.9,TVS Motors,743.1,-0.28849379402884345,711.6475,690.42,
2017-11-29,743.2,743.2,731.15,735.85,736.766973744818,21710,535,15995211.0,7034.0,32.4,12.05,-7.35,TVS Motors,735.85,-0.9756425783878364,712.99,691.864,
2017-11-30,735.9,735.9,713.05,718.8,725.4515706806282,25212,838,18290085.0,8724.0,34.6,22.85,-17.1,TVS Motors,718.8,-2.317048311476533,713.52,693.053,
2017-12-01,726.0,730.95,721.85,724.45,726.8843872243475,46526,1166,33819023.0,16180.0,34.78,9.1,-1.55,TVS Motors,724.45,0.7860322760155913,714.9975,694.438,
2017-12-04,725.0,730.95,711.2,725.45,720.0145582635962,49113,1044,35362075.0,16213.0,33.01,19.75,0.45,TVS Motors,725.45,0.13803575125956868,715.955,695.939,
2017-12-05,728.65,742.0,721.25,737.3,730.3005218761282,30467,632,22250066.0,8728.0,28.65,20.75,8.65,TVS Motors,737.3,1.6334688813839593,717.4275,698.0,
2017-12-06,738.0,744.9,731.9,734.1,738.3876130828114,43110,1428,31831890.0,10288.0,23.86,13.0,-3.9,TVS Motors,734.1,-0.4340160043401542,719.4125,699.844,
2017-12-07,737.0,753.55,737.0,748.8,748.4428617243038,74836,1537,56010470.0,17100.0,22.85,16.55,11.8,TVS Motors,748.8,2.0024519820187825,722.1275,701.8629999999998,
2017-12-08,760.0,760.0,745.35,747.2,751.9591649575642,59973,1524,45097247.0,15052.0,25.1,14.65,-12.8,TVS Motors,747.2,-0.2136752136752018,724.0925,703.915,
2017-12-11,760.0,760.0,747.8,753.8,752.156269552096,27171,1092,20436838.0,9550.0,35.15,12.2,-6.2,TVS Motors,753.8,0.8832976445396046,726.8,706.1109999999999,
2017-12-12,745.05,765.65,745.05,760.0,760.9894693907821,188783,1434,143661875.0,159177.0,84.32,20.6,14.95,TVS Motors,760.0,0.8224993366940936,729.75,708.141,
2017-12-13,767.9,767.9,742.15,745.25,753.8315177216667,308436,947,232508778.0,289965.0,94.01,25.75,-22.65,TVS Motors,745.25,-1.9407894736842124,732.2075000000001,709.9529999999999,
2017-12-14,745.0,753.55,742.0,750.3,746.8701617490941,223247,628,166736523.0,206042.0,92.29,11.55,5.3,TVS Motors,750.3,0.6776249580677574,734.4575,711.883,
2017-12-15,750.3,770.0,750.3,759.1,761.6330497550915,19395,710,14771873.0,4845.0,24.98,19.7,8.8,TVS Motors,759.1,1.1728641876582735,736.9825,713.9639999999999,
2017-12-18,765.0,770.1,745.65,761.3,759.1982578257021,49708,3239,37738227.0,20446.0,41.13,24.45,-3.7,TVS Motors,761.3,0.289816888420491,739.6125,715.997,
2017-12-19,762.0,792.85,762.0,785.3,779.1840832710977,107120,1721,83466199.0,28104.0,26.24,30.85,23.3,TVS Motors,785.3,3.1525022986995888,743.4625,718.1859999999999,
2017-12-20,786.15,792.35,777.2,778.45,782.7209026394142,44669,1277,34963360.0,9900.0,22.16,15.15,-7.7,TVS Motors,778.45,-0.8722781102763144,746.4475,720.0390000000001,
2017-12-21,780.0,782.0,775.0,777.4,778.0896982875781,14716,423,11450368.0,3119.0,21.19,7.0,-2.6,TVS Motors,777.4,-0.13488342218511695,748.525,721.9240000000001,
2017-12-22,787.9,787.9,771.45,774.85,777.9926729627671,537052,1141,417822521.0,14132.0,2.63,16.45,-13.05,TVS Motors,774.85,-0.3280164651402018,750.3025,723.492,
2017-12-26,778.9,778.9,768.0,769.95,770.776192417448,19624,444,15125712.0,4105.0,20.92,10.9,-8.95,TVS Motors,769.95,-0.6323804607343275,751.5375,724.911,
2017-12-27,769.0,777.0,763.55,769.0,769.1953927138167,19187,514,14758552.0,5296.0,27.6,13.45,0.0,TVS Motors,769.0,-0.1233846353659418,752.8325,726.283,
2017-12-28,782.9,782.9,760.0,763.05,765.4128547362964,15434,389,11813382.0,5342.0,34.61,22.9,-19.85,TVS Motors,763.05,-0.7737321196358948,754.1925,727.762,
2017-12-29,763.05,777.5,763.05,771.3,771.1811786031569,111437,552,85938117.0,5697.0,5.11,14.45,8.25,TVS Motors,771.3,1.0811873402791328,756.8175,729.387,
2018-01-01,764.0,776.2,764.0,766.35,768.1720972740999,25166,474,19331819.0,7201.0,28.61,12.2,2.35,TVS Motors,766.35,-0.641773628938147,758.9125,730.9960000000001,
2018-01-02,786.4,794.9,766.95,775.6,782.6891326651408,177394,3296,138844356.0,35046.0,19.76,27.95,-10.8,TVS Motors,775.6,1.2070202909897576,761.42,732.796,
2018-01-03,783.8,783.8,767.05,770.4,773.3615234245577,60364,2959,46683195.0,13964.0,23.13,16.75,-13.4,TVS Motors,770.4,-0.6704486848891245,763.075,734.3270000000001,
2018-01-04,775.0,775.0,761.35,765.95,765.6981286510364,89187,2267,68290319.0,8005.0,8.98,13.65,-9.05,TVS Motors,765.95,-0.577622014537893,764.6675,735.778,
2018-01-05,767.0,775.25,765.6,767.9,770.3084386321462,56585,1116,43587903.0,8866.0,15.67,9.65,0.9,TVS Motors,767.9,0.25458580847312895,765.6225,736.724,
2018-01-08,765.0,771.05,764.0,767.0,767.805743486397,55576,1059,42671572.0,9121.0,16.41,7.05,2.0,TVS Motors,767.0,-0.11720276077613612,766.6125,737.703,
2018-01-09,769.45,783.0,767.55,771.65,775.9625843675159,91860,1593,71279923.0,16813.0,18.3,15.45,2.2,TVS Motors,771.65,0.6062581486310226,767.5049999999999,738.6820000000001,
2018-01-10,771.5,775.35,765.0,768.25,769.5033769954973,48860,1042,37597935.0,6296.0,12.89,10.35,-3.25,TVS Motors,768.25,-0.44061426812673776,767.9174999999999,739.541,
2018-01-11,768.0,769.2,754.0,755.65,762.9656852517763,81481,1558,62167207.0,18651.0,22.89,15.2,-12.35,TVS Motors,755.65,-1.6400911161731258,768.4375,740.4739999999999,
2018-01-12,750.0,766.0,740.3,750.85,746.5076721526242,61065,1520,45585491.0,15082.0,24.7,25.7,0.85,TVS Motors,750.85,-0.6352147158075749,768.4649999999999,741.3270000000001,
2018-01-15,760.0,763.0,735.5,740.05,748.8406924081693,81917,1365,61342783.0,11099.0,13.55,27.5,-19.95,TVS Motors,740.05,-1.4383698475061713,767.5125,742.23,
2018-01-16,741.1,741.1,717.3,722.65,727.4001881821603,53140,1197,38654046.0,13232.0,24.9,23.8,-18.45,TVS Motors,722.65,-2.3511924869941137,765.58,742.557,
2018-01-17,720.0,733.0,707.95,730.9,724.6587319485161,119727,2149,86761216.0,20934.0,17.48,25.05,10.9,TVS Motors,730.9,1.1416314951913087,762.8599999999999,743.018,
2018-01-18,737.0,737.0,703.9,718.3,718.5535360248103,90285,2760,64874606.0,24897.0,27.58,33.1,-18.7,TVS Motors,718.3,-1.7239020385825699,759.8525,743.4959999999999,
2018-01-19,719.0,721.2,708.4,715.4,715.1076888091568,39577,1609,28301817.0,11239.0,28.4,12.8,-3.6,TVS Motors,715.4,-0.40373103160239454,756.7525,743.914,
2018-01-22,708.0,722.15,708.0,714.4,716.4133832794143,29365,1685,21037479.0,10436.0,35.54,14.15,6.4,TVS Motors,714.4,-0.13978194017333356,753.73,744.044,
2018-01-23,719.75,720.45,705.2,707.0,711.7726739110803,66442,2219,47291600.0,27509.0,41.4,15.25,-12.75,TVS Motors,707.0,-1.0358342665173548,750.5825,744.191,
2018-01-24,700.0,716.4,700.0,707.4,710.2421647271495,44255,872,31431767.0,13370.0,30.21,16.4,7.4,TVS Motors,707.4,0.05657708628006297,747.5024999999999,744.3190000000001,
2018-01-25,703.3,718.0,703.05,704.85,708.8557162311134,61684,1120,43725056.0,18277.0,29.63,14.95,1.55,TVS Motors,704.85,-0.36047497879558854,744.5925,744.4939999999999,
2018-01-29,704.85,721.5,704.85,719.7,715.5827979701269,820938,1605,587449111.0,780742.0,95.1,16.65,14.85,TVS Motors,719.7,2.1068312406895107,742.0125,744.7819999999999,SELL
2018-01-30,725.0,734.0,694.6,712.9,712.5615682427912,307886,6542,219387731.0,45069.0,14.64,39.4,-12.1,TVS Motors,712.9,-0.9448381269973716,739.34,744.868,
2018-01-31,713.0,717.25,684.0,695.1,692.3489324540008,166035,3333,114954155.0,37969.0,22.87,33.25,-17.9,TVS Motors,695.1,-2.496843877121613,735.3149999999999,744.5959999999999,
2018-02-01,697.0,697.35,668.4,674.05,680.7973388438082,138887,3569,94553900.0,29494.0,21.24,28.95,-22.95,TVS Motors,674.05,-3.028341245863919,730.4975000000001,743.9110000000001,
2018-02-02,674.05,674.05,640.1,644.8,653.7151752969597,159786,3371,104454533.0,20487.0,12.82,33.95,-29.25,TVS Motors,644.8,-4.339440694310515,724.4399999999999,742.4320000000001,
2018-02-05,638.05,660.7,620.05,659.1,644.0322879743472,103537,2224,66681171.0,19798.0,19.12,40.65,21.05,TVS Motors,659.1,2.2177419354838745,719.0,740.8969999999999,
2018-02-06,648.0,662.4,602.05,649.35,635.9366114205045,179922,3795,114418987.0,28688.0,15.94,60.35,1.35,TVS Motors,649.35,-1.4792899408283988,713.1175000000001,739.0980000000001,
2018-02-07,652.3,668.2,645.95,648.0,654.8445701429017,221341,2092,144943952.0,11905.0,5.38,22.25,-4.3,TVS Motors,648.0,-0.20790020790021346,706.9350000000001,737.153,
2018-02-08,645.0,670.0,644.65,665.5,658.9730995599074,56579,1171,37284039.0,10679.0,18.87,25.35,20.5,TVS Motors,665.5,2.7006172839506126,701.7975,735.6010000000001,
2018-02-09,660.0,671.6,651.95,663.65,662.4613430599883,46059,1112,30512307.0,10284.0,22.33,19.65,3.65,TVS Motors,663.65,-0.2779864763335915,697.1975,734.1569999999999,
2018-02-12,664.0,673.05,658.0,661.5,666.2282748963511,36421,840,24264700.0,8454.0,23.21,15.05,-2.5,TVS Motors,661.5,-0.32396594590521355,692.73,733.0110000000001,
2018-02-14,655.0,668.7,647.7,651.75,658.7850209574233,54396,944,35835270.0,15308.0,28.14,21.0,-3.25,TVS Motors,651.75,-1.473922902494329,688.3149999999999,731.557,
2018-02-15,647.25,661.35,647.25,655.9,655.37811922366,43280,1353,28364765.0,7698.0,17.79,14.1,8.65,TVS Motors,655.9,0.6367472190256906,684.9775,730.166,
2018-02-16,656.0,660.85,643.0,652.45,650.1760888468698,514053,831,334224969.0,478085.0,93.0,17.85,-3.55,TVS Motors,652.45,-0.5259948162829597,681.0550000000001,728.4689999999999,
2018-02-19,653.0,657.75,637.0,652.25,647.9331587049929,43521,984,28198699.0,5366.0,12.33,20.75,-0.75,TVS Motors,652.25,-0.030653689937931716,677.7524999999999,726.832,
2018-02-20,652.35,654.45,645.3,650.2,649.8444076613857,38061,889,24733728.0,6028.0,15.84,9.15,-2.15,TVS Motors,650.2,-0.31429666538903556,674.4925,724.86,
2018-02-21,653.2,653.45,628.0,635.5,636.9984223271287,81766,2312,52084813.0,15060.0,18.42,25.45,-17.7,TVS Motors,635.5,-2.2608428175945883,670.5475,722.6259999999999,
2018-02-22,640.0,641.0,624.7,630.5,633.4942292015273,46614,1010,29529700.0,7165.0,15.37,16.3,-9.5,TVS Motors,630.5,-0.7867820613689958,666.7225000000001,720.16,
2018-02-23,635.0,669.95,635.0,666.65,646.5339737724915,295110,2503,190798641.0,243681.0,82.57,34.95,31.65,TVS Motors,666.65,5.733544805709756,664.6850000000001,718.293,
2018-02-26,668.0,681.65,667.9,679.3,676.2672429514536,54834,993,37082438.0,10135.0,18.48,13.75,11.3,TVS Motors,679.3,1.8975474386859537,663.4075,716.974,
2018-02-27,685.0,693.0,673.5,675.8,679.3417212735378,41051,845,27887657.0,7068.0,17.22,19.5,-9.2,TVS Motors,675.8,-0.5152362726335902,661.2125,715.4839999999999,
2018-02-28,680.0,683.5,668.05,681.05,674.726082842725,152192,873,102687912.0,135814.0,89.24,15.45,1.05,TVS Motors,681.05,0.7768570583012835,659.62,713.923,
2018-03-01,681.0,687.3,674.1,676.8,679.5861412660369,42558,776,28921827.0,9215.0,21.65,13.2,-4.2,TVS Motors,676.8,-0.624036414360174,658.7049999999999,712.2330000000001,
2018-03-05,679.5,686.7,661.15,664.5,674.4168091901137,66071,1554,44559393.0,11222.0,16.98,25.55,-15.0,TVS Motors,664.5,-1.817375886524819,658.2275,709.8170000000001,
2018-03-06,664.85,670.2,641.05,645.1,652.5896317829457,45408,990,29632790.0,11679.0,25.72,29.15,-19.75,TVS Motors,645.1,-2.919488337095555,658.2425000000001,707.15,
2018-03-07,644.0,644.0,629.15,634.0,636.6864480055337,34696,824,22090473.0,5828.0,16.8,14.85,-10.0,TVS Motors,634.0,-1.720663463028993,656.9875,704.2819999999999,
2018-03-08,635.0,649.3,621.85,646.1,634.0082684643749,53698,1310,34044976.0,7685.0,14.31,27.45,11.1,TVS Motors,646.1,1.9085173501577346,656.825,701.707,
2018-03-09,650.0,650.45,636.2,645.7,643.725207879904,35838,907,23069824.0,4366.0,12.18,14.25,-4.3,TVS Motors,645.7,-0.06190992106485105,656.7099999999999,699.222,
2018-03-12,652.0,656.5,642.55,650.0,649.264979093117,39939,831,25930994.0,10142.0,25.39,13.95,-2.0,TVS Motors,650.0,0.6659439368127629,655.935,696.842,
2018-03-13,645.0,657.55,636.8,642.7,646.2492783835792,49888,1089,32240084.0,7864.0,15.76,20.75,-2.3,TVS Motors,642.7,-1.1230769230769155,654.8875,694.435,
2018-03-14,640.0,645.8,632.05,642.75,641.531319237397,73118,1446,46907487.0,12157.0,16.63,13.75,2.75,TVS Motors,642.75,0.007779679477204482,653.95,691.864,
2018-03-15,658.0,658.0,640.0,643.0,646.14593453778,54963,2281,35514119.0,14627.0,26.61,18.0,-15.0,TVS Motors,643.0,0.0388953714507867,653.5125,689.3969999999999,
2018-03-16,643.1,643.1,628.8,631.65,637.1451054365269,35519,1294,22630757.0,12707.0,35.78,14.3,-11.45,TVS Motors,631.65,-1.7651632970451026,652.3,686.518,
2018-03-19,630.0,632.85,606.0,614.7,615.1600913937548,72215,1858,44423786.0,11351.0,15.72,26.85,-15.3,TVS Motors,614.7,-2.683448112087383,650.4125,683.404,
2018-03-20,610.0,627.0,608.1,623.2,619.7126087363202,42764,1317,26501390.0,6494.0,15.19,18.9,13.2,TVS Motors,623.2,1.3827883520416417,648.96,680.549,
2018-03-21,625.5,628.65,611.2,615.4,619.3534069912138,26519,790,16424633.0,5038.0,19.0,17.45,-10.1,TVS Motors,615.4,-1.2516046213093768,647.22,677.4989999999999,
2018-03-22,612.0,625.0,602.65,605.55,608.5084622092505,56191,1217,34192699.0,10071.0,17.92,22.35,-6.45,TVS Motors,605.55,-1.600584985375364,645.7225000000001,674.27,
2018-03-23,600.0,614.7,588.45,609.4,603.5499931119989,108885,1673,65717541.0,55026.0,50.54,26.25,9.4,TVS Motors,609.4,0.6357856494096259,644.6675,671.025,
2018-03-26,603.5,627.4,602.5,619.75,615.3866483217244,34887,956,21468994.0,11310.0,32.42,24.9,16.25,TVS Motors,619.75,1.6983918608467485,642.3225,668.055,
2018-03-27,625.0,627.45,615.2,616.85,619.3670093157725,24904,705,15424716.0,7801.0,31.32,12.25,-8.15,TVS Motors,616.85,-0.46793061718434226,639.2,665.279,
2018-03-28,611.0,621.0,606.65,616.95,614.1930460634845,55163,1483,33880731.0,16919.0,30.67,14.35,5.95,TVS Motors,616.95,0.016211396611831574,636.2575,662.6010000000001,
2018-04-02,622.3,666.1,620.0,662.3,651.3277545721381,141728,3566,92311380.0,17572.0,12.4,46.1,40.0,TVS Motors,662.3,7.350676716103388,635.3199999999999,661.046,
2018-04-03,659.8,659.8,642.55,649.35,649.6874548891561,58190,1884,37805313.0,12489.0,21.46,17.25,-10.45,TVS Motors,649.35,-1.9553072625698276,633.9475,659.58,
2018-04-04,650.0,654.55,640.0,645.35,648.3844055267095,45452,1166,29470368.0,6986.0,15.37,14.55,-4.65,TVS Motors,645.35,-0.6160006160006115,632.99,657.8689999999999,
2018-04-05,643.15,656.15,643.15,648.8,648.9199146954008,35637,730,23125559.0,9599.0,26.94,13.0,5.65,TVS Motors,648.8,0.5345936313628119,633.175,656.4789999999999,
2018-04-06,651.0,653.95,638.0,645.4,643.439163270199,50052,1601,32205417.0,20711.0,41.38,15.95,-5.6,TVS Motors,645.4,-0.5240443896424085,633.745,655.0790000000001,
2018-04-09,654.0,654.0,642.0,645.75,645.9338896973657,33671,1160,21749240.0,7407.0,22.0,12.0,-8.25,TVS Motors,645.75,0.05422993492407713,633.7275,653.706,
2018-04-10,642.0,651.8,639.35,641.3,643.0724712347587,34938,807,22467666.0,8990.0,25.73,12.45,-0.7,TVS Motors,641.3,-0.6891211769260663,633.5075,652.3919999999999,
2018-04-11,636.05,642.35,628.8,630.0,630.3217036618565,546963,1473,344762650.0,493553.0,90.24,13.55,-6.05,TVS Motors,630.0,-1.7620458443786013,632.5075,650.8439999999999,
2018-04-12,625.0,646.05,624.0,642.15,640.154096694764,76757,1700,49136308.0,32717.0,42.62,22.05,17.15,TVS Motors,642.15,1.928571428571435,632.48,649.59,
2018-04-13,645.0,670.0,639.0,662.15,656.7290953370832,196272,5756,128897533.0,89024.0,45.36,31.0,17.15,TVS Motors,662.15,3.1145371019232204,633.45,648.439,
2018-04-16,654.8,677.3,652.15,675.5,669.3449708054349,107383,2318,71876271.0,23777.0,22.14,25.15,20.7,TVS Motors,675.5,2.016159480480262,635.075,647.691,
2018-04-17,677.0,689.0,670.2,674.2,680.3496531248162,136072,4115,92576538.0,31810.0,23.38,18.8,-2.8,TVS Motors,674.2,-0.19245003700961716,637.2025000000001,647.2729999999999,
2018-04-18,674.2,679.0,665.9,674.75,673.0060726156993,62576,2472,42114028.0,14766.0,23.6,13.1,0.55,TVS Motors,674.75,0.08157816671610085,640.205,647.2869999999999,
2018-04-19,674.75,681.85,671.4,674.7,675.470797740616,35939,3817,24275745.0,10270.0,28.58,10.45,-0.05,TVS Motors,674.7,-0.0074101519081049005,642.78,647.885,
2018-04-20,669.0,676.65,663.5,667.65,667.524947320891,26576,707,17740143.0,4818.0,18.13,13.15,-1.35,TVS Motors,667.65,-1.0449088483770685,645.3924999999999,648.056,
2018-04-23,665.0,680.55,660.0,664.5,673.9993145990404,33557,776,22617395.0,6766.0,20.16,20.55,-0.5,TVS Motors,664.5,-0.4718040889687636,648.3399999999999,648.359,
2018-04-24,661.1,670.85,659.15,663.9,664.6371695974847,54706,979,36359641.0,16043.0,29.33,11.7,2.8,TVS Motors,663.9,-0.09029345372461028,651.065,648.677,BUY
2018-04-25,660.15,668.5,654.45,655.75,656.7991817916167,92397,1158,60686274.0,56752.0,61.42,14.05,-4.4,TVS Motors,655.75,-1.2275945172465663,652.865,648.482,
2018-04-26,655.25,662.75,645.3,651.75,656.0394124746,96949,1950,63602365.0,55485.0,57.23,17.45,-3.5,TVS Motors,651.75,-0.6099885627144475,654.61,648.2439999999999,
2018-04-27,646.5,669.95,646.5,668.25,665.1016992031033,47434,1653,31548434.0,13486.0,28.43,23.45,21.75,TVS Motors,668.25,2.5316455696202445,657.175,648.3789999999999,
2018-04-30,693.4,693.4,664.75,667.75,668.9416330217724,54243,1526,36285401.0,13460.0,24.81,28.65,-25.65,TVS Motors,667.75,-0.07482229704451893,657.4475,648.699,
2018-05-02,675.0,675.0,632.95,637.55,650.0938276458562,127180,2671,82678933.0,26391.0,20.75,42.05,-37.45,TVS Motors,637.55,-4.522650692624497,656.8575,648.332,
2018-05-03,636.0,644.0,630.0,637.9,635.454806287201,56114,1551,35657911.0,9903.0,17.65,14.0,1.9,TVS Motors,637.9,0.054897655085883734,656.4849999999999,648.0409999999999,
2018-05-04,640.0,643.05,608.1,616.25,618.1560991555434,91775,3020,56731276.0,32020.0,34.89,34.95,-23.75,TVS Motors,616.25,-3.393948894811094,654.8575,647.321,
2018-05-07,620.0,630.0,611.4,627.6,621.9576742783519,72958,1786,45376788.0,17004.0,23.31,18.6,7.6,TVS Motors,627.6,1.8417849898580085,653.9675,646.8689999999999,
2018-05-08,628.55,638.7,622.5,625.0,629.3340392511882,61858,1727,38929345.0,15128.0,24.46,16.2,-3.55,TVS Motors,625.0,-0.4142766093052974,652.9300000000001,646.659,
2018-05-09,634.0,634.0,617.15,621.15,623.9473603672533,32675,739,20387480.0,7823.0,23.94,16.85,-12.85,TVS Motors,621.15,-0.6160000000000054,651.9224999999999,646.472,
2018-05-10,629.9,629.9,614.15,617.6,619.9462215630783,146992,1139,91127135.0,122375.0,83.25,15.75,-12.3,TVS Motors,617.6,-0.5715205666908085,651.3025,645.4910000000001,
2018-05-11,614.0,629.5,614.0,624.4,625.9356548601116,28487,740,17831029.0,7565.0,26.56,15.5,10.4,TVS Motors,624.4,1.1010362694300335,650.415,644.3929999999999,
2018-05-14,628.55,631.25,617.6,619.55,624.000803369282,82154,1379,51264162.0,22829.0,27.79,13.65,-9.0,TVS Motors,619.55,-0.7767456758488223,648.2850000000001,643.2679999999999,
2018-05-15,614.0,628.5,614.0,621.35,621.9212789768186,31275,741,19450588.0,6853.0,21.91,14.5,7.35,TVS Motors,621.35,0.2905334516988267,645.5775,642.0740000000001,
2018-05-16,626.0,630.0,580.4,610.1,608.6904045357592,1371325,9778,834712369.0,858403.0,62.6,49.6,-15.9,TVS Motors,610.1,-1.8105737507041142,642.3725,640.74,
2018-05-17,580.0,607.15,580.0,590.65,592.848593114576,303685,5298,180039225.0,35924.0,11.83,27.15,10.65,TVS Motors,590.65,-3.1880019668906856,638.1674999999999,639.263,SELL
2018-05-18,595.65,595.65,557.4,572.15,568.331675592961,203892,4059,115878282.0,45703.0,22.42,38.25,-23.5,TVS Motors,572.15,-3.1321425548125004,633.0400000000001,637.804,
2018-05-21,585.0,585.0,553.55,562.6,561.9339115121104,82904,1510,46586569.0,18895.0,22.79,31.45,-22.4,TVS Motors,562.6,-1.669142707331983,627.7875,636.376,
2018-05-22,570.0,574.95,560.85,563.75,568.6354923139309,54254,1285,30850750.0,13998.0,25.8,14.1,-6.25,TVS Motors,563.75,0.2044081052257285,622.75,634.729,
2018-05-23,563.8,576.0,563.3,565.05,570.0958415575094,44584,994,25417153.0,8273.0,18.56,12.7,1.25,TVS Motors,565.05,0.23059866962304998,617.8075,633.116,
2018-05-24,566.0,569.6,537.75,542.05,549.392686221978,87342,1870,47985056.0,34651.0,39.67,31.85,-23.95,TVS Motors,542.05,-4.070436244580122,612.1225,630.957,
2018-05-25,540.0,568.4,536.9,564.45,553.4445362674726,127056,2033,70318449.0,27316.0,21.5,31.5,24.45,TVS Motors,564.45,4.132460105156377,607.7574999999999,629.3919999999999,
2018-05-28,570.0,589.65,563.9,584.9,581.8750263198529,71239,1366,41452195.0,13515.0,18.97,25.75,14.9,TVS Motors,584.9,3.6229958366551296,603.5899999999999,628.2349999999999,
2018-05-29,584.0,600.4,579.95,594.1,593.944684183052,57470,1038,34134001.0,9279.0,16.15,20.45,10.1,TVS Motors,594.1,1.572918447597882,599.9075,627.257,
2018-05-30,599.0,608.8,581.0,604.8,597.5280214270301,78779,1411,47072660.0,11842.0,15.03,27.8,5.8,TVS Motors,604.8,1.8010435953543125,598.27,626.72,
2018-05-31,604.0,607.65,585.0,587.85,595.5558642196572,55796,1579,33229635.0,12069.0,21.63,22.65,-16.15,TVS Motors,587.85,-2.8025793650793496,595.7675,626.183,
2018-06-01,591.0,598.25,584.0,595.7,590.8635352487706,565963,2544,334406899.0,427776.0,75.58,14.25,4.7,TVS Motors,595.7,1.3353746704091174,594.74,625.6329999999999,
2018-06-04,600.0,602.9,556.85,566.15,575.8271366527066,128940,2548,74247151.0,13002.0,10.08,46.05,-33.85,TVS Motors,566.15,-4.960550612724535,591.6675,624.648,
2018-06-05,566.5,575.3,559.4,566.25,566.7468178781286,58373,1083,33082712.0,13234.0,22.67,15.9,-0.25,TVS Motors,566.25,0.01766316347258101,588.73,623.862,
2018-06-06,568.8,576.65,559.0,568.1,567.4716015858361,276195,1957,156732819.0,202930.0,73.47,17.65,-0.7,TVS Motors,568.1,0.3267108167770427,586.0775000000001,623.036,
2018-06-07,572.0,578.95,569.45,575.45,574.608958363912,40878,891,23488865.0,8796.0,21.52,9.5,3.45,TVS Motors,575.45,1.293786305227962,583.97,622.15,
2018-06-08,579.9,584.1,569.35,580.2,576.5854206876073,47149,695,27185426.0,7735.0,16.41,14.75,0.3,TVS Motors,580.2,0.8254409592492795,581.76,621.4169999999999,
2018-06-11,585.0,593.25,577.85,584.05,587.1051074858973,65590,990,38508224.0,13193.0,20.11,15.4,-0.95,TVS Motors,584.05,0.6635642881764658,579.9849999999999,620.759,
2018-06-12,584.95,587.0,578.4,581.5,582.35516202742,19256,532,11213831.0,5892.0,30.6,8.6,-3.45,TVS Motors,581.5,-0.4366064549267912,577.9925000000001,619.1429999999999,
2018-06-13,589.0,589.0,573.6,576.4,579.6390871728314,18492,704,10718686.0,5639.0,30.49,15.4,-12.6,TVS Motors,576.4,-0.8770421324161726,576.3075,617.684,
2018-06-14,576.5,587.95,568.95,584.4,576.9697784718608,34578,668,19950461.0,9059.0,26.2,19.0,7.9,TVS Motors,584.4,1.3879250520471897,575.9950000000001,616.465,
2018-06-15,584.4,591.0,577.1,581.75,584.0091265485338,31885,672,18621131.0,6425.0,20.15,13.9,-2.65,TVS Motors,581.75,-0.45345653661874596,576.475,615.1239999999999,
2018-06-18,588.0,600.7,588.0,594.45,594.955915448822,70206,1413,41769475.0,14874.0,21.19,12.7,6.45,TVS Motors,594.45,2.183068328319737,578.0675,614.105,
2018-06-19,594.0,598.5,583.55,590.7,588.6436699485928,57385,1010,33779317.0,14407.0,25.11,14.95,-3.3,TVS Motors,590.7,-0.6308352258390104,579.4150000000001,613.004,
2018-06-20,583.05,590.0,578.45,585.15,585.271507944934,28257,921,16538017.0,7043.0,24.92,11.55,2.1,TVS Motors,585.15,-0.9395632300660317,580.42,611.8810000000001,
2018-06-21,584.8,589.95,575.6,580.25,580.7923923586219,71139,2257,41316990.0,23165.0,32.56,14.35,-4.55,TVS Motors,580.25,-0.8373921216781932,582.33,610.8860000000001,
2018-06-22,580.5,585.15,576.95,582.6,582.2845433255269,24766,588,14420859.0,6185.0,24.97,8.2,2.1,TVS Motors,582.6,0.40499784575613873,583.2375,609.695,
2018-06-25,579.5,604.0,579.5,597.4,597.7674573975436,109266,2378,65315659.0,17443.0,15.96,24.5,17.9,TVS Motors,597.4,2.540336422931677,583.8625,608.4,
2018-06-26,597.0,597.0,581.25,585.85,588.2249493750437,57284,1707,33695878.0,7992.0,13.95,15.75,-11.15,TVS Motors,585.85,-1.9333779712085608,583.45,606.607,
2018-06-27,581.0,584.5,560.75,568.6,576.2927642633715,38683,1325,22292733.0,9901.0,25.6,23.75,-12.4,TVS Motors,568.6,-2.9444397029956493,581.6400000000001,604.495,
2018-06-28,564.9,573.2,553.1,556.65,559.1609160107956,61877,1606,34599200.0,12483.0,20.17,20.1,-8.25,TVS Motors,556.65,-2.101653183257135,580.08,602.133,
2018-06-29,560.0,562.1,548.5,552.3,552.8110412209841,62638,2092,34626978.0,13164.0,21.02,13.6,-7.7,TVS Motors,552.3,-0.7814605227701499,577.91,599.685,
2018-07-02,570.0,570.5,550.4,556.4,558.8413004919222,114449,2552,63958828.0,9501.0,8.3,20.1,-13.6,TVS Motors,556.4,0.7423501720079662,577.4224999999999,597.46,
2018-07-03,553.3,564.5,552.8,559.45,559.7172737583415,37913,1017,21220561.0,4736.0,12.49,11.7,6.15,TVS Motors,559.45,0.5481667864845496,577.0825,595.3589999999999,
2018-07-04,561.5,584.3,560.6,581.1,573.2684644867235,57922,1337,33204856.0,9173.0,15.84,23.7,19.6,TVS Motors,581.1,3.8698721959066873,577.7325,593.703,
2018-07-05,586.0,586.0,565.05,570.25,573.7159458422409,36486,893,20932600.0,4349.0,11.92,20.95,-15.75,TVS Motors,570.25,-1.8671485114438169,577.4725000000001,591.993,
2018-07-06,570.0,587.25,567.05,577.45,581.2393987315976,61337,1567,35651481.0,7396.0,12.06,20.2,7.45,TVS Motors,577.45,1.2626041209995664,577.3349999999999,590.5070000000001,
2018-07-09,579.0,594.0,579.0,589.5,589.5614856069469,60689,1222,35779897.0,8561.0,14.11,15.0,10.5,TVS Motors,589.5,2.0867607585072223,577.6075,588.932,
2018-07-10,595.75,595.75,583.0,585.95,588.4761902348027,197272,2858,116089875.0,8252.0,4.18,12.75,-9.8,TVS Motors,585.95,-0.6022052586937998,577.83,587.296,
2018-07-11,584.3,588.35,578.0,579.25,580.7137370652022,379113,2366,220156127.0,205630.0,54.24,10.35,-5.05,TVS Motors,579.25,-1.1434422732315097,577.9725000000001,586.13,
2018-07-12,583.0,592.05,575.35,578.4,585.5469641294839,57150,1490,33464009.0,9234.0,16.16,16.7,-4.6,TVS Motors,578.4,-0.14674147604661902,577.6724999999999,584.94,
2018-07-13,580.05,585.05,569.0,583.0,577.8227138643068,47460,1391,27423466.0,8318.0,17.53,16.05,2.95,TVS Motors,583.0,0.7952973720608547,577.7349999999999,584.275,
2018-07-16,583.05,589.0,563.6,571.4,581.6414695106365,70418,1792,40958029.0,6273.0,8.91,25.4,-11.65,TVS Motors,571.4,-1.989708404802748,576.5825,583.1510000000001,
2018-07-17,568.0,579.95,564.75,572.85,573.2475074190312,46839,1044,26850340.0,5316.0,11.35,15.2,4.85,TVS Motors,572.85,0.25376268813441794,575.6899999999999,582.1080000000001,
2018-07-18,575.25,577.9,560.8,568.7,570.0012512944425,46352,1008,26420698.0,7406.0,15.98,17.1,-6.55,TVS Motors,568.7,-0.7244479357597977,574.8675000000001,581.059,
2018-07-19,568.0,575.5,561.65,563.7,566.9987931371909,30658,915,17383049.0,6402.0,20.88,13.85,-4.3,TVS Motors,563.7,-0.8791981712678032,574.04,579.981,
2018-07-20,562.45,569.0,561.0,564.4,564.975352594824,36515,1018,20630075.0,3112.0,8.52,8.0,1.95,TVS Motors,564.4,0.12417952811778488,573.13,578.781,
2018-07-23,564.0,564.0,524.25,540.3,537.8702432109156,180584,5449,97130760.0,22633.0,12.53,39.75,-23.7,TVS Motors,540.3,-4.270021261516654,570.275,577.196,
2018-07-24,540.0,554.8,530.4,551.85,544.667724761089,119082,3436,64860122.0,16455.0,13.82,24.4,11.85,TVS Motors,551.85,2.1377012770683157,568.575,575.806,
2018-07-25,551.0,551.0,535.6,540.5,540.5515705698078,59055,2328,31922273.0,9033.0,15.3,15.4,-10.5,TVS Motors,540.5,-2.056718311135275,567.17,574.414,
2018-07-26,541.9,541.9,518.25,524.85,527.6123871744176,116330,3485,61377149.0,26732.0,22.98,23.65,-17.05,TVS Motors,524.85,-2.895467160037002,565.58,573.098,
2018-07-27,530.0,531.05,523.4,526.1,526.6294284420936,83946,1707,44208434.0,12081.0,14.39,7.65,-3.9,TVS Motors,526.1,0.2381632847480164,564.2700000000001,572.177,
2018-07-30,527.0,528.75,511.0,513.65,513.2858052348755,1083808,3068,556303262.0,976880.0,90.13,17.75,-13.35,TVS Motors,513.65,-2.366470252803654,562.1325,571.198,
2018-07-31,520.75,520.75,507.35,517.45,515.9609111148573,344062,2626,177522543.0,233599.0,67.89,13.4,-3.3,TVS Motors,517.45,0.7398033680521943,560.0325,570.2719999999999,
